文件标题, 正文标题, 公告类型, 行政区, 供应公告标题, 发布时间, 出让文件获取时间,出让文件获取地址,保证金截止时间, 确认竞买资格时间, 联系地址, 联系电话, 联系人, 开户单位, 开户银行, 银行账号, 宗地编号,宗地面积, 宗地坐落, 缛媚晗, 容积率, 建筑密度(%), 绿地率(%), 建筑限高(米),土地用途, 投资强度, 保证金, 估价报告备案号, 现状土地条件, 起始价, 加价幅度,挂牌截止时间, 挂牌开始时间, 基础设施配套,是否土地平整, 排污设施状况, 备注, 爬取时间, 爬取地址url, 唯一标识, 
英德市自然资源局国有土地使用权挂牌出让公告(英公易土告字[2020]035号),英德市自然资源局国有土地使用权挂牌出让公告(英公易土告字[2020]035号),挂牌,英德市,英德市自然资源局国有土地使用权挂牌出让公告(英公易土告字[2020]035号),2020-04-15,2020年04月15日 至 2020年05月13日,http://www.ydjyzx.cn/gtzy ,2020-05-13 17:00,2020-05-13 17:00,英德市英城金子山一号路财政局大楼一楼清远市公共资源交易英德分中心,0763-2668091,0763-2668091,,,,101700,62164,英德市望埠镇宝墩湖以北,50年,大于1并且小于或等于2,,大于或等于35,,城镇住宅用地,万元/公顷,3750万元,,场地平整：  基础设施：,7500万元,75万元,2020-05-15 16:00,2020-05-05 09:00,{JCSSPT},{SFTDPZ},{SFJBPWSS},,2020-04-17 10:32:51,http://jcjg.nr.gd.gov.cn:8088/GisqReport7.0/ReportServer?_=1587090761573&__boxModel__=true&op=page_content&sessionID=29645&pn=1,82fa3c35b6afd92ac2f2ec752795dd7b,
仲恺高新区国土资源分局国有土地使用权挂牌出让公告(惠公易土仲恺[2020]018号),仲恺高新区国土资源分局国有土地使用权挂牌出让公告(惠公易土仲恺[2020]018号),挂牌,仲恺高新区分局,仲恺高新区国土资源分局国有土地使用权挂牌出让公告(惠公易土仲恺[2020]018号),2020-04-11,2020年04月11日 至 2020年05月19日,惠州市公共资源交易中心仲恺分中心 ,2020-05-19 09:00,2020-05-19 09:00,广东省惠州市仲恺高新区和畅五路人才服务大厦10楼,0752-3278419,0752-3278419,,,,GZK2020-19,36400平方米,惠州仲恺高新区潼湖镇三和村,50年,大于或等于1,,大于或等于15并且小于或等于20,,工业用地,8500万元/公顷,1676万元,,,3353万元,30万元,2020-05-19 10:00,2020-05-06 09:00,{JCSSPT},{SFTDPZ},{SFJBPWSS},,2020-04-17 10:32:52,http://jcjg.nr.gd.gov.cn:8088/GisqReport7.0/ReportServer?_=1587090762108&__boxModel__=true&op=page_content&sessionID=2399&pn=1,9e63f86844fbf58c75e796b87c7795e6,
德庆县自然资源局国有土地使用权拍卖出让公告(德自然资告字[2020]004号),德庆县自然资源局国有土地使用权拍卖出让公告(德自然资告字[2020]004号),拍卖,德庆县,德庆县自然资源局国有土地使用权拍卖出让公告(德自然资告字[2020]004号),2020-04-09,2020年04月09日 至 2020年04月28日,肇庆市公共资源交易中心德庆分中心网上交易系统(http://ggzy.zhaoqing.gov.cn/) 获取 拍卖 出让文件,,,德庆县德庆大道林业局大楼内,0758-7788639,0758-7788639,,,,DQ2020-03,6903平方米,德庆县城官圩镇、高良镇区域地块一至地块四十四,50年,大于或等于1,,,,公用设施用地,万元/公顷,28万元,,现状土地条件：净地出让,138万元,10万元,,,{JCSSPT},{SFTDPZ},{SFJBPWSS},,2020-04-17 10:32:53,http://jcjg.nr.gd.gov.cn:8088/GisqReport7.0/ReportServer?_=1587090762789&__boxModel__=true&op=page_content&sessionID=50417&pn=1,fc1f1c9353552a063b13cea9ea908101,
东莞市自然资源局国有土地使用权挂牌出让公告(莞[2020]024号),东莞市自然资源局国有土地使用权挂牌出让公告(莞[2020]024号),挂牌,东莞市本级,东莞市自然资源局国有土地使用权挂牌出让公告(莞[2020]024号),2020-04-01,2020年04月01日 至 2020年04月20日,http://www.ggzy.dg.gov.cn ,2020-04-20 17:00,2020-04-21 17:00,,,,,,,2020WU002,58009,谢岗镇曹乐村,50年,小于或等于0,,大于或等于10,,公用设施用地,万元/公顷,2000万元,,场地平整：  基础设施：三通,4043万元,100万元,2020-04-21 15:00,2020-04-20 09:00,{JCSSPT},{SFTDPZ},{SFJBPWSS},,2020-04-17 10:32:55,http://jcjg.nr.gd.gov.cn:8088/GisqReport7.0/ReportServer?_=1587090764248&__boxModel__=true&op=page_content&sessionID=87110&pn=1,6b50a53926f0bd15df3ff8fd40231f44,
广州开发区规划和自然资源局国有土地使用权挂牌出让公告(穗规划资源埔（开）挂出告字[2020]18号),广州开发区规划和自然资源局国有土地使用权挂牌出让公告(穗规划资源埔（开）挂出告字[2020]18号),挂牌,黄埔区,广州开发区规划和自然资源局国有土地使用权挂牌出让公告(穗规划资源埔（开）挂出告字[2020]18号),2020-04-03,2020年04月03日 至 2020年04月22日,http://www.gzggzy.cn ,2020-04-22 17:00,2020-04-27 17:00,,,,,,,JLGY-C-9,10009平方米,中新广州知识城九龙工业园内，改革大道以西、红卫路以北,50年,大于或等于2并且小于或等于4,小于或等于50,小于或等于20,,工业用地,万元/公顷,187万元,4409120BA0016,,931万元,20万元,2020-05-08 10:00,2020-04-23 09:00,,,,1.竞买保证金人民币187万元、港币210万元、美元30万元。2.按《地块配套条件》的交地标准进行移交，详见《国有建设用地使用权出让合同》附件4。3.地块建成后的所有建筑（包括地下建筑及地上建筑）必须整体确权，不得分割转让。,2020-04-17 10:32:56,http://jcjg.nr.gd.gov.cn:8088/GisqReport7.0/ReportServer?_=1587090763998&__boxModel__=true&op=page_content&sessionID=63706&pn=1,350c117d878017c8e7ed7277d64e3bd6,
郁南县自然资源局国有土地使用权挂牌出让公告(郁自然资告字[2020]5号),郁南县自然资源局国有土地使用权挂牌出让公告(郁自然资告字[2020]5号),挂牌,郁南县,郁南县自然资源局国有土地使用权挂牌出让公告(郁自然资告字[2020]5号),2020-03-31,2020年03月31日 至 2020年04月19日,云浮市公共资源交易中心郁南分中心 ,2020-05-06 16:00,2020-05-06 11:00,郁南县都城镇中山路58号（行政服务中心四楼）,0766-7316463,0766-7316463,云浮市公共资源交易中心,由竞买人在网上挂牌交易系统自行选择,网上挂牌交易系统随机产生的子账号,云郁出挂(2020)005号,192平方米,南江口镇杨梅塘村地块,50年,小于或等于2,,,,公用设施用地,万元/公顷,15万元,4420120BA0003,,48万元,1万元,2020-05-08 16:00,2020-04-20 08:00,,,,竞得人自取得土地之日起一年内进场动工建设，正式动工之日起三年内竣工；逾期不动工建设或构成闲置的，按国土资源部《闲置土地处置办法》（国土资源部2012年第53号令）的规定处理。,2020-04-17 10:32:56,http://jcjg.nr.gd.gov.cn:8088/GisqReport7.0/ReportServer?_=1587090764807&__boxModel__=true&op=page_content&sessionID=94914&pn=1,4135438497ca656e42060b2232eb2ea0,
中山市自然自然局国有土地使用权挂牌出让公告(中土告字[2018]0117号),中山市自然自然局国有土地使用权挂牌出让公告(中土告字[2018]0117号),挂牌,中山市本级,中山市自然自然局国有土地使用权挂牌出让公告(中土告字[2018]0117号),2020-03-27,2020年03月20日 至 2020年04月22日,中山市公共资源交易网（网址：http://www.zsjyzx.gov.cn） ,2020-04-21 17:00,2020-04-22 11:00,中山市博爱六路22号市行政服务中心（原市博览中心常年展厅）二楼市公共资源交易中心E区,0760-89817365,0760-89817365,中山市公共资源交易中心,由竞买人在中山市公共资源交易网土地与矿业权交易系统中申请获取,由竞买人在中山市公共资源交易网土地与矿业权交易系统中申请获取,W08-18-0117,31178,中山市民众镇沙仔村,50年,大于或等于2并且小于或等于2,大于或等于35并且小于或等于60,大于或等于10并且小于或等于15,,工业用地,5250万元/公顷,1130万元,4408119BB0180,,2260,20万元,2020-04-23 09:00,2020-03-20 09:00,,,,1.本宗用地以现状（净地）出让。2.本次公开出让不设保留价。 3. 国有建设用地使用权出让价款支付方式：上网竞价成交后，竞得人将国有建设用地使用权出让价款于签订《出让合同》之日起30天内一次性支付完毕（含保证金结转出让价款）。 4.建设用地交付时间：2020年6月29日之前；建设用地交付标准：按土地现状 。 5.土地开发建设条件：①行业要求：塑料薄膜制造，行业代码为2921（引自GB/T4754-2011）；②投资强度：≥5 250元/平方米（根据《中山市产业结构调整指导目录（2013年版）》中府[2013]110号）；③建设期限：在2021年3月26日之前之前开工，在2022年3月26日之前竣工；④成交后，竞得人须在签订《出让合同》的同时签订《用地开发建设监管合同》，就该用地的开发建设接受监管。 6.达产要求：年产值：自土地交付之日起1095日前达到人民币48000万元。年税收：自土地交付之日起1095日前达到人民币3936万元。7.经公开出让并已建成投产的工业用地（产业用地）受让人或土地实际使用人在土地出让存续期内，出现停工、停产等非生产经营情况满一年的，由土地所在地镇（区）政府责令其恢复生产经营活动。停工、停产等非生产经营情况的认定标准由所在地镇（区）政府根据项目实际情况进行认定。经责令和处理仍不恢复生产经营的，出让人可根据所在地镇（区）政府申请，与受让人解除出让合同。受让人将土地退还给出让人后，出让人扣除受让人应当支付的违约金及其他必要费用后，将已收取的国有建设用地使用权出让价款退还给受让人（不计利息）。 8.受让人因自身原因未能按照出让合同约定日期开工建设逾期超过270日但未满一年的，出让人有权解除出让合同。受让人将土地退还给出让人后，出让人扣除受让人应当支付的违约金及其他必要费用后，将已收取的国有建设用地使用权出让价款退还给受让人（不计利息）。 9.若竞得人为非中山市民众镇注册的企业，则竞得人须在签订本合同之日起60天内在中山市民众镇注册成立全资独立法人企业，再办理不动产产权登记手续。,2020-04-17 10:32:56,http://jcjg.nr.gd.gov.cn:8088/GisqReport7.0/ReportServer?_=1587090765347&__boxModel__=true&op=page_content&sessionID=36349&pn=1,9fc176c1d5d14df953c54c621fc4fc77,
佛山市自然资源局国有土地使用权挂牌出让公告(TD2020[NH]WG0003号),佛山市自然资源局国有土地使用权挂牌出让公告(TD2020[NH]WG0003号),挂牌,南海区,佛山市自然资源局国有土地使用权挂牌出让公告(TD2020[NH]WG0003号),2020-03-25,2020年02月29日 至 2020年04月20日,佛山市国有建设用地使用权和矿业权网上交易系统 ,2020-04-20 17:00,2020-04-20 17:00,佛山市南海区桂城南海大道北28号,0757-86369250,0757-86369250,,,,TD2020(NH)WG0003,56273,佛山市南海区里水镇洲村社区居民委员会（土名）“边带路”地段,70年,大于1并且小于或等于3,,,,城镇住宅用地,万元/公顷,31994万元,,,159967万元,1500万元,2020-04-22 10:00,2020-04-12 08:00,,,,,2020-04-17 10:32:57,http://jcjg.nr.gd.gov.cn:8088/GisqReport7.0/ReportServer?_=1587090765850&__boxModel__=true&op=page_content&sessionID=86724&pn=1,2072bcda89234dd2eec1e5c035487dd2,
广州市规划和自然资源局国有土地使用权挂牌出让公告(穗规划资源挂出告字[2020]18号),广州市规划和自然资源局国有土地使用权挂牌出让公告(穗规划资源挂出告字[2020]18号),挂牌,广州市本级,广州市规划和自然资源局国有土地使用权挂牌出让公告(穗规划资源挂出告字[2020]18号),2020-03-20,2020年03月20日 至 2020年04月08日,广州公共资源交易网（http://www.gzggzy.cn/）服务指南栏目的办事指引中下载 ,2020-04-08 17:00,2020-05-06 17:00,广州市天河区天润路333号广州公共资源交易中心,（020）28866412、28866078,（020）28866412、28866078,,,,天河区广氮AT0607113地块,17648平方米,天河区广氮AT0607113地块,70年,大于1并且小于或等于3,,,,城镇住宅用地,万元/公顷,人民币37228万元,,,186138万元,2000万元,2020-04-20 10:00,2020-04-09 00:00,,,,计算容积率建筑面积≤58168平方米；竞买保证金：人民币37228万元、港币42000万元、美元5400万元。,2020-04-17 10:32:57,http://jcjg.nr.gd.gov.cn:8088/GisqReport7.0/ReportServer?_=1587090766583&__boxModel__=true&op=page_content&sessionID=36198&pn=1,c0866018cd885e7979f0164f45791673,
佛山市自然资源局国有土地使用权挂牌出让公告(TD2020[NH]WG0007号),佛山市自然资源局国有土地使用权挂牌出让公告(TD2020[NH]WG0007号),挂牌,南海区,佛山市自然资源局国有土地使用权挂牌出让公告(TD2020[NH]WG0007号),2020-03-20,2020年03月20日 至 2020年04月18日,佛山市国有建设用地使用权和矿业权网上交易系统 ,2020-04-18 17:00,2020-04-18 17:00,佛山市南海区桂城南海大道北28号,0757-86369250,0757-86369250,,,,TD2020(NH)WG0007,29299,佛山市南海区丹灶镇物流中心荣泰路南侧地段地块,50年,大于或等于1,,,,工业用地,万元/公顷,442万元,,,2206万元,22万元,2020-04-20 10:00,2020-04-10 08:30,,,,,2020-04-17 10:32:58,http://jcjg.nr.gd.gov.cn:8088/GisqReport7.0/ReportServer?_=1587090767048&__boxModel__=true&op=page_content&sessionID=21037&pn=1,8cd276ddc182a0d9f561307862d655c8,
龙门县自然资源局国有土地使用权挂牌出让公告(惠公易土龙门[2020]004号),龙门县自然资源局国有土地使用权挂牌出让公告(惠公易土龙门[2020]004号),挂牌,龙门县,龙门县自然资源局国有土地使用权挂牌出让公告(惠公易土龙门[2020]004号),2020-03-20,2020年03月21日 至 2020年04月22日,惠州市公共资源交易中心龙门分中心土地与矿业权网上挂牌交易系统（www.lmgtjy.com） ,2020-04-22 18:00,2020-04-22 18:00,广东省惠州市公共资源交易中心龙门公中心龙门县东门路11号,0752-7988083,0752-7988083,,,,LM2020-8,32178平方米,龙田镇李洞村委陈洞村民小组,40年,小于或等于1,小于或等于30,大于或等于35,,旅馆用地,万元/公顷,1779万元,,,3558万元,100万元,2020-04-23 16:00,2020-04-10 09:00,,,,,2020-04-17 10:32:59,http://jcjg.nr.gd.gov.cn:8088/GisqReport7.0/ReportServer?_=1587090767371&__boxModel__=true&op=page_content&sessionID=28723&pn=1,9f18eba38de14d5f92f433bf2481e484,
博罗县自然资源局国有土地使用权挂牌出让公告(惠公易土博罗[2020]6号),博罗县自然资源局国有土地使用权挂牌出让公告(惠公易土博罗[2020]6号),挂牌,博罗县,博罗县自然资源局国有土地使用权挂牌出让公告(惠公易土博罗[2020]6号),2020-03-20,2020年03月20日 至 2020年04月23日,惠州市公共资源交易中心土地与矿业网上挂牌交易系统（https://gtjy.hdgtjy.com/） ,2020-04-23 09:00,2020-04-23 09:00,博罗县罗阳镇商业西街博罗县社会服务中心2号楼3楼,0752-6286631,0752-6286631,,,,博自然资（用地）挂字[2019]13号,55904平方米,博罗县石湾镇振兴大道北侧地段,50年,大于或等于2,大于或等于30,小于或等于20,,工业用地,万元/公顷,2010万元,4412019BD0129,,4020万元,60万元,2020-04-23 10:00,2020-04-09 09:00,,,,本宗地块出让产业类型为交通运输设备制造业，项目投资强度不低于380万元/亩，竞得人需承诺固定资产投资总额不低于31865万元人民币或5310万元美元（含地价款），年土地产出率不低于55932万元人民币，年度税收不低于2516万元人民币，并于地块成交之日起10个工作日内签订《地块产业准入条件承诺书》。,2020-04-17 10:32:59,http://jcjg.nr.gd.gov.cn:8088/GisqReport7.0/ReportServer?_=1587090768124&__boxModel__=true&op=page_content&sessionID=26001&pn=1,d9ad8323a79d5ae5b99c7d611c1f58b7,
清远市自然资源局国有土地使用权挂牌出让公告(清政务地挂出[2020]011号),清远市自然资源局国有土地使用权挂牌出让公告(清政务地挂出[2020]011号),挂牌,清远市本级,清远市自然资源局国有土地使用权挂牌出让公告(清政务地挂出[2020]011号),2020-03-13,2020年03月13日 至 2020年04月14日,清远市国土资源网上交易系统 ,2020-04-14 16:00,2020-04-14 16:00,,,,,,,441802005007GB00334,49913,清远市清城区洲心街道B48号区,70年,大于1并且小于或等于2,小于或等于24,大于或等于34,,城镇住宅用地,万元/公顷,5100万元,4413619BC0101,,25456万元,100万元,2020-04-16 10:00,2020-04-02 09:00,,,,1、根据挂牌出让方案等文件要求，该宗地需配建公共配套设施，相关要求详见交易文件；2、自签订《成交确认书》之日起60日内，由清远市土地开发储备局向受让人按现状现场移交土地；3、项目建设时间设定为3年，自交地之日起1年内开工建设，自开工之日起3年内竣工。,2020-04-17 10:33:00,http://jcjg.nr.gd.gov.cn:8088/GisqReport7.0/ReportServer?_=1587090768657&__boxModel__=true&op=page_content&sessionID=52432&pn=1,2148f30f369bacf6a60be78f74e2d727,
龙门县自然资源局国有土地使用权挂牌出让公告(惠公易土龙门[2020]003号),龙门县自然资源局国有土地使用权挂牌出让公告(惠公易土龙门[2020]003号),挂牌,龙门县,龙门县自然资源局国有土地使用权挂牌出让公告(惠公易土龙门[2020]003号),2020-02-28,2020年02月29日 至 2020年04月01日,惠州市公共资源交易中心龙门分中心土地与矿业权网上挂牌交易系统（www.lmgtjy.com） ,2020-04-01 18:00,2020-04-01 18:00,广东省惠州市公共资源交易中心龙门公中心龙门县东门路11号,0752-7988083,0752-7988083,,,,LM2020-7,19999,龙江镇路溪村,50年,大于或等于1,大于或等于30,小于或等于20,,工业用地,3000万元/公顷,316万元,,,632万元,18万元,2020-04-02 16:00,2020-03-20 09:00,,,,,2020-04-17 10:33:02,http://jcjg.nr.gd.gov.cn:8088/GisqReport7.0/ReportServer?_=1587090769348&__boxModel__=true&op=page_content&sessionID=16433&pn=1,1a3f4c7fbd69ea7b0c5ec34a875d72f6,
中山市自然资源局国有土地使用权挂牌出让公告(中土告字[2020]0007号),中山市自然资源局国有土地使用权挂牌出让公告(中土告字[2020]0007号),挂牌,中山市本级,中山市自然资源局国有土地使用权挂牌出让公告(中土告字[2020]0007号),2020-02-26,2020年01月23日 至 2020年04月01日,中山市公共资源交易网（网址：http://www.zsjyzx.gov.cn） ,2020-03-31 17:00,2020-04-01 11:00,中山市博爱六路22号市行政服务中心（原市博览中心常年展厅）二楼市公共资源交易中心E区,0760-89817365,0760-89817365,中山市公共资源交易中心,由竞买人在中山市公共资源交易网土地与矿业权交易系统中申请获取,由竞买人在中山市公共资源交易网土地与矿业权交易系统中申请获取,W15-20-0007,11395,中山市南朗镇（翠亨新区起步区）西三围,50年,大于或等于3,小于或等于40,大于或等于10并且小于或等于20,,工业用地,9000万元/公顷,3230万元,4422220BA0005,,6461,64万元,2020-04-02 09:00,2020-02-15 09:00,,,,（1）本宗用地已达基本建设要求。（2）本次公开出让不设保留价。（3）国有建设用地使用权出让价款支付方式：签订《出让合同》之日起20天内将成交总地价款一次性支付完毕。（4）建设用地交付时间：付清全部地价款之日起20天内  由申请单位按约定标准将国有建设用地交付竞得人使用。（5）土地开发建设条件：①行业要求及代码：信息传输、软件和信息技术服务业、科学研究和技术服务业、医药制造业、电气机械和器材制造业、计算机、通信和其他电子设备制造业、仪器仪表制造业、工业服务业、生产性服务业、现代服务业，用地竞得后产业方向符合其中一项即可；②投资强度：≥9000元/平方米；③建设期限：动工时间设定为自土地交付之日起182天内开工建设，竣工时间设定为自开工之日起1095天内竣工。；④本宗用地成交后，由竞得人与中山市翠亨新区管理委员会签订《项目履约监管合同》，竞得人就该用地项目的开发建设事宜接受所在镇区监管。（6）达产要求：竞得人应自土地交付之日起2372天内达产，达产当年达到预期产值17093.1万元、预期纳税额854.66万元。（7）经公开出让并已建成投产的工业用地（产业用地）受让人或土地实际使用人在土地出让存续期内，出现停工、停产等非生产经营情况满一年的，由土地所在地镇（区）政府责令其恢复生产经营活动。停工、停产等非生产经营情况的认定标准由所在地镇（区）政府根据项目实际情况进行认定。经责令和处理仍不恢复生产经营的，出让人可根据所在地镇（区）政府申请，与受让人解除出让合同。受让人将土地退还给出让人后，出让人扣除受让人应当支付的违约金及其他必要费用后，将已收取的国有建设用地使用权出让价款退还给受让人（不计利息）。（8）分割转让前提条件，分割转让比例：①在竞得人首期工程竣工并达到《项目履约监管合同》约定的投资强度后，可以分割转让的建筑面积累计最高至计容建筑面积的20%（包括配套部分）；②在竞得人完成年产值、年税收指标后（可提前完成），可以分割转让的建筑面积累计最高至计容建筑面积的30%（包括配套部分）；③在竞得人完成所有指标后（可提前完成），可以分割转让的建筑面积累计至计容建筑面积的49%（包括配套部分）。（9）其他开发建设、分割转让、使用管理等要求应按《中山市新型产业用地管理办法》执行。,2020-04-17 10:33:02,http://jcjg.nr.gd.gov.cn:8088/GisqReport7.0/ReportServer?_=1587090769861&__boxModel__=true&op=page_content&sessionID=82594&pn=1,afc112ccdac31af7df11093ae59cf1d3,
广州开发区规划和自然资源局国有土地使用权挂牌出让公告(穗规划资源埔（开）挂出告字[2020]11号),广州开发区规划和自然资源局国有土地使用权挂牌出让公告(穗规划资源埔（开）挂出告字[2020]11号),挂牌,黄埔区,广州开发区规划和自然资源局国有土地使用权挂牌出让公告(穗规划资源埔（开）挂出告字[2020]11号),2020-02-25,2020年02月25日 至 2020年03月16日,http://www.gzggzy.cn ,2020-03-16 17:00,2020-03-21 17:00,,,,,,,,,广州市黄埔区开创大道以西、瑞祥路以南,50年,小于或等于3,,小于或等于20,,,万元/公顷,161万元,,,802万元,20万元,2020-03-27 10:00,2020-03-17 09:00,{JCSSPT},{SFTDPZ},{SFJBPWSS},1.竞买保证金人民币161万元、港币185万元、美元25万元。2.按《地块配套条件》的交地标准进行移交，详见《国有建设用地使用权出让合同》附件4。3.地块建成后的所有建筑（包括地下建筑及地上建筑）必须整体确权，不得分割转让。,2020-04-17 10:33:03,http://jcjg.nr.gd.gov.cn:8088/GisqReport7.0/ReportServer?_=1587090770415&__boxModel__=true&op=page_content&sessionID=8530&pn=1,0515344d76b7b2f2c292b7cf716a3099,
广州开发区规划和自然资源局国有土地使用权挂牌出让公告(穗规划资源埔（开）挂出告字[2020]13号),广州开发区规划和自然资源局国有土地使用权挂牌出让公告(穗规划资源埔（开）挂出告字[2020]13号),挂牌,黄埔区,广州开发区规划和自然资源局国有土地使用权挂牌出让公告(穗规划资源埔（开）挂出告字[2020]13号),2020-02-25,2020年02月25日 至 2020年03月16日,http://www.gzggzy.cn ,2020-03-16 17:00,2020-03-21 17:00,,,,,,,,,知识城新能源新材料价值创新园，改革大道以西、人才五路以南,50年,小于或等于3,,小于或等于20,,,万元/公顷,584万元,,,2919万元,20万元,2020-03-27 10:00,2020-03-17 09:00,{JCSSPT},{SFTDPZ},{SFJBPWSS},1.竞买保证金人民币584万元、港币655万元、美元85万元。2.按《地块配套条件》的交地标准进行移交，详见《国有建设用地使用权出让合同》附件4。3.地块建成后的所有建筑（包括地下建筑及地上建筑）必须整体确权，不得分割转让。4.受让人依法取得项目用地后，需严格按照项目规划要求独立完成开发利用，如受让人需出租、转让或与第三人合作开发建设项目用地及建（构）筑物（包括地下建筑及地上建筑）需经广州市黄埔区政府、广州开发区管委会或其相关工作部门书面同意。如受让人未经广州市黄埔区政府、广州开发区管委会或其相关工作部门书面同意，私自出租、转让或与第三人合作开发建设项目用地及建（构）筑物，或在承诺经营期限内私自以转让项目公司股权等形式变相转让项目用地使用权，出让人有权收回土地，受让人因此取得的所有收益归出让人所有，收益明显低于市场评估价的，以双方商定的第三方专业机构评估的价值为准，对已建成的建（构）筑物如出让人愿意保留或继续使用的，根据委托的专业评估机构对其成本评估的结果进行货币补偿。5.有关出让宗地的详细资料及挂牌文件可于本公告发布之日起在广州公共资源交易网（www.gzggzy.cn）土地矿产专栏及广州市规划和自然资源局网（http://ghzyj.gz.gov.cn）的土地交易信息中浏览。,2020-04-17 10:33:13,http://jcjg.nr.gd.gov.cn:8088/GisqReport7.0/ReportServer?_=1587090782133&__boxModel__=true&op=page_content&sessionID=41585&pn=1,9e1e8e7066bf0b756875f1867615f197,
广州市规划和自然资源局番禺区分局国有土地使用权挂牌出让公告(穗规划资源挂出告字[2020]9号),广州市规划和自然资源局番禺区分局国有土地使用权挂牌出让公告(穗规划资源挂出告字[2020]9号),挂牌,广州市本级,广州市规划和自然资源局番禺区分局国有土地使用权挂牌出让公告(穗规划资源挂出告字[2020]9号),2020-02-25,2020年02月26日 至 2020年03月16日,,2020-03-16 17:00,2020-04-10 17:00,广州市番禺区大龙街清河东路石岗东村段215号,(020) 34588634,(020) 34588634,,,,,,广州市番禺区南村镇樟边村                            出让年限：            50年            容积率：            大于或等于2并且小于或等于4            建筑密度(%)：            大于或等于30并且小于或等于50                             绿地率(%)：            小于或等于20            建筑限高(米)：            小于或等于40            土地用途：            工业用地                            投资强度：            23800万元/公顷            保证金：            635万元            估价报告备案号：            4410619BC0004                                                    现状土地条件：土地成交之日起3个月内由广州市番禺区土地开发中心完成具备施工设备与人员进场的道路、施工所需的供水和供电等动工开发所必须的基本条件后进行交地。                                            起始价：            3173.142万元            加价幅度：            20万元                                              挂牌开始时间：            2020年03月16日00时00分            挂牌截止时间：            2020年03月27日10时00分                                            基础设施配套：            {JCSSPT}            是否土地平整:            {SFTDPZ}            排污设施状况：            {SFJBPWSS}        \                   排污设施状况说明：            {PWSS_SM}                                       现场照片：            {XCZP}                                       是否“三旧”改造：            {SFSJGZ}                                       二、 中华人民共和国境内外的法人、自然人和其他组织均可申请参加，申请人应当单独申请。申请人应具备的其他条件：（一）地块出让条件1.拟建产业为电池制造产业，符合番禺区产业规划。2.竞买人须具备博士后科研工作站等国家级研发平台资质。3.竞买人须为上市公司。4.竞得人应在土地成交之日起1年内开工，在开工之日起3年内竣工，并于2024年前投产（运营）。5.竞得人应承诺在土地交付之日起，在番禺区内连续4年平均年营业收入不得低于15亿元、平均年纳税额不得低于4000万元。且须在出让合同约定竣工时间之日起10年内在本地块项目内每两年平均营业收入不得低于18亿元、每两年平均年纳税总额不得低于9000万元。6.竞得人须在出让合同约定的竣工时间之日起5年内在本地块项目内成功申报“国家级企业技术中心”或获得“国家级科技进步奖”（除因国家政策调整外）。7.竞得人须将企业总部迁入或者注册在番禺区，且工商注册和税务登记地址应在番禺区范围内，相关手续应在土地成交之日起两个月内完成；半年内将公司全国销售总部和全国结算中心职能一并迁入企业总部；在土地出让年期内工商注册、税务征管关系、主营业务和统计关系不得迁出番禺区。8.竞得人须在签订《国有建设用地使用权出让合同》前与广州市番禺区科技工业商务和信息化局签订《番禺区产业建设项目履约监管协议书》，作为《国有建设用地使用权出让合同》的附件。9.项目投产后连续10年，由广州市番禺区科技工业商务和信息化局每2年对项目效益进行一次核定，该项目的投产年期、达产年限、达产后年产值、节能指标、供后监管评价试点、评价要求和评价未达标的整改及处理措施以竞得人与广州市番禺区科技工业商务和信息化局最终签订的《番禺区产业建设项目履约监管协议书》为准。10.本出让地块不得实施“三旧”改造，不得擅自变更产业发展方向。11.本地块需采用装配式建筑，装配式建筑面积比例不低于30%。12.竞得人可按相关规定申请产业用房分割登记、转让，分割转让的产业用房须用于引进产业链关联的优质产业项目，有关产业项目须在广州市番禺区注册成立独立法人资格的公司。竞得人物业自持比例不低于计算容积率建筑面积的70%，分割转让物业的转让价格不得高于18000元/平方米。如需变更地块实际持有人股权须报番禺区人民政府批准同意。13.竞得人必须在项目开工前完成节能审查，并自觉配合能源管理部门的事中事后监管。项目的建设方案、用能工艺、用能设备等必须符合国家、省、市有关节能标准和规范，采用可行的节能技术和产品，单位产品（增加值）能耗原则上要达到国际或国内效能先进水平。14.项目地区正在编制城市设计方案，城市设计方案对地块容积率、建筑密度、绿地率、建筑限高等作出具体规定的，应遵从城市设计的要求执行，园区内部道路的地上地下空间须按城市设计要求无偿提供政府建设和使用，园区内部道路的线位应以最终批复的城市设计为准；城市设计方案经批准前，项目应提前开展城市设计研究，并遵从规划条件设计要求。15.地块投资强度不得低于23800元/平方米。16.环评要求依照《广州市番禺区环境保护局关于征询番禺区南村镇樟边村NCG12-01地块环保意见的复函》（番环函〔2018〕1245号）执行。（二）地块其他出让条件如下：1.付款方式：合同签订之日起30日内一次性付清出让价款。2.交地时间：土地成交之日起3个月内由广州市番禺区土地开发中心完成具备施工设备与人员进场的道路、施工所需的供水和供电等动工开发所必须的基本条件后进行交地。3.开工时间：土地成交之日起1年内开工。4.竣工时间：开工之日起3年内竣工。5.土地使用权,50年,大于或等于2并且小于或等于4,,小于或等于20            建筑限高(米)：            小于或等于40            土地用途：            工业用地                            投资强度：            23800万元/公顷            保证金：            635万元            估价报告备案号：            4410619BC0004                                                    现状土地条件：土地成交之日起3个月内由广州市番禺区土地开发中心完成具备施工设备与人员进场的道路、施工所需的供水和供电等动工开发所必须的基本条件后进行交地。                                            起始价：            3173.142万元            加价幅度：            20万元                                              挂牌开始时间：            2020年03月16日00时00分            挂牌截止时间：            2020年03月27日10时00分                                            基础设施配套：            {JCSSPT}            是否土地平整:            {SFTDPZ}            排污设施状况：            {SFJBPWSS}        \                   排污设施状况说明：            {PWSS_SM}                                       现场照片：            {XCZP}                                       是否“三旧”改造：            {SFSJGZ}                                       二、 中华人民共和国境内外的法人、自然人和其他组织均可申请参加，申请人应当单独申请。申请人应具备的其他条件：（一）地块出让条件1.拟建产业为电池制造产业，符合番禺区产业规划。2.竞买人须具备博士后科研工作站等国家级研发平台资质。3.竞买人须为上市公司。4.竞得人应在土地成交之日起1年内开工，在开工之日起3年内竣工，并于2024年前投产（运营）。5.竞得人应承诺在土地交付之日起，在番禺区内连续4年平均年营业收入不得低于15亿元、平均年纳税额不得低于4000万元。且须在出让合同约定竣工时间之日起10年内在本地块项目内每两年平均营业收入不得低于18亿元、每两年平均年纳税总额不得低于9000万元。6.竞得人须在出让合同约定的竣工时间之日起5年内在本地块项目内成功申报“国家级企业技术中心”或获得“国家级科技进步奖”（除因国家政策调整外）。7.竞得人须将企业总部迁入或者注册在番禺区，且工商注册和税务登记地址应在番禺区范围内，相关手续应在土地成交之日起两个月内完成；半年内将公司全国销售总部和全国结算中心职能一并迁入企业总部；在土地出让年期内工商注册、税务征管关系、主营业务和统计关系不得迁出番禺区。8.竞得人须在签订《国有建设用地使用权出让合同》前与广州市番禺区科技工业商务和信息化局签订《番禺区产业建设项目履约监管协议书》，作为《国有建设用地使用权出让合同》的附件。9.项目投产后连续10年，由广州市番禺区科技工业商务和信息化局每2年对项目效益进行一次核定，该项目的投产年期、达产年限、达产后年产值、节能指标、供后监管评价试点、评价要求和评价未达标的整改及处理措施以竞得人与广州市番禺区科技工业商务和信息化局最终签订的《番禺区产业建设项目履约监管协议书》为准。10.本出让地块不得实施“三旧”改造，不得擅自变更产业发展方向。11.本地块需采用装配式建筑，装配式建筑面积比例不低于30%。12.竞得人可按相关规定申请产业用房分割登记、转让，分割转让的产业用房须用于引进产业链关联的优质产业项目，有关产业项目须在广州市番禺区注册成立独立法人资格的公司。竞得人物业自持比例不低于计算容积率建筑面积的70%，分割转让物业的转让价格不得高于18000元/平方米。如需变更地块实际持有人股权须报番禺区人民政府批准同意。13.竞得人必须在项目开工前完成节能审查，并自觉配合能源管理部门的事中事后监管。项目的建设方案、用能工艺、用能设备等必须符合国家、省、市有关节能标准和规范，采用可行的节能技术和产品，单位产品（增加值）能耗原则上要达到国际或国内效能先进水平。14.项目地区正在编制城市设计方案，城市设计方案对地块容积率、建筑密度、绿地率、,,,23800万元/公顷,635万元,,现状土地条件：土地成交之日起,3173,20万元,2020-03-27 10:00,2020-03-16 00:00,{JCSSPT},{SFTDPZ},{SFJBPWSS},,2020-04-17 10:33:14,http://jcjg.nr.gd.gov.cn:8088/GisqReport7.0/ReportServer?_=1587090783407&__boxModel__=true&op=page_content&sessionID=14241&pn=1,08bfccc51cc28ddf31678969c108c938,
广州开发区规划和自然资源局国有土地使用权挂牌出让公告(穗规划资源埔（开）挂出告字[2020]14号),广州开发区规划和自然资源局国有土地使用权挂牌出让公告(穗规划资源埔（开）挂出告字[2020]14号),挂牌,黄埔区,广州开发区规划和自然资源局国有土地使用权挂牌出让公告(穗规划资源埔（开）挂出告字[2020]14号),2020-02-25,2020年02月25日 至 2020年03月16日,http://www.gzggzy.cn ,2020-03-16 17:00,2020-03-21 17:00,,,,,,,,,广州市黄埔区长岭居永顺大道以南、有轨电车岭福车辆段以西,40年,小于或等于4,,,,,万元/公顷,30937万元,,,154683万元,1000万元,2020-03-27 10:00,2020-03-17 09:00,{JCSSPT},{SFTDPZ},{SFJBPWSS},1.竞买保证金人民币30937万元、港币34295万元、美元4410万元。2.按《地块配套条件》的交地标准进行移交，详见《国有建设用地使用权出让合同》附件4。3.受让人依法取得项目用地后，需严格按照项目规划要求独立完成开发利用，如受让人需出租、转让或与第三人合作开发建设项目用地及建（构）筑物（包括地下建筑及地上建筑）需经广州市黄埔区政府、广州开发区管委会或其相关工作部门书面同意。如受让人未经广州市黄埔区政府、广州开发区管委会或其相关工作部门书面同意，私自出租、转让或与第三人合作开发建设项目用地及建（构）筑物，或在承诺经营期限内私自以转让项目公司股权等形式变相转让项目用地使用权，出让人有权收回土地，受让人因此取得的所有收益归出让人所有，收益明显低于市场评估价的，以双方商定的第三方专业机构评估的价值为准，对已建成的建（构）筑物如出让人愿意保留或继续使用的，根据委托的专业评估机构对其成本评估的结果进行货币补偿。,2020-04-17 10:33:14,http://jcjg.nr.gd.gov.cn:8088/GisqReport7.0/ReportServer?_=1587090782724&__boxModel__=true&op=page_content&sessionID=104&pn=1,666acc4148c65fe1537f94cc781b801d,
肇庆市自然资源局国有土地使用权拍卖出让公告(肇自然资高新告字[2020]7号),肇庆市自然资源局国有土地使用权拍卖出让公告(肇自然资高新告字[2020]7号),拍卖,肇庆市本级,肇庆市自然资源局国有土地使用权拍卖出让公告(肇自然资高新告字[2020]7号),2020-02-25,2020年02月25日 至 2020年03月16日,肇庆市土地和矿业权网上交易系统（网址：http://ggzy.zhaoqing.gov.cn) 获取 拍卖 出让文件,,,廖小姐,0758-364322,0758-364322,,,,,,肇庆高新区凤岗工业园北江大道西面、风华高科公司南面地段,50年,小于或等于1,,,,,万元/公顷,100万元,,现状土地条件：平整,300万元,50万元,,,{JCSSPT},{SFTDPZ},{SFJBPWSS},,2020-04-17 10:33:15,http://jcjg.nr.gd.gov.cn:8088/GisqReport7.0/ReportServer?_=1587090783944&__boxModel__=true&op=page_content&sessionID=60533&pn=1,d381ac4f06ad94b2bc3a79765adfda2a,
广州市规划和自然资源局白云区分局国有土地使用权挂牌出让公告(穗规划资源云挂出告字[2020]1号),广州市规划和自然资源局白云区分局国有土地使用权挂牌出让公告(穗规划资源云挂出告字[2020]1号),挂牌,白云区,广州市规划和自然资源局白云区分局国有土地使用权挂牌出让公告(穗规划资源云挂出告字[2020]1号),2020-02-25,2020年02月25日 至 2020年03月16日,广州公共资源交易网（http://www.gzggzy.cn/） ,2020-03-16 17:00,2020-04-06 17:00,广州市天河区天润路333号,：(020) 28866078、28866412,：(020) 28866078、28866412,,,,,,广州市白云区太和镇民营科技园核心区,50年,大于或等于2并且小于或等于4,,小于或等于30,,,万元/公顷,2967万元,,,14835万元,223万元,2020-03-27 10:00,2020-03-17 00:00,{JCSSPT},{SFTDPZ},{SFJBPWSS},,2020-04-17 10:33:16,http://jcjg.nr.gd.gov.cn:8088/GisqReport7.0/ReportServer?_=1587090784662&__boxModel__=true&op=page_content&sessionID=3647&pn=1,a0c89726f0f01df04df690e7a2dbda33,
清远市自然资源局清新分局国有土地使用权挂牌出让公告(清政务地挂出[2020]010号),清远市自然资源局清新分局国有土地使用权挂牌出让公告(清政务地挂出[2020]010号),挂牌,清新县,清远市自然资源局清新分局国有土地使用权挂牌出让公告(清政务地挂出[2020]010号),2020-02-25,2020年02月25日 至 2020年03月26日,清远市国土资源网上交易系统 ,2020-03-26 16:00,2020-03-26 16:00,,,,,,,,,清远市清新区太平镇盈富工业园,50年,大于或等于0,,大于或等于10并且小于或等于20,,,5700万元/公顷,250万元,,,534万元,20万元,2020-03-30 16:00,2020-03-16 09:00,{JCSSPT},{SFTDPZ},{SFJBPWSS},1、根据挂牌出让方案要求，出让地块拟建项目产业类型为汽车制造业；固定资产投资额≥11597万元，年产值（主营业务收入）≥500万元/亩，年税收≥60万元/亩;2、工业项目所需行政办公及生活服务设施用地面积不得超过项目总用地面积的7%，严禁在项目用地范围内建造成套住宅、专家楼、宾馆、招待所和培训中心等非生产性配套设施;2、自签订《成交确认书》之日起60日内，由清远市清新区土地储备中心向受让人按净地移交土地；3、该项目建设时间为2年，自交地后1年内开工建设，自开工之日起2年内竣工。,2020-04-17 10:33:17,http://jcjg.nr.gd.gov.cn:8088/GisqReport7.0/ReportServer?_=1587090786307&__boxModel__=true&op=page_content&sessionID=26694&pn=1,cac514a7ea3c9634fd881ed8a937e57a,
广州市规划和自然资源局黄埔区分局国有土地使用权挂牌出让公告(穗规划资源埔（开）挂出告字[2020]10号),广州市规划和自然资源局黄埔区分局国有土地使用权挂牌出让公告(穗规划资源埔（开）挂出告字[2020]10号),挂牌,黄埔区,广州市规划和自然资源局黄埔区分局国有土地使用权挂牌出让公告(穗规划资源埔（开）挂出告字[2020]10号),2020-02-25,2020年02月25日 至 2020年03月16日,http://www.gzggzy.cn ,2020-03-16 17:00,2020-03-21 17:00,,,,,,,,,广州市黄埔区广园快速路以南、护林路以北,50年,大于或等于2,,,,,万元/公顷,1046万元,,,5228万元,20万元,2020-03-27 10:00,2020-03-17 09:00,{JCSSPT},{SFTDPZ},{SFJBPWSS},1.竞买保证金人民币1046万元、港币1165万元、美元150万元。2.按《地块配套条件》的交地标准进行移交，详见《国有建设用地使用权出让合同》附件4。3.地块建筑密度、绿地率等规划指标在建筑设计方案阶段审定。4.如项目批准为新型产业项目，配套设施可参照《广州开发区规划和自然资源局（广州市规划和自然资源局黄埔区分局关于新型产业用地与产业园区功能配比的指导意见（试行））》（穗开规划资源规字〔2019〕1号）要求执行。5.地块涉及岑村机场净空控制线，在规划方案阶段需征询航空限高相应管理部门（中国人民解放军九五一七一部队）意见。6.地块建成后的所有建筑（包括地下建筑及地上建筑）必须整体确权，不得分割转让。,2020-04-17 10:33:19,http://jcjg.nr.gd.gov.cn:8088/GisqReport7.0/ReportServer?_=1587090786988&__boxModel__=true&op=page_content&sessionID=27796&pn=1,d6c175b27075b23fd8cdebfc673df025,
徐闻县自然资源局国有土地使用权挂牌出让公告(XWGC[2020]008号),徐闻县自然资源局国有土地使用权挂牌出让公告(XWGC[2020]008号),挂牌,徐闻县,徐闻县自然资源局国有土地使用权挂牌出让公告(XWGC[2020]008号),2020-02-26,2020年02月26日 至 2020年03月30日,湛江市公共资源交易中心（或者http://tdkq.zjprtc.com/jingjia/以下网站下载） ,2020-03-30 16:00,2020-03-30 16:00,湛江市赤坎区体育北路2号天润中心五楼,0759-3585822,0759-3585822,,,,,,徐闻县前山镇人民政府西北侧A9号,70年,大于或等于1,,大于35,,,2000万元/公顷,5万元,,场地平整：平整  基础设施：存量建设用地,24万元,1万元,2020-04-01 10:40,2020-03-17 08:30,{JCSSPT},{SFTDPZ},{SFJBPWSS},,2020-04-17 10:33:20,http://jcjg.nr.gd.gov.cn:8088/GisqReport7.0/ReportServer?_=1587090787616&__boxModel__=true&op=page_content&sessionID=56793&pn=1,cb1c4149fb4f9df190b6f6f3a9611f45,
南雄市“三旧”改造工作领导小组办公室国有土地使用权挂牌出让公告(韶地出让告字[2020]016号),南雄市“三旧”改造工作领导小组办公室国有土地使用权挂牌出让公告(韶地出让告字[2020]016号),挂牌,南雄市,南雄市“三旧”改造工作领导小组办公室国有土地使用权挂牌出让公告(韶地出让告字[2020]016号),2020-02-26,2020年02月26日 至 2020年03月24日,韶关市公共资源交易服务平台的国土资源交易系统（网址：http://jyzx.sg.gov.cn/） ,2020-03-25 17:00,2020-03-25 17:00,,,,,,,,,南雄大会堂东侧“三旧”改造地块,70年,大于1并且小于或等于5,,大于或等于25,,,万元/公顷,17万元,,现状土地条件：,85万元,5万元,2020-03-26 15:00,2020-03-17 00:00,{JCSSPT},{SFTDPZ},{SFJBPWSS},该宗地土地用途和土地使用年限为：零售商业用地40年、城镇住宅用地70年、机关团体用地50年,2020-04-17 10:33:21,http://jcjg.nr.gd.gov.cn:8088/GisqReport7.0/ReportServer?_=1587090789346&__boxModel__=true&op=page_content&sessionID=35712&pn=1,805a51e1da4e5f84b4c59d6dfcb1a1c9,
中山市自然资源局国有土地使用权挂牌出让公告(中土告字[2020]0011号),中山市自然资源局国有土地使用权挂牌出让公告(中土告字[2020]0011号),挂牌,中山市本级,中山市自然资源局国有土地使用权挂牌出让公告(中土告字[2020]0011号),2020-02-26,2020年01月23日 至 2020年04月02日,中山市公共资源交易网（网址：http://www.zsjyzx.gov.cn） ,2020-04-01 17:00,2020-04-02 11:00,中山市博爱六路22号市行政服务中心（原市博览中心常年展厅）二楼市公共资源交易中心E区,0760-89817365,0760-89817365,中山市公共资源交易中心,由竞买人在中山市公共资源交易网土地与矿业权交易系统中申请获取,由竞买人在中山市公共资源交易网土地与矿业权交易系统中申请获取,W15-20-0011,103140,中山市南朗镇（翠亨新区起步区）西二围,70年,大于1并且小于或等于3,小于或等于30,大于或等于30,,城镇住宅用地,万元/公顷,154711万元,4421920BA0059,,309422,3094,2020-04-03 09:30,2020-02-15 09:00,,,,1、本宗用地已达净地出让标准。2、本宗用地的计容土地面积为103140.7O-309422.1O平方米。3、本次上网竞价出让用地按楼面地价进行竞价，上网竞价起始楼面地价为人民币10 000元/平方米，即起始总价为3 094 221 000元，约20 000 006元/亩，每次最小竞价增幅（楼面地价）为100元/平方米。本次上网竞价出让不设保留价。本宗国有建设用地使用权上网竞价出让设定最高限制楼面地价，价格为15 000元/平方米，最高限制总价4 641 331 500元。当报价达到最高限制楼面地价的，竞价方式转入国有建设用地配建房面积竞价程序，凡同意接受最高限价的竞买人均可参与竞国有建设用地配建房，竞价阶梯为480平方米/次（户型面积90-144平方米，不少于4套）。4、建设期限要求：在2021年5月1日之前开工，在2024年4月30日之前竣工。5、本宗用地出让后实行成品住宅标准销售，成品住宅的认定标准和相关操作按有关规定办理。6、公开交易成交后，竞得人须按本出让文件要求与中山市自然资源局签订《国有建设用地使用权出让合同》和《国有建设用地使用权出让合同补充条款》。7、本宗用地出让价格达到最高限价后产生的国有建设用地配建房参照《中山市国有建设用地配建人才安置房暂行办法》的规定处置。8、对纳入我市自然资源局、市住房和城乡建设局提供的名单中存在失信行为的主体，在失信行为消除前，不得参与竞买土地。9、成交后，竞得人为本市辖区以外的法人、其他组织的，必须在本市注册以竞得人为唯一投资者的企业或符合相关法律规定的其他组织，竞得宗地不动产权证直接办至该企业或组织名下；竞得人为本市辖区内法人或其他组织的，竞得宗地不动产权证可直接办至竞得人名下，竞得人也可以在本市注册以竞得人为唯一投资者的企业或符合相关法律规定的其他组织，竞得宗地不动产权证可直接办至新企业或组织名下。10、受让人因自身原因未能按照出让合同约定日期开工建设逾期超过270日但未满一年的，出让人有权解除出让合同。受让人将土地退还给出让人后，出让人扣除受让人应当支付的违约金及其他必要费用后，将已收取的国有建设用地使用权出让价款退还给受让人（不计利息）。,2020-04-17 10:33:21,http://jcjg.nr.gd.gov.cn:8088/GisqReport7.0/ReportServer?_=1587090788227&__boxModel__=true&op=page_content&sessionID=95834&pn=1,5fbbf7811eea64a215e7348a7fdfd1be,
徐闻县自然资源局国有土地使用权挂牌出让公告(XWGC[2020]007号),徐闻县自然资源局国有土地使用权挂牌出让公告(XWGC[2020]007号),挂牌,徐闻县,徐闻县自然资源局国有土地使用权挂牌出让公告(XWGC[2020]007号),2020-02-26,2020年02月26日 至 2020年03月30日,湛江市公共资源交易中心（或者http://tdkq.zjprtc.com/jingjia/以下网站下载） ,2020-03-30 16:00,2020-03-30 16:00,湛江市赤坎区体育北路2号天润中心五楼,0759-3585822,0759-3585822,,,,,,徐闻县前山镇人民政府西北侧A8号,70年,大于或等于1,,大于35,,,2000万元/公顷,5万元,,场地平整：平整  基础设施：存量建设用地,24万元,1万元,2020-04-01 10:30,2020-03-17 08:30,{JCSSPT},{SFTDPZ},{SFJBPWSS},,2020-04-17 10:33:22,http://jcjg.nr.gd.gov.cn:8088/GisqReport7.0/ReportServer?_=1587090789735&__boxModel__=true&op=page_content&sessionID=20441&pn=1,413e70e7692a9eebf52f72747d27c9d5,
徐闻县自然资源局国有土地使用权挂牌出让公告(XWGC[2020]005号),徐闻县自然资源局国有土地使用权挂牌出让公告(XWGC[2020]005号),挂牌,徐闻县,徐闻县自然资源局国有土地使用权挂牌出让公告(XWGC[2020]005号),2020-02-26,2020年02月26日 至 2020年03月30日,湛江市公共资源交易中心（或者http://tdkq.zjprtc.com/jingjia/以下网站下载） ,2020-03-30 16:00,2020-03-30 16:00,湛江市赤坎区体育北路2号天润中心五楼,0759-3585822,0759-3585822,,,,,,徐闻县前山镇人民政府西北侧A6号,70年,大于或等于1,,大于35,,,2000万元/公顷,5万元,,场地平整：平整  基础设施：存量建设用地,24万元,1万元,2020-04-01 10:10,2020-03-17 08:30,{JCSSPT},{SFTDPZ},{SFJBPWSS},,2020-04-17 10:33:22,http://jcjg.nr.gd.gov.cn:8088/GisqReport7.0/ReportServer?_=1587090790261&__boxModel__=true&op=page_content&sessionID=46238&pn=1,70c1275eceab4c3f20967f27c73bbf68,
深圳市规划和自然资源局南山管理局国有土地使用权挂牌出让公告(深土交告[2020]4号),深圳市规划和自然资源局南山管理局国有土地使用权挂牌出让公告(深土交告[2020]4号),挂牌,深圳市本级,深圳市规划和自然资源局南山管理局国有土地使用权挂牌出让公告(深土交告[2020]4号),2020-02-26,2020年02月26日 至 2020年03月26日,交易中心网址：http://www.sz68.com ,2020-03-25 16:30,2020-03-26 14:30,,,,,,,T107-0089,4808,南山区粤海街道,30年,小于或等于9,,,,商务金融用地,万元/公顷,14340万元,4428220BA0006,,71700万元,500万元,2020-03-26 15:00,2020-03-17 09:00,,,,1、公告期自2020年2月26日起至2020年3月16日止；2、准入行业类别A0729节能建筑设计与A0501城市与建筑设计、室内设计；3、上述宗地的具体情况以《深圳市土地使用权出让合同书》（样本，以下简称《出让合同》）为准。,2020-04-17 10:33:24,http://jcjg.nr.gd.gov.cn:8088/GisqReport7.0/ReportServer?_=1587090791567&__boxModel__=true&op=page_content&sessionID=258&pn=1,fa899f79c35b28b4150e0c72cfdfd6df,
徐闻县自然资源局国有土地使用权挂牌出让公告(XWGC[2020]009号),徐闻县自然资源局国有土地使用权挂牌出让公告(XWGC[2020]009号),挂牌,徐闻县,徐闻县自然资源局国有土地使用权挂牌出让公告(XWGC[2020]009号),2020-02-26,2020年02月26日 至 2020年03月30日,湛江市公共资源交易中心（或者http://tdkq.zjprtc.com/jingjia/以下网站下载） ,2020-03-30 16:00,2020-03-30 16:00,湛江市赤坎区体育北路2号天润中心五楼,0759-3585822,0759-3585822,,,,,,徐闻县前山镇人民政府西北侧A10号,70年,大于或等于1,,大于35,,,2000万元/公顷,5万元,,场地平整：平整  基础设施：存量建设用地,24万元,1万元,2020-04-01 10:50,2020-03-17 08:30,{JCSSPT},{SFTDPZ},{SFJBPWSS},,2020-04-17 10:33:24,http://jcjg.nr.gd.gov.cn:8088/GisqReport7.0/ReportServer?_=1587090792697&__boxModel__=true&op=page_content&sessionID=72243&pn=1,fac60b026c0dcff6de68c20c19c55cda,
徐闻县自然资源局国有土地使用权挂牌出让公告(XWGC[2020]006号),徐闻县自然资源局国有土地使用权挂牌出让公告(XWGC[2020]006号),挂牌,徐闻县,徐闻县自然资源局国有土地使用权挂牌出让公告(XWGC[2020]006号),2020-02-26,2020年02月26日 至 2020年03月30日,湛江市公共资源交易中心（或者http://tdkq.zjprtc.com/jingjia/以下网站下载） ,2020-03-30 16:00,2020-03-30 16:00,湛江市赤坎区体育北路2号天润中心五楼,0759-3585822,0759-3585822,,,,,,徐闻县前山镇人民政府西北侧A7号,70年,大于或等于1,,大于35,,,2000万元/公顷,5万元,,场地平整：平整  基础设施：存量建设用地,24万元,1万元,2020-04-01 10:20,2020-03-17 08:30,{JCSSPT},{SFTDPZ},{SFJBPWSS},,2020-04-17 10:33:34,http://jcjg.nr.gd.gov.cn:8088/GisqReport7.0/ReportServer?_=1587090803511&__boxModel__=true&op=page_content&sessionID=78582&pn=1,86abc921ec3038297b76556ac2fa6514,
徐闻县自然资源局国有土地使用权挂牌出让公告(XWGC[2020]004号),徐闻县自然资源局国有土地使用权挂牌出让公告(XWGC[2020]004号),挂牌,徐闻县,徐闻县自然资源局国有土地使用权挂牌出让公告(XWGC[2020]004号),2020-02-26,2020年02月26日 至 2020年03月30日,湛江市公共资源交易中心（或者http://tdkq.zjprtc.com/jingjia/以下网站下载） ,2020-03-30 16:00,2020-03-30 16:00,湛江市赤坎区体育北路2号天润中心五楼,0759-3585822,0759-3585822,,,,,,徐闻县前山镇人民政府西北侧A5号,70年,大于或等于1,,大于35,,,2000万元/公顷,5万元,,场地平整：平整  基础设施：存量建设用地,24万元,1万元,2020-04-01 10:00,2020-03-17 08:30,{JCSSPT},{SFTDPZ},{SFJBPWSS},,2020-04-17 10:33:35,http://jcjg.nr.gd.gov.cn:8088/GisqReport7.0/ReportServer?_=1587090804214&__boxModel__=true&op=page_content&sessionID=39010&pn=1,a7ff45357a46d63354a95149124c5238,
中山市自然资源局国有土地使用权挂牌出让公告(中土告字[2020]0014号),中山市自然资源局国有土地使用权挂牌出让公告(中土告字[2020]0014号),挂牌,中山市本级,中山市自然资源局国有土地使用权挂牌出让公告(中土告字[2020]0014号),2020-02-26,2020年01月23日 至 2020年04月01日,中山市公共资源交易网（网址：http://www.zsjyzx.gov.cn） ,2020-03-31 17:00,2020-04-01 11:00,中山市博爱六路22号市行政服务中心（原市博览中心常年展厅）二楼市公共资源交易中心E区,0760-89817365,0760-89817365,中山市公共资源交易中心,由竞买人在中山市公共资源交易网土地与矿业权交易系统中申请获取,由竞买人在中山市公共资源交易网土地与矿业权交易系统中申请获取,W15-20-0014,23115,中山市南朗镇（翠亨新区起步区）西三围,50年,大于或等于3,小于或等于40,大于或等于10并且小于或等于20,,工业用地,9000万元/公顷,6553万元,4422419BA0045,,13106,131万元,2020-04-02 11:30,2020-02-15 09:00,,,,（1）本宗用地已达基本建设要求。（2）本次公开出让不设保留价。（3）国有建设用地使用权出让价款支付方式：签订《出让合同》之日起20天内将成交总地价款一次性支付完毕。（4）建设用地交付时间：付清全部地价款之日起20天内  由申请单位按约定标准将国有建设用地交付竞得人使用。（5）土地开发建设条件：①行业要求及代码：信息传输、软件和信息技术服务业、科学研究和技术服务业、医药制造业、电气机械和器材制造业、计算机、通信和其他电子设备制造业、仪器仪表制造业、工业服务业、生产性服务业、现代服务业，用地竞得后产业方向符合其中一项即可；②投资强度：≥9000元/平方米；③建设期限：动工时间设定为自土地交付之日起182天内开工建设，竣工时间设定为自开工之日起1095天内竣工。；④本宗用地成交后，由竞得人与中山市翠亨新区管理委员会签订《项目履约监管合同》，竞得人就该用地项目的开发建设事宜接受所在镇区监管。（6）达产要求：竞得人应自土地交付之日起2460天内达产，达产当年达到预期产值34674万元、预期纳税额1734万元。（7）经公开出让并已建成投产的工业用地（产业用地）受让人或土地实际使用人在土地出让存续期内，出现停工、停产等非生产经营情况满一年的，由土地所在地镇（区）政府责令其恢复生产经营活动。停工、停产等非生产经营情况的认定标准由所在地镇（区）政府根据项目实际情况进行认定。经责令和处理仍不恢复生产经营的，出让人可根据所在地镇（区）政府申请，与受让人解除出让合同。受让人将土地退还给出让人后，出让人扣除受让人应当支付的违约金及其他必要费用后，将已收取的国有建设用地使用权出让价款退还给受让人（不计利息）。（8）分割转让前提条件，分割转让比例：①在竞得人首期工程竣工并达到《项目履约监管合同》约定的投资强度后，可以分割转让的建筑面积累计最高至计容建筑面积的20%（包括配套部分）；②在竞得人完成年产值、年税收指标后（可提前完成），可以分割转让的建筑面积累计最高至计容建筑面积的30%（包括配套部分）；③在竞得人完成所有指标后（可提前完成），可以分割转让的建筑面积累计至计容建筑面积的49%（包括配套部分）。（9）其他开发建设、分割转让、使用管理等要求应按《中山市新型产业用地管理办法》执行。,2020-04-17 10:33:36,http://jcjg.nr.gd.gov.cn:8088/GisqReport7.0/ReportServer?_=1587090804921&__boxModel__=true&op=page_content&sessionID=42082&pn=1,3e83495efbb9c410ba7402164079df98,
陆丰市自然资源局国有土地使用权挂牌出让公告(陆公资[2020]土网挂07号),陆丰市自然资源局国有土地使用权挂牌出让公告(陆公资[2020]土网挂07号),挂牌,陆丰市,陆丰市自然资源局国有土地使用权挂牌出让公告(陆公资[2020]土网挂07号),2020-02-27,2020年02月27日 至 2020年03月25日,http://lfsggzy.cn:8080 ,2020-03-25 16:00,2020-03-25 16:00,陆丰市政务服务中心（邻里中心）三楼,0660-8556699,0660-8556699,,,,,,陆丰市碣石镇核电站进场路东面,50年,大于或等于0,,小于或等于20,,,万元/公顷,1500万元,,,3406,100万元,2020-03-27 17:00,2020-03-18 00:00,{JCSSPT},{SFTDPZ},{SFJBPWSS},,2020-04-17 10:33:36,http://jcjg.nr.gd.gov.cn:8088/GisqReport7.0/ReportServer?_=1587090806377&__boxModel__=true&op=page_content&sessionID=27794&pn=1,0089ed8931bd5050034f14b07d5f506e,
中山市自然资源局国有土地使用权挂牌出让公告(中土告字[2020]0013号),中山市自然资源局国有土地使用权挂牌出让公告(中土告字[2020]0013号),挂牌,中山市本级,中山市自然资源局国有土地使用权挂牌出让公告(中土告字[2020]0013号),2020-02-26,2020年01月23日 至 2020年04月01日,中山市公共资源交易网（网址：http://www.zsjyzx.gov.cn） ,2020-03-31 17:00,2020-04-01 11:00,中山市博爱六路22号市行政服务中心（原市博览中心常年展厅）二楼市公共资源交易中心E区,0760-89817365,0760-89817365,中山市公共资源交易中心,由竞买人在中山市公共资源交易网土地与矿业权交易系统中申请获取,由竞买人在中山市公共资源交易网土地与矿业权交易系统中申请获取,W15-20-0013,11601,中山市南朗镇（翠亨新区起步区）西三围,50年,大于或等于3,小于或等于40,大于或等于10并且小于或等于20,,工业用地,9000万元/公顷,3289万元,,,6578,65万元,2020-04-02 10:00,2020-02-15 09:00,,,,（1）本宗用地已达基本建设要求。（2）本次公开出让不设保留价。（3）国有建设用地使用权出让价款支付方式：签订《出让合同》之日起20天内将成交总地价款一次性支付完毕。（4）建设用地交付时间：付清全部地价款之日起20天内  由申请单位按约定标准将国有建设用地交付竞得人使用。（5）土地开发建设条件：①行业要求及代码：信息传输、软件和信息技术服务业、科学研究和技术服务业、医药制造业、电气机械和器材制造业、计算机、通信和其他电子设备制造业、仪器仪表制造业、工业服务业、生产性服务业、现代服务业，用地竞得后产业方向符合其中一项即可；②投资强度：≥9000元/平方米；③建设期限：动工时间设定为自土地交付之日起182天内开工建设，竣工时间设定为自开工之日起1095天内竣工。；④本宗用地成交后，由竞得人与中山市翠亨新区管理委员会签订《项目履约监管合同》，竞得人就该用地项目的开发建设事宜接受所在镇区监管。（6）达产要求：竞得人应自土地交付之日起2372天内达产，达产当年达到预期产值17402.55万元、预期纳税额870.1275万元。（7）经公开出让并已建成投产的工业用地（产业用地）受让人或土地实际使用人在土地出让存续期内，出现停工、停产等非生产经营情况满一年的，由土地所在地镇（区）政府责令其恢复生产经营活动。停工、停产等非生产经营情况的认定标准由所在地镇（区）政府根据项目实际情况进行认定。经责令和处理仍不恢复生产经营的，出让人可根据所在地镇（区）政府申请，与受让人解除出让合同。受让人将土地退还给出让人后，出让人扣除受让人应当支付的违约金及其他必要费用后，将已收取的国有建设用地使用权出让价款退还给受让人（不计利息）。（8）分割转让前提条件，分割转让比例：①在竞得人首期工程竣工并达到《项目履约监管合同》约定的投资强度后，可以分割转让的建筑面积累计最高至计容建筑面积的20%（包括配套部分）；②在竞得人完成年产值、年税收指标后（可提前完成），可以分割转让的建筑面积累计最高至计容建筑面积的30%（包括配套部分）；③在竞得人完成所有指标后（可提前完成），可以分割转让的建筑面积累计至计容建筑面积的49%（包括配套部分）。（9）其他开发建设、分割转让、使用管理等要求应按《中山市新型产业用地管理办法》执行。,2020-04-17 10:33:36,http://jcjg.nr.gd.gov.cn:8088/GisqReport7.0/ReportServer?_=1587090805657&__boxModel__=true&op=page_content&sessionID=99540&pn=1,563f5ddb6766d790963a04ae88bdaca3,
博罗县自然资源局国有土地使用权挂牌出让公告(惠公易土博罗[2020]4号),博罗县自然资源局国有土地使用权挂牌出让公告(惠公易土博罗[2020]4号),挂牌,博罗县,博罗县自然资源局国有土地使用权挂牌出让公告(惠公易土博罗[2020]4号),2020-02-27,2020年02月27日 至 2020年04月01日,惠州市公共资源交易中心博罗分中心土地与矿业网上挂牌交易系统（www.blgtjy.com） ,2020-04-01 09:00,2020-04-01 09:00,博罗县罗阳镇商业西街博罗县社会服务中心2号楼3楼,0752-6286631,0752-6286631,,,,,,博罗县长宁镇东平村九岭经济合作社长宁大道北面地段,70年,大于1并且小于或等于3,,大于或等于30,,,万元/公顷,2200万元,,,6790万元,105万元,2020-04-01 10:00,2020-03-18 09:00,{JCSSPT},{SFTDPZ},{SFJBPWSS},宗地竞得人开发投资总额不少于15000万元（不含地价溢价部分）。,2020-04-17 10:33:37,http://jcjg.nr.gd.gov.cn:8088/GisqReport7.0/ReportServer?_=1587090806852&__boxModel__=true&op=page_content&sessionID=23588&pn=1,3f54ca6c6de4e3ff67ddf192001bea6d,
阳山县土地收购储备中心国有土地使用权挂牌出让公告(阳公易地挂出[2020]003号),阳山县土地收购储备中心国有土地使用权挂牌出让公告(阳公易地挂出[2020]003号),挂牌,阳山县,阳山县土地收购储备中心国有土地使用权挂牌出让公告(阳公易地挂出[2020]003号),2020-02-27,2020年02月28日 至 2020年03月28日,http://gtzyjy.qyggzy.cn/portal_ys/ ,2020-04-02 16:00,2020-04-02 16:00,,,,,,,,,阳山县七拱镇塘坪村下巷村小组,50年,大于或等于0,,小于或等于20,,,900万元/公顷,130万元,,现状土地条件：该地块已完成征收补偿等工作,280万元,10万元,2020-04-07 11:00,2020-03-23 00:00,{JCSSPT},{SFTDPZ},{SFJBPWSS},1、自签订《国有建设用地使用权出让合同》之日起60天内，凭受让人所提供缴清全部土地出让价款的凭证，由出让人按出让地块现状土地利用条件移交土地给受让人。2、项目建设时间为24个月。3、竞得人必须严格按照阳山县自然资源局的规划设计要求开发建设上述土地。 4、本项目工业投资强度每亩不少于60万元。5、工业用地项目所需行政办公及生活服务设施用地面积不得超过工业用地项目总面积的7%。6、厂区内需设置各项市政配套设施。7、建筑红线退让：需到相关管理部门出具意见，并按相关规范进行退让。,2020-04-17 10:33:37,http://jcjg.nr.gd.gov.cn:8088/GisqReport7.0/ReportServer?_=1587090807548&__boxModel__=true&op=page_content&sessionID=99780&pn=1,5233f6e62604885d058451739b581bc5,
广州市规划和自然资源局国有土地使用权挂牌出让公告(穗规划资源挂出告字[2020]10号),广州市规划和自然资源局国有土地使用权挂牌出让公告(穗规划资源挂出告字[2020]10号),挂牌,广州市本级,广州市规划和自然资源局国有土地使用权挂牌出让公告(穗规划资源挂出告字[2020]10号),2020-02-27,2020年02月27日 至 2020年03月17日,广州公共资源交易网（http://www.gzggzy.cn/）服务指南栏目的办事指引中下载 ,2020-03-17 17:00,2020-04-08 17:00,广州市天河区天润路333号广州公共资源交易中心,（020）28866078、28866412,（020）28866078、28866412,,,,,,白云区广百三元里地块地下空间,50年,小于或等于3,,,,,万元/公顷,人民币1357万元,,,6781万元,50万元,2020-03-30 10:00,2020-03-18 00:00,{JCSSPT},{SFTDPZ},{SFJBPWSS},土地用途：地下停车及通道；计算容积率建筑面积≤32 523平方米（其中地下一、二、三层均为10 841平方米）；竞买保证金：人民币1357万元、港币1509万元、美元195万元。,2020-04-17 10:33:38,http://jcjg.nr.gd.gov.cn:8088/GisqReport7.0/ReportServer?_=1587090808163&__boxModel__=true&op=page_content&sessionID=1188&pn=1,b4f90f653c975f3f1266a7cfcc88ea44,
陆丰市自然资源局国有土地使用权挂牌出让公告(陆公资[2020]土网挂06号),陆丰市自然资源局国有土地使用权挂牌出让公告(陆公资[2020]土网挂06号),挂牌,陆丰市,陆丰市自然资源局国有土地使用权挂牌出让公告(陆公资[2020]土网挂06号),2020-02-27,2020年02月27日 至 2020年03月25日,http://lfsggzy.cn:8080 ,2020-03-25 16:00,2020-03-25 16:00,陆丰市政务服务中心（邻里中心）三楼,0660-8556699,0660-8556699,,,,,,陆丰市碣石镇核电站进场路东面,50年,大于或等于0,,小于或等于20,,,万元/公顷,250万元,,,524,20万元,2020-03-27 17:00,2020-03-18 00:00,{JCSSPT},{SFTDPZ},{SFJBPWSS},,2020-04-17 10:33:38,http://jcjg.nr.gd.gov.cn:8088/GisqReport7.0/ReportServer?_=1587090808604&__boxModel__=true&op=page_content&sessionID=12210&pn=1,85b65072f00a314b48be4f2bbb0cb4d9,
陆丰市自然资源局国有土地使用权挂牌出让公告(陆公资[2020]土网挂10号),陆丰市自然资源局国有土地使用权挂牌出让公告(陆公资[2020]土网挂10号),挂牌,陆丰市,陆丰市自然资源局国有土地使用权挂牌出让公告(陆公资[2020]土网挂10号),2020-02-27,2020年02月27日 至 2020年03月25日,http://lfsggzy.cn:8080 ,2020-03-25 16:00,2020-03-25 16:00,陆丰市政务服务中心（邻里中心）三楼,0660-8556699,0660-8556699,,,,,,陆丰市碣石镇核电站进场路东面,50年,小于或等于0,,,,,万元/公顷,800万元,,,1743,50万元,2020-03-27 17:00,2020-03-18 00:00,{JCSSPT},{SFTDPZ},{SFJBPWSS},土地用途为交通运输用地（港口码头兼容仓储用地）,2020-04-17 10:33:38,http://jcjg.nr.gd.gov.cn:8088/GisqReport7.0/ReportServer?_=1587090809251&__boxModel__=true&op=page_content&sessionID=16805&pn=1,5ff2d1c7375defb5796eed2b06a70ac7,
中山市自然资源局国有土地使用权挂牌出让公告(中土告字[2020]0010号),中山市自然资源局国有土地使用权挂牌出让公告(中土告字[2020]0010号),挂牌,中山市本级,中山市自然资源局国有土地使用权挂牌出让公告(中土告字[2020]0010号),2020-02-27,2020年01月23日 至 2020年04月02日,中山市公共资源交易网（网址：http://www.zsjyzx.gov.cn） ,2020-04-01 17:00,2020-04-02 11:00,中山市博爱六路22号市行政服务中心（原市博览中心常年展厅）二楼市公共资源交易中心E区,0760-89817365,0760-89817365,中山市公共资源交易中心,由竞买人在中山市公共资源交易网土地与矿业权交易系统中申请获取,由竞买人在中山市公共资源交易网土地与矿业权交易系统中申请获取,W15-20-0010,5513平方米,中山市南朗镇（翠亨新区起步区）西三围,50年,小于或等于2,小于或等于30,大于或等于40,,医疗卫生用地,万元/公顷,442万元,4421919BA0122,,882,9万元,2020-04-03 16:00,2020-02-15 09:00,,,,1.本宗用地以现状（净地）出让。 2.本次公开出让不设保留价。 3.国有建设用地使用权出让价款支付方式：上网竞价成交后，竞得人将国有建设用地使用权出让价款于签订《出让合同》之日起20天内一次性支付完毕（含保证金结转出让价款）。 4.建设用地交付时间：2020年5月20日前；建设用地交付标准：按土地现状交付。 5.土地开发建设条件：①行业要求及代码：符合其中一项即可：综合医院、中医医院、中西医结合医院、专科医院、健康体检服务、临床检验服务，行业代码8411、8412、8413、8415、8491、8492。（引自)；②建设期限：在2021年2月14日之前开工，在2023年8月3日之前竣工；③成交后，竞得人须在签订《出让合同》的同时签订《用地开发建设监管合同》，就该用地的开发建设接受监管。 6.竞得人为本市辖区以外的法人、其他组织的，必须按《出让合同》约定的行业在本市注册以竞得人为唯一投资者的企业或符合相关法律规定的其他组织，竞得地块不动产证可办至该企业或组织名下。已开具的出让价款票据由竞得人自行处理。竞得人必须尽快完成新企业或组织的工商登记手续，并向中山市自然资源局提交相关资料办理更名手续。如因竞得人工商登记办理等问题，导致不能办理公开交易结案手续、不能按《出让合同》约定的时间对用地进行开发建设，造成土地闲置等违反《出让合同》规定的相关责任，概由竞得人自行承担。,2020-04-17 10:33:39,http://jcjg.nr.gd.gov.cn:8088/GisqReport7.0/ReportServer?_=1587090809876&__boxModel__=true&op=page_content&sessionID=43097&pn=1,0ab62c73575166e5e40d6d13b582e475,
陆丰市自然资源局国有土地使用权挂牌出让公告(陆公资[2020]土网挂09号),陆丰市自然资源局国有土地使用权挂牌出让公告(陆公资[2020]土网挂09号),挂牌,陆丰市,陆丰市自然资源局国有土地使用权挂牌出让公告(陆公资[2020]土网挂09号),2020-02-27,2020年02月27日 至 2020年03月25日,http://lfsggzy.cn:8080 ,2020-03-25 16:00,2020-03-25 16:00,陆丰市政务服务中心（邻里中心）三楼,0660-8556699,0660-8556699,,,,,,陆丰市碣石镇核电站进场路东面,50年,大于或等于0,,小于或等于20,,,万元/公顷,1500万元,,,3711,100万元,2020-03-27 17:00,2020-03-18 00:00,{JCSSPT},{SFTDPZ},{SFJBPWSS},,2020-04-17 10:33:40,http://jcjg.nr.gd.gov.cn:8088/GisqReport7.0/ReportServer?_=1587090810566&__boxModel__=true&op=page_content&sessionID=32812&pn=1,6914337f2537b410b3b192a27b9abf08,
陆丰市自然资源局国有土地使用权挂牌出让公告(陆公资[2020]土网挂05号),陆丰市自然资源局国有土地使用权挂牌出让公告(陆公资[2020]土网挂05号),挂牌,陆丰市,陆丰市自然资源局国有土地使用权挂牌出让公告(陆公资[2020]土网挂05号),2020-02-27,2020年02月27日 至 2020年03月25日,http://lfsggzy.cn:8080 ,2020-03-25 16:00,2020-03-25 16:00,陆丰市政务服务中心（邻里中心）三楼,0660-8556699,0660-8556699,,,,,,陆丰市碣石镇核电站进场路东面,50年,大于或等于0,,小于或等于20,,,万元/公顷,1500万元,,,3553,100万元,2020-03-27 17:00,2020-03-18 00:00,{JCSSPT},{SFTDPZ},{SFJBPWSS},,2020-04-17 10:33:41,http://jcjg.nr.gd.gov.cn:8088/GisqReport7.0/ReportServer?_=1587090811252&__boxModel__=true&op=page_content&sessionID=70013&pn=1,038b38597ef0b83a356a8dfcadfa3143,
饶平县自然资源局国有土地使用权挂牌出让公告(饶国网挂出告[2020]02号),饶平县自然资源局国有土地使用权挂牌出让公告(饶国网挂出告[2020]02号),挂牌,饶平县,饶平县自然资源局国有土地使用权挂牌出让公告(饶国网挂出告[2020]02号),2020-02-28,2020年02月29日 至 2020年03月19日,www.czggzy.com ,2020-03-31 16:00,2020-03-31 16:00,饶平县黄冈镇饶平大道中段东侧（饶平县自然资源局）,0768－7807336,0768－7807336,潮州市公共资源交易中心,广发银行潮州分行,随机保证金帐号,2020G001,308800,饶平县所城镇龙湾村水龟地,50年,大于1并且小于或等于2,小于或等于35,大于或等于15,,工业用地,万元/公顷,6000万元,4431220BA0004,,13040万元,100万元,2020-04-02 10:00,2020-03-20 08:00,,,,,2020-04-17 10:33:43,http://jcjg.nr.gd.gov.cn:8088/GisqReport7.0/ReportServer?_=1587090814210&__boxModel__=true&op=page_content&sessionID=59146&pn=1,88aeb72feebbbabe3f71785d6c4dd183,
仲恺高新区国土资源分局国有土地使用权挂牌出让公告(惠公易土仲恺[2020]008号),仲恺高新区国土资源分局国有土地使用权挂牌出让公告(惠公易土仲恺[2020]008号),挂牌,仲恺高新区分局,仲恺高新区国土资源分局国有土地使用权挂牌出让公告(惠公易土仲恺[2020]008号),2020-02-28,2020年02月28日 至 2020年04月02日,惠州市公共资源交易中心仲恺分中心 ,2020-04-02 09:00,2020-04-02 09:00,广东省惠州市仲恺高新区和畅五路人才服务大厦10楼,0752-3278419,0752-3278419,,,,GZK2020-8            宗地面积：            3881平方米            宗地坐落：            仲恺高新区东江科技园东兴片区                            出让年限：            45年            容积率：            大于或等于1.4并且小于或等于3.5            建筑密度(%)：            大于或等于35                             绿地率(%)：            小于20            建筑限高(米)：                        土地用途：            工业用地                            投资强度：            7000万元/公顷            保证金：            157万元            估价报告备案号：                                                        起始价：            314万元            加价幅度：            20万元                                              挂牌开始时间：            2020年03月19日09时00分            挂牌截止时间：            2020年04月02日10时00分                                            基础设施配套：            {JCSSPT}            是否土地平整:            {SFTDPZ}            排污设施状况：            {SFJBPWSS}        \                   排污设施状况说明：            {PWSS_SM}                                       现场照片：            {XCZP}                                       是否“三旧”改造：            {SFSJGZ}                                               备注：,,仲恺高新区东江科技园东兴片区,45年,大于或等于1,,小于20,,,7000万元/公顷,157万元,,,314万元,20万元,2020-04-02 10:00,2020-03-19 09:00,{JCSSPT},{SFTDPZ},{SFJBPWSS},宗地总面积为3881平方米（其中使用权面积为3431平方米）,2020-04-17 10:33:55,http://jcjg.nr.gd.gov.cn:8088/GisqReport7.0/ReportServer?_=1587090822919&__boxModel__=true&op=page_content&sessionID=11712&pn=1,38a0d7aa1239ca95810cb0e79a82293a,
东莞市自然资源局国有土地使用权挂牌出让公告(莞[2020]026号),东莞市自然资源局国有土地使用权挂牌出让公告(莞[2020]026号),挂牌,东莞市本级,东莞市自然资源局国有土地使用权挂牌出让公告(莞[2020]026号),2020-02-28,2020年03月05日 至 2020年03月30日,,2020-03-30 09:00,2020-03-31 17:00,东莞市东城路268号测绘大厦、东莞松山湖高新技术产业开发区沁园路1号控股大厦,26983838,26983838,,,,,,松山湖生态园横沥片区规划八路北,50年,大于或等于1并且小于或等于3,,小于或等于20,,,9000万元/公顷,1550万元,,场地平整：  基础设施：三通：通水,5107万元,100万元,2020-04-01 10:00,2020-03-19 09:00,{JCSSPT},{SFTDPZ},{SFJBPWSS},,2020-04-17 10:33:56,http://jcjg.nr.gd.gov.cn:8088/GisqReport7.0/ReportServer?_=1587090825138&__boxModel__=true&op=page_content&sessionID=84838&pn=1,fb36fac7d7a46705bf632d551edb5b10,
仲恺高新区国土资源分局国有土地使用权挂牌出让公告(惠公易土仲恺[2020]010号),仲恺高新区国土资源分局国有土地使用权挂牌出让公告(惠公易土仲恺[2020]010号),挂牌,仲恺高新区分局,仲恺高新区国土资源分局国有土地使用权挂牌出让公告(惠公易土仲恺[2020]010号),2020-02-28,2020年02月28日 至 2020年04月02日,惠州市公共资源交易中心仲恺分中心 ,2020-04-02 09:00,2020-04-02 09:00,广东省惠州市仲恺高新区和畅五路人才服务大厦10楼,0752-3278419,0752-3278419,,,,GZK2020-10            宗地面积：            58251平方米            宗地坐落：            陈江街道青春村                            出让年限：            70年            容积率：            大于1并且小于或等于3            建筑密度(%)：            小于或等于30                             绿地率(%)：            大于或等于30            建筑限高(米)：                        土地用途：            城镇住宅用地                            投资强度：            万元/公顷            保证金：            24570万元            估价报告备案号：                                                        起始价：            49141万元            加价幅度：            500万元                                              挂牌开始时间：            2020年03月19日09时00分            挂牌截止时间：            2020年04月02日10时00分                                            基础设施配套：            {JCSSPT}            是否土地平整:            {SFTDPZ}            排污设施状况：            {SFJBPWSS}        \                   排污设施状况说明：            {PWSS_SM}                                       现场照片：            {XCZP}                                       是否“三旧”改造：            {SFSJGZ}                                               备注：,,陈江街道青春村,70年,大于1并且小于或等于3,,大于或等于30,,,万元/公顷,24570万元,,,49141万元,500万元,2020-04-02 10:00,2020-03-19 09:00,{JCSSPT},{SFTDPZ},{SFJBPWSS},宗地总面积为58251O(其中使用权面积为45733O)；商服40年，住宅70年,2020-04-17 10:33:56,http://jcjg.nr.gd.gov.cn:8088/GisqReport7.0/ReportServer?_=1587090824234&__boxModel__=true&op=page_content&sessionID=50978&pn=1,09739cfb064edd3d73bb7c59a9be48d1,
仲恺高新区国土资源分局国有土地使用权挂牌出让公告(惠公易土仲恺[2020]009号),仲恺高新区国土资源分局国有土地使用权挂牌出让公告(惠公易土仲恺[2020]009号),挂牌,仲恺高新区分局,仲恺高新区国土资源分局国有土地使用权挂牌出让公告(惠公易土仲恺[2020]009号),2020-02-28,2020年02月28日 至 2020年04月02日,惠州市公共资源交易中心仲恺分中心 ,2020-04-02 09:00,2020-04-02 09:00,广东省惠州市仲恺高新区和畅五路人才服务大厦10楼,0752-3278419,0752-3278419,,,,GZK2020-9            宗地面积：            36748平方米            宗地坐落：            陈江街道青春村                            出让年限：            70年            容积率：            大于1并且小于或等于3            建筑密度(%)：            小于或等于30                             绿地率(%)：            大于或等于30            建筑限高(米)：                        土地用途：            城镇住宅用地                            投资强度：            万元/公顷            保证金：            14702万元            估价报告备案号：                                                        起始价：            29405万元            加价幅度：            300万元                                              挂牌开始时间：            2020年03月19日09时00分            挂牌截止时间：            2020年04月02日10时00分                                            基础设施配套：            {JCSSPT}            是否土地平整:            {SFTDPZ}            排污设施状况：            {SFJBPWSS}        \                   排污设施状况说明：            {PWSS_SM}                                       现场照片：            {XCZP}                                       是否“三旧”改造：            {SFSJGZ}                                               备注：,36748平方米,陈江街道青春村                            出让年限：            70年            容积率：            大于1并且小于或等于3            建筑密度(%)：            小于或等于30                             绿地率(%)：            大于或等于30            建筑限高(米)：                        土地用途：            城镇住宅用地                            投资强度：            万元/公顷            保证金：            14702万元            估价报告备案号：                                                        起始价：            29405万元            加价幅度：            300万元                                              挂牌开始时间：            2020年03月19日09时00分            挂牌截止时间：            2020年04月02日10时00分                                            基础设施配套：            {JCSSPT}            是否土地平整:            {SFTDPZ}            排污设施状况：            {SFJBPWSS}        \                   排污设施状况说明：            {PWSS_SM}                                       现场照片：            {XCZP}                                       是否“三旧”改造：            {SFSJGZ}                                               备注：            宗地总面积：36748平方米（其中使用权面积为30441平方米）；土地使用权,商服40年,大于1并且小于或等于3,,大于或等于30,,,万元/公顷,14702万元,,,29405万元,300万元,2020-04-02 10:00,2020-03-19 09:00,{JCSSPT},{SFTDPZ},{SFJBPWSS},宗地总面积：36748平方米（其中使用权面积为30441平方米）；土地使用权出让年限：商服40年，住宅70年,2020-04-17 10:33:56,http://jcjg.nr.gd.gov.cn:8088/GisqReport7.0/ReportServer?_=1587090825916&__boxModel__=true&op=page_content&sessionID=71712&pn=1,467a3304deb8e67997c7e0e403880941,英德市自然资源局国有土地使用权挂牌出让公告(英公易土告字[2020]035号),英德市自然资源局国有土地使用权挂牌出让公告(英公易土告字[2020]035号),挂牌,英德市,英德市自然资源局国有土地使用权挂牌出让公告(英公易土告字[2020]035号),2020-04-15,2020年04月15日 至 2020年05月13日,http://www.ydjyzx.cn/gtzy ,2020-05-13 17:00,2020-05-13 17:00,英德市英城金子山一号路财政局大楼一楼清远市公共资源交易英德分中心,0763-2668091,0763-2668091,,,,101700,62164,英德市望埠镇宝墩湖以北,50年,大于1并且小于或等于2,,大于或等于35,,城镇住宅用地,万元/公顷,3750万元,,场地平整：  基础设施：,7500万元,75万元,2020-05-15 16:00,2020-05-05 09:00,{JCSSPT},{SFTDPZ},{SFJBPWSS},,2020-04-17 10:59:21,http://jcjg.nr.gd.gov.cn:8088/GisqReport7.0/ReportServer?_=1587092349882&__boxModel__=true&op=page_content&sessionID=62669&pn=1,e4d7e67f908cffb90785c9c5684d26f9,
仲恺高新区国土资源分局国有土地使用权挂牌出让公告(惠公易土仲恺[2020]018号),仲恺高新区国土资源分局国有土地使用权挂牌出让公告(惠公易土仲恺[2020]018号),挂牌,仲恺高新区分局,仲恺高新区国土资源分局国有土地使用权挂牌出让公告(惠公易土仲恺[2020]018号),2020-04-11,2020年04月11日 至 2020年05月19日,惠州市公共资源交易中心仲恺分中心 ,2020-05-19 09:00,2020-05-19 09:00,广东省惠州市仲恺高新区和畅五路人才服务大厦10楼,0752-3278419,0752-3278419,,,,GZK2020-19,36400平方米,惠州仲恺高新区潼湖镇三和村,50年,大于或等于1,,大于或等于15并且小于或等于20,,工业用地,8500万元/公顷,1676万元,,,3353万元,30万元,2020-05-19 10:00,2020-05-06 09:00,{JCSSPT},{SFTDPZ},{SFJBPWSS},,2020-04-17 10:59:22,http://jcjg.nr.gd.gov.cn:8088/GisqReport7.0/ReportServer?_=1587092350660&__boxModel__=true&op=page_content&sessionID=11900&pn=1,3add9a181fc68c4d1edb48f44654c3b2,
德庆县自然资源局国有土地使用权拍卖出让公告(德自然资告字[2020]004号),德庆县自然资源局国有土地使用权拍卖出让公告(德自然资告字[2020]004号),拍卖,德庆县,德庆县自然资源局国有土地使用权拍卖出让公告(德自然资告字[2020]004号),2020-04-09,2020年04月09日 至 2020年04月28日,肇庆市公共资源交易中心德庆分中心网上交易系统(http://ggzy.zhaoqing.gov.cn/) 获取 拍卖 出让文件,,,德庆县德庆大道林业局大楼内,0758-7788639,0758-7788639,,,,DQ2020-03,6903平方米,德庆县城官圩镇、高良镇区域地块一至地块四十四,50年,大于或等于1,,,,公用设施用地,万元/公顷,28万元,,现状土地条件：净地出让,138万元,10万元,,,{JCSSPT},{SFTDPZ},{SFJBPWSS},,2020-04-17 10:59:22,http://jcjg.nr.gd.gov.cn:8088/GisqReport7.0/ReportServer?_=1587092351350&__boxModel__=true&op=page_content&sessionID=71427&pn=1,402d9de18102ea5f4d3d0545ed7238a2,
郁南县自然资源局国有土地使用权挂牌出让公告(郁自然资告字[2020]5号),郁南县自然资源局国有土地使用权挂牌出让公告(郁自然资告字[2020]5号),挂牌,郁南县,郁南县自然资源局国有土地使用权挂牌出让公告(郁自然资告字[2020]5号),2020-03-31,2020年03月31日 至 2020年04月19日,云浮市公共资源交易中心郁南分中心 ,2020-05-06 16:00,2020-05-06 11:00,郁南县都城镇中山路58号（行政服务中心四楼）,0766-7316463,0766-7316463,云浮市公共资源交易中心,由竞买人在网上挂牌交易系统自行选择,网上挂牌交易系统随机产生的子账号,云郁出挂(2020)005号,192平方米,南江口镇杨梅塘村地块,50年,小于或等于2,,,,公用设施用地,万元/公顷,15万元,4420120BA0003,,48万元,1万元,2020-05-08 16:00,2020-04-20 08:00,,,,竞得人自取得土地之日起一年内进场动工建设，正式动工之日起三年内竣工；逾期不动工建设或构成闲置的，按国土资源部《闲置土地处置办法》（国土资源部2012年第53号令）的规定处理。,2020-04-17 10:59:23,http://jcjg.nr.gd.gov.cn:8088/GisqReport7.0/ReportServer?_=1587092354490&__boxModel__=true&op=page_content&sessionID=270&pn=1,38a30da23ed24c574e902113abe6f81e,
东莞市自然资源局国有土地使用权挂牌出让公告(莞[2020]024号),东莞市自然资源局国有土地使用权挂牌出让公告(莞[2020]024号),挂牌,东莞市本级,东莞市自然资源局国有土地使用权挂牌出让公告(莞[2020]024号),2020-04-01,2020年04月01日 至 2020年04月20日,http://www.ggzy.dg.gov.cn ,2020-04-20 17:00,2020-04-21 17:00,,,,,,,2020WU002,58009,谢岗镇曹乐村,50年,小于或等于0,,大于或等于10,,公用设施用地,万元/公顷,2000万元,,场地平整：  基础设施：三通,4043万元,100万元,2020-04-21 15:00,2020-04-20 09:00,{JCSSPT},{SFTDPZ},{SFJBPWSS},,2020-04-17 10:59:24,http://jcjg.nr.gd.gov.cn:8088/GisqReport7.0/ReportServer?_=1587092353323&__boxModel__=true&op=page_content&sessionID=84035&pn=1,f220fe3bad94decec14cff92b642fbd3,
中山市自然自然局国有土地使用权挂牌出让公告(中土告字[2018]0117号),中山市自然自然局国有土地使用权挂牌出让公告(中土告字[2018]0117号),挂牌,中山市本级,中山市自然自然局国有土地使用权挂牌出让公告(中土告字[2018]0117号),2020-03-27,2020年03月20日 至 2020年04月22日,中山市公共资源交易网（网址：http://www.zsjyzx.gov.cn） ,2020-04-21 17:00,2020-04-22 11:00,中山市博爱六路22号市行政服务中心（原市博览中心常年展厅）二楼市公共资源交易中心E区,0760-89817365,0760-89817365,中山市公共资源交易中心,由竞买人在中山市公共资源交易网土地与矿业权交易系统中申请获取,由竞买人在中山市公共资源交易网土地与矿业权交易系统中申请获取,W08-18-0117,31178,中山市民众镇沙仔村,50年,大于或等于2并且小于或等于2,大于或等于35并且小于或等于60,大于或等于10并且小于或等于15,,工业用地,5250万元/公顷,1130万元,4408119BB0180,,2260,20万元,2020-04-23 09:00,2020-03-20 09:00,,,,1.本宗用地以现状（净地）出让。2.本次公开出让不设保留价。 3. 国有建设用地使用权出让价款支付方式：上网竞价成交后，竞得人将国有建设用地使用权出让价款于签订《出让合同》之日起30天内一次性支付完毕（含保证金结转出让价款）。 4.建设用地交付时间：2020年6月29日之前；建设用地交付标准：按土地现状 。 5.土地开发建设条件：①行业要求：塑料薄膜制造，行业代码为2921（引自GB/T4754-2011）；②投资强度：≥5 250元/平方米（根据《中山市产业结构调整指导目录（2013年版）》中府[2013]110号）；③建设期限：在2021年3月26日之前之前开工，在2022年3月26日之前竣工；④成交后，竞得人须在签订《出让合同》的同时签订《用地开发建设监管合同》，就该用地的开发建设接受监管。 6.达产要求：年产值：自土地交付之日起1095日前达到人民币48000万元。年税收：自土地交付之日起1095日前达到人民币3936万元。7.经公开出让并已建成投产的工业用地（产业用地）受让人或土地实际使用人在土地出让存续期内，出现停工、停产等非生产经营情况满一年的，由土地所在地镇（区）政府责令其恢复生产经营活动。停工、停产等非生产经营情况的认定标准由所在地镇（区）政府根据项目实际情况进行认定。经责令和处理仍不恢复生产经营的，出让人可根据所在地镇（区）政府申请，与受让人解除出让合同。受让人将土地退还给出让人后，出让人扣除受让人应当支付的违约金及其他必要费用后，将已收取的国有建设用地使用权出让价款退还给受让人（不计利息）。 8.受让人因自身原因未能按照出让合同约定日期开工建设逾期超过270日但未满一年的，出让人有权解除出让合同。受让人将土地退还给出让人后，出让人扣除受让人应当支付的违约金及其他必要费用后，将已收取的国有建设用地使用权出让价款退还给受让人（不计利息）。 9.若竞得人为非中山市民众镇注册的企业，则竞得人须在签订本合同之日起60天内在中山市民众镇注册成立全资独立法人企业，再办理不动产产权登记手续。,2020-04-17 10:59:25,http://jcjg.nr.gd.gov.cn:8088/GisqReport7.0/ReportServer?_=1587092354601&__boxModel__=true&op=page_content&sessionID=72341&pn=1,ff42b98e3546e06eeb2d69675082a754,
佛山市自然资源局国有土地使用权挂牌出让公告(TD2020[NH]WG0003号),佛山市自然资源局国有土地使用权挂牌出让公告(TD2020[NH]WG0003号),挂牌,南海区,佛山市自然资源局国有土地使用权挂牌出让公告(TD2020[NH]WG0003号),2020-03-25,2020年02月29日 至 2020年04月20日,佛山市国有建设用地使用权和矿业权网上交易系统 ,2020-04-20 17:00,2020-04-20 17:00,佛山市南海区桂城南海大道北28号,0757-86369250,0757-86369250,,,,TD2020(NH)WG0003,56273,佛山市南海区里水镇洲村社区居民委员会（土名）“边带路”地段,70年,大于1并且小于或等于3,,,,城镇住宅用地,万元/公顷,31994万元,,,159967万元,1500万元,2020-04-22 10:00,2020-04-12 08:00,,,,,2020-04-17 10:59:25,http://jcjg.nr.gd.gov.cn:8088/GisqReport7.0/ReportServer?_=1587092355101&__boxModel__=true&op=page_content&sessionID=20206&pn=1,2bc5e8b8beade1041509af8d8cba6ea8,
佛山市自然资源局禅城分局国有土地使用权挂牌出让公告(TD[2020](CC)WG0003号),佛山市自然资源局禅城分局国有土地使用权挂牌出让公告(TD[2020](CC)WG0003号),挂牌,禅城区,佛山市自然资源局禅城分局国有土地使用权挂牌出让公告(TD[2020](CC)WG0003号),2020-03-25,2020年03月25日 至 2020年04月21日,佛山市国有建设用地使用权和矿业权网上交易系统 ,2020-04-21 17:00,2020-04-21 17:00,佛山市禅城区季华西路131号B1座805,0757-83905327,0757-83905327,,,,TD2020(CC)WG0003,20800,佛山市禅城区南庄大道南侧、纵二路西侧,70年,大于1并且小于或等于2,小于或等于28,大于或等于30,,城镇住宅用地,万元/公顷,7942万元,,,39706万元,300万元,2020-04-23 10:00,2020-04-14 08:30,,,,地块另设有保密底价。地块规划用途为二类居住用地，兼容商业商务用地，土地出让年期为住宅用地70年，商服用地40年。竞买保证金为人民币7942万元，竞买保证金以美元交纳的则为1134万元 竞买保证金以港元交纳的则为8816万元。,2020-04-17 10:59:26,http://jcjg.nr.gd.gov.cn:8088/GisqReport7.0/ReportServer?_=1587092355766&__boxModel__=true&op=page_content&sessionID=71218&pn=1,6c33553d561747612bded25b2cb22b0c,
肇庆市自然资源局国有土地使用权拍卖出让公告(肇自然资告[2020]5号),肇庆市自然资源局国有土地使用权拍卖出让公告(肇自然资告[2020]5号),拍卖,肇庆市本级,肇庆市自然资源局国有土地使用权拍卖出让公告(肇自然资告[2020]5号),2020-03-25,2020年03月25日 至 2020年04月13日,肇庆市公共资源交易中心土地和矿业权网上交易系统（http://ggzy.zhaoqing.gov.cn） 获取 拍卖 出让文件,,,肇庆市端州三路24号,0758-2109930,0758-2109930,,,,肇自然资端宗字第（2020）3号,107538平方米,端州区130区江滨一路西北侧地段                            出让年限：            70年            容积率：            大于1并且小于或等于4            建筑密度(%)：            小于或等于40                            绿化率(%)：            大于或等于35            建筑限高(米)：            小于或等于250                                            主要用途：                                        城镇住宅用地                {MX_YT}                    投资强度：            万元/公顷            保证金：            20860万元            估价报告备案号            4417020BA0073                                                    场地平整：平整，净地出让  基础设施：给水 排水 通电 通路 通讯 通燃气                                                         起始价：            104300万元            加价幅度：            500万元                                                    备注：            （一）项目规划条件。宗地净用地面积107538平方米，使用性质为城镇住宅、零售商业、商务金融。容积率：130-04≤4.0（要求设置建筑面积不少于5万平方米的五星级酒店）；130-05≤3.6（其中兼容商业比例不大于5%）。建筑密度：130-04≤40%；130-05≤28%（住宅净密度≤20%）；建筑高度：130-04≤250米（至少有一幢建筑高度需达到250米）；130-05≤150米。绿地率：130-04≥20%，130-05≥35%。（二）,城镇住宅用地70年,大于1并且小于或等于4,小于或等于40,大于或等于35,,城镇住宅用地,万元/公顷,20860万元,4417020BA0073,,104300万元,500万元,,,,,,（一）项目规划条件。宗地净用地面积107538平方米，使用性质为城镇住宅、零售商业、商务金融。容积率：130-04≤4.0（要求设置建筑面积不少于5万平方米的五星级酒店）；130-05≤3.6（其中兼容商业比例不大于5%）。建筑密度：130-04≤40%；130-05≤28%（住宅净密度≤20%）；建筑高度：130-04≤250米（至少有一幢建筑高度需达到250米）；130-05≤150米。绿地率：130-04≥20%，130-05≥35%。（二）出让年限：城镇住宅用地70年，零售商业、商务金融用地40年。（三）根据《肇庆市人民政府关于印发的通知》（肇府[2014]2号）有关规定，该宗地竞得人需履行公共服务设施配建义务。,2020-04-17 10:59:27,http://jcjg.nr.gd.gov.cn:8088/GisqReport7.0/ReportServer?_=1587092356388&__boxModel__=true&op=page_content&sessionID=93450&pn=1,91227cffa43d04d6bb03d5e96d18bf03,
罗定市自然资源局国有土地使用权挂牌出让公告(罗自然告字[2020]04号),罗定市自然资源局国有土地使用权挂牌出让公告(罗自然告字[2020]04号),挂牌,罗定市,罗定市自然资源局国有土地使用权挂牌出让公告(罗自然告字[2020]04号),2020-03-25,2020年03月25日 至 2020年04月27日,云浮市公共资源交易网网址：http://ggzy.yunfu.gov.cn/yfggzy ,2020-04-27 16:00,2020-04-27 16:00,罗定市龙园路44号行政服务中心六楼,0766-3818036,0766-3818036,云浮市公共资源交易中心,由竞买人在网上挂牌交易系统自行选择,网上挂牌交易系统随机产生的子账号,云罗出挂[2020]004号,2936,罗定市船步镇龙村委振塘,40年,小于或等于1,小于或等于30,大于或等于10,,零售商业用地,万元/公顷,130万元,4420720BA0017,,295万元,10万元,2020-04-29 16:00,2020-04-14 08:00,,,,（一）根据船步镇控制性规划，本宗地属于加油加气站项目用地，竞得人竞得土地后只能建设加油加气站不能作其他用途。（二）本项目建设需使用振塘候车亭的位置，竞得人须按船步镇人民政府选定的重建位置，按市交通运输局的建设方案在60天内重新建设一个候车亭。船步镇人民政府负责监督落实。（三）竞买人取得土地使用权之日起12个月内动工建设， 24个月申请竣工验收。在这个时限未能建成投入使用的，按国土资源部《闲置土地处理办法》（国土资源部第53号令）的规定，土地出让方将有权依法、依规收取土地闲置费或无偿收回该建设项目用地。,2020-04-17 10:59:28,http://jcjg.nr.gd.gov.cn:8088/GisqReport7.0/ReportServer?_=1587092356960&__boxModel__=true&op=page_content&sessionID=73604&pn=1,aa5b63b2654ebd73ed9058e6230f8c13,
汕头市自然资源局潮阳分局国有土地使用权挂牌出让公告(潮阳自然资出让告[2020]1号),汕头市自然资源局潮阳分局国有土地使用权挂牌出让公告(潮阳自然资出让告[2020]1号),挂牌,潮阳区,汕头市自然资源局潮阳分局国有土地使用权挂牌出让公告(潮阳自然资出让告[2020]1号),2020-03-09,2020年03月09日 至 2020年04月10日,汕头市政府门户网站部门导航（http://www.shantou.gov.cn/ggzyjy/） 在“资料下载”栏点击“国土资源网上交易系统客户端软件下载”进入汕头市国土资源网上交易系统浏览、下载 ,2020-04-10 16:00,2020-04-10 17:00,汕头市潮阳区政务服务数据管理局三楼,（0754）83812622,（0754）83812622,汕头市公共资源交易中心,汕头市国土资源网上交易系统上获取,汕头市国土资源网上交易系统上获取,,,潮阳区海门镇滨海大小贼澳、南坑山、白石岭至小贼澳路,50年,大于或等于1并且小于或等于2,,大于或等于10并且小于或等于20,,,万元/公顷,4000万元,,现状土地条件：净地,15500万元,300万元,2020-04-13 15:00,2020-03-30 09:00,{JCSSPT},{SFTDPZ},{SFJBPWSS},1、本次挂牌出让采用网上挂牌出让方式，依托汕头市国土资源网上交易系统进行；2、规划用途：三类工业（电厂）用地285.529亩、二类仓储物流用地108.685亩;3、土地面积288728平方米（433.092亩，其中实用面积394.214亩、城市道路面积38.878亩）；4、其他规划设计条件按照原潮阳区城乡规划局出具的《规划设计条件》。,2020-04-17 10:59:28,http://jcjg.nr.gd.gov.cn:8088/GisqReport7.0/ReportServer?_=1587092357344&__boxModel__=true&op=page_content&sessionID=64532&pn=1,11732eb6155e78288723bfcf0b53e163,
龙门县自然资源局国有土地使用权挂牌出让公告(惠公易土龙门[2020]003号),龙门县自然资源局国有土地使用权挂牌出让公告(惠公易土龙门[2020]003号),挂牌,龙门县,龙门县自然资源局国有土地使用权挂牌出让公告(惠公易土龙门[2020]003号),2020-02-28,2020年02月29日 至 2020年04月01日,惠州市公共资源交易中心龙门分中心土地与矿业权网上挂牌交易系统（www.lmgtjy.com） ,2020-04-01 18:00,2020-04-01 18:00,广东省惠州市公共资源交易中心龙门公中心龙门县东门路11号,0752-7988083,0752-7988083,,,,LM2020-7,19999,龙江镇路溪村,50年,大于或等于1,大于或等于30,小于或等于20,,工业用地,3000万元/公顷,316万元,,,632万元,18万元,2020-04-02 16:00,2020-03-20 09:00,,,,,2020-04-17 10:59:28,http://jcjg.nr.gd.gov.cn:8088/GisqReport7.0/ReportServer?_=1587092358050&__boxModel__=true&op=page_content&sessionID=47175&pn=1,4f57b4c0f0868608e3e617c694385163,
中山市自然资源局国有土地使用权挂牌出让公告(中土告字[2020]0007号),中山市自然资源局国有土地使用权挂牌出让公告(中土告字[2020]0007号),挂牌,中山市本级,中山市自然资源局国有土地使用权挂牌出让公告(中土告字[2020]0007号),2020-02-26,2020年01月23日 至 2020年04月01日,中山市公共资源交易网（网址：http://www.zsjyzx.gov.cn） ,2020-03-31 17:00,2020-04-01 11:00,中山市博爱六路22号市行政服务中心（原市博览中心常年展厅）二楼市公共资源交易中心E区,0760-89817365,0760-89817365,中山市公共资源交易中心,由竞买人在中山市公共资源交易网土地与矿业权交易系统中申请获取,由竞买人在中山市公共资源交易网土地与矿业权交易系统中申请获取,W15-20-0007,11395,中山市南朗镇（翠亨新区起步区）西三围,50年,大于或等于3,小于或等于40,大于或等于10并且小于或等于20,,工业用地,9000万元/公顷,3230万元,4422220BA0005,,6461,64万元,2020-04-02 09:00,2020-02-15 09:00,,,,（1）本宗用地已达基本建设要求。（2）本次公开出让不设保留价。（3）国有建设用地使用权出让价款支付方式：签订《出让合同》之日起20天内将成交总地价款一次性支付完毕。（4）建设用地交付时间：付清全部地价款之日起20天内  由申请单位按约定标准将国有建设用地交付竞得人使用。（5）土地开发建设条件：①行业要求及代码：信息传输、软件和信息技术服务业、科学研究和技术服务业、医药制造业、电气机械和器材制造业、计算机、通信和其他电子设备制造业、仪器仪表制造业、工业服务业、生产性服务业、现代服务业，用地竞得后产业方向符合其中一项即可；②投资强度：≥9000元/平方米；③建设期限：动工时间设定为自土地交付之日起182天内开工建设，竣工时间设定为自开工之日起1095天内竣工。；④本宗用地成交后，由竞得人与中山市翠亨新区管理委员会签订《项目履约监管合同》，竞得人就该用地项目的开发建设事宜接受所在镇区监管。（6）达产要求：竞得人应自土地交付之日起2372天内达产，达产当年达到预期产值17093.1万元、预期纳税额854.66万元。（7）经公开出让并已建成投产的工业用地（产业用地）受让人或土地实际使用人在土地出让存续期内，出现停工、停产等非生产经营情况满一年的，由土地所在地镇（区）政府责令其恢复生产经营活动。停工、停产等非生产经营情况的认定标准由所在地镇（区）政府根据项目实际情况进行认定。经责令和处理仍不恢复生产经营的，出让人可根据所在地镇（区）政府申请，与受让人解除出让合同。受让人将土地退还给出让人后，出让人扣除受让人应当支付的违约金及其他必要费用后，将已收取的国有建设用地使用权出让价款退还给受让人（不计利息）。（8）分割转让前提条件，分割转让比例：①在竞得人首期工程竣工并达到《项目履约监管合同》约定的投资强度后，可以分割转让的建筑面积累计最高至计容建筑面积的20%（包括配套部分）；②在竞得人完成年产值、年税收指标后（可提前完成），可以分割转让的建筑面积累计最高至计容建筑面积的30%（包括配套部分）；③在竞得人完成所有指标后（可提前完成），可以分割转让的建筑面积累计至计容建筑面积的49%（包括配套部分）。（9）其他开发建设、分割转让、使用管理等要求应按《中山市新型产业用地管理办法》执行。,2020-04-17 10:59:29,http://jcjg.nr.gd.gov.cn:8088/GisqReport7.0/ReportServer?_=1587092358625&__boxModel__=true&op=page_content&sessionID=92443&pn=1,a8943471e59b6b026d6a437add607286,
广州开发区规划和自然资源局国有土地使用权挂牌出让公告(穗规划资源埔（开）挂出告字[2020]11号),广州开发区规划和自然资源局国有土地使用权挂牌出让公告(穗规划资源埔（开）挂出告字[2020]11号),挂牌,黄埔区,广州开发区规划和自然资源局国有土地使用权挂牌出让公告(穗规划资源埔（开）挂出告字[2020]11号),2020-02-25,2020年02月25日 至 2020年03月16日,http://www.gzggzy.cn ,2020-03-16 17:00,2020-03-21 17:00,,,,,,,,,广州市黄埔区开创大道以西、瑞祥路以南,50年,小于或等于3,,小于或等于20,,,万元/公顷,161万元,,,802万元,20万元,2020-03-27 10:00,2020-03-17 09:00,{JCSSPT},{SFTDPZ},{SFJBPWSS},1.竞买保证金人民币161万元、港币185万元、美元25万元。2.按《地块配套条件》的交地标准进行移交，详见《国有建设用地使用权出让合同》附件4。3.地块建成后的所有建筑（包括地下建筑及地上建筑）必须整体确权，不得分割转让。,2020-04-17 10:59:30,http://jcjg.nr.gd.gov.cn:8088/GisqReport7.0/ReportServer?_=1587092359144&__boxModel__=true&op=page_content&sessionID=12944&pn=1,a22d5996d4aa02bc58d9d1d9f0a9c37c,
博罗县自然资源局国有土地使用权挂牌出让公告(惠公易土博罗[2020]2号),博罗县自然资源局国有土地使用权挂牌出让公告(惠公易土博罗[2020]2号),挂牌,博罗县,博罗县自然资源局国有土地使用权挂牌出让公告(惠公易土博罗[2020]2号),2020-02-22,2020年02月22日 至 2020年03月27日,惠州市公共资源交易中心博罗分中心土地与矿业网上挂牌交易系统（www.blgtjy.com） ,2020-03-27 09:00,2020-03-27 09:00,博罗县罗阳镇商业西街博罗县社会服务中心2号楼3楼,0752-6286631,0752-6286631,,,,,,博罗县湖镇镇埔新经济联合社泽草坑（土名）地段,50年,大于或等于1,,小于或等于20,,,万元/公顷,1469万元,,起始价：,2937万元,45万元,2020-03-27 10:00,2020-03-13 09:00,{JCSSPT},{SFTDPZ},{SFJBPWSS},1、本宗地按现状挂牌出让，经县财政局核准，确认该宗地上的地上附着物价值为1435.6769万元人民币，已纳入挂牌起始价。2、本宗地块出让产业类型为化学原料和化学制品制造业，项目投资强度不低于380万元/亩，竞得人需承诺固定资产投资总额不低于13630万元人民币或2272万元美元（含地价款），年土地产出率不低于23925万元人民币，年度税收不低于1076万元人民币，并于地块成交之日起10个工作日内签订《地块产业准入条件承诺书》。,2020-04-17 10:59:31,http://jcjg.nr.gd.gov.cn:8088/GisqReport7.0/ReportServer?_=1587092359866&__boxModel__=true&op=page_content&sessionID=93024&pn=1,145a2d1b5557c78690e62869aa52a202,
广州开发区规划和自然资源局国有土地使用权挂牌出让公告(穗规划资源埔（开）挂出告字[2020]18号),广州开发区规划和自然资源局国有土地使用权挂牌出让公告(穗规划资源埔（开）挂出告字[2020]18号),挂牌,黄埔区,广州开发区规划和自然资源局国有土地使用权挂牌出让公告(穗规划资源埔（开）挂出告字[2020]18号),2020-04-03,2020年04月03日 至 2020年04月22日,http://www.gzggzy.cn ,2020-04-22 17:00,2020-04-27 17:00,,,,,,,JLGY-C-9,10009平方米,中新广州知识城九龙工业园内，改革大道以西、红卫路以北,50年,大于或等于2并且小于或等于4,小于或等于50,小于或等于20,,工业用地,万元/公顷,187万元,4409120BA0016,,931万元,20万元,2020-05-08 10:00,2020-04-23 09:00,,,,1.竞买保证金人民币187万元、港币210万元、美元30万元。2.按《地块配套条件》的交地标准进行移交，详见《国有建设用地使用权出让合同》附件4。3.地块建成后的所有建筑（包括地下建筑及地上建筑）必须整体确权，不得分割转让。,2020-04-17 10:59:31,http://jcjg.nr.gd.gov.cn:8088/GisqReport7.0/ReportServer?_=1587092353257&__boxModel__=true&op=page_content&sessionID=75632&pn=1,acfc7dd7579f978e9e9046f646145573,
德庆县自然资源局国有土地使用权拍卖出让公告(德自然资告字[2020]001号),德庆县自然资源局国有土地使用权拍卖出让公告(德自然资告字[2020]001号),拍卖,德庆县,德庆县自然资源局国有土地使用权拍卖出让公告(德自然资告字[2020]001号),2020-02-22,2020年02月22日 至 2020年03月12日,肇庆市公共资源交易中心德庆分中心网上交易系统(http://ggzy.zhaoqing.gov.cn/) 获取 拍卖 出让文件,,,德庆县德庆大道林业局大楼内,0758-7788639,0758-7788639,,,,,,德庆县官圩农贸市场北侧AB区,70年,大于1并且小于或等于2,,大于或等于30,,,万元/公顷,194万元,,现状土地条件：净地出让,970万元,10万元,,,{JCSSPT},{SFTDPZ},{SFJBPWSS},该宗土地用途为住宅用地(兼容商服用地），其中商服用地使用期限为40年，住宅用地使用期限为70年。按规划要求建设。,2020-04-17 10:59:33,http://jcjg.nr.gd.gov.cn:8088/GisqReport7.0/ReportServer?_=1587092362784&__boxModel__=true&op=page_content&sessionID=46797&pn=1,c1288b8c25e5d875e49b4c5137053721,
惠州市自然资源局国有土地使用权挂牌出让公告(惠公易土市直[2020]007号),惠州市自然资源局国有土地使用权挂牌出让公告(惠公易土市直[2020]007号),挂牌,惠州市本级,惠州市自然资源局国有土地使用权挂牌出让公告(惠公易土市直[2020]007号),2020-02-24,2020年02月25日 至 2020年03月30日,,2020-03-30 09:00,2020-03-30 09:00,广东省惠州市江北文华一路2号大隆大厦6楼,（0752）7121026、7121042,（0752）7121026、7121042,,,,,,惠州市南湖公园NH-03地块,50年,大于0并且小于1,,,,,万元/公顷,528万元,,,1760万元,100万元,2020-03-30 10:00,2020-03-16 09:00,{JCSSPT},{SFTDPZ},{SFJBPWSS},,2020-04-17 10:59:41,http://jcjg.nr.gd.gov.cn:8088/GisqReport7.0/ReportServer?_=1587092371375&__boxModel__=true&op=page_content&sessionID=23481&pn=1,2ba2891ff324ec7d0785371be9f093ed,
连州市自然资源局国有土地使用权挂牌出让公告(连公易地挂出[2020]006号),连州市自然资源局国有土地使用权挂牌出让公告(连公易地挂出[2020]006号),挂牌,连州市,连州市自然资源局国有土地使用权挂牌出让公告(连公易地挂出[2020]006号),2020-02-24,2020年02月24日 至 2020年03月25日,http://gtzyjy.qyggzy.cn/portal_lz/ ,2020-03-25 16:00,2020-03-25 16:00,连州市连州镇星河路聚源大厦二楼清远市公共资源交易连州分中心国土资源交易窗口,0763-6668009,0763-6668009,,,,,,连州市家具工业园                            出让年限：            70年            容积率：            大于1并且小于或等于1.2            建筑密度(%)：            小于或等于45                             绿地率(%)：            大于或等于15            建筑限高(米)：            小于或等于35            土地用途：            城镇住宅用地                            投资强度：            万元/公顷            保证金：            1503.5万元            估价报告备案号：            4429420BA0009                                                    现状土地条件：该地块已完成征收补偿安置等工作，权属无争议，界址清晰 未设置除土地所有权以外的其他产权。该地块为净地出让，土地平整，基础设施配套有给水、排水、通电、通路、通讯，具备排污设施。                                            起始价：            3007万元            加价幅度：            150万元                                              挂牌开始时间：            2020年03月16日09时00分            挂牌截止时间：            2020年03月27日11时00分                                            基础设施配套：            {JCSSPT}            是否土地平整:            {SFTDPZ}            排污设施状况：            {SFJBPWSS}        \                   排污设施状况说明：            {PWSS_SM}                                       现场照片：            {XCZP}                                       是否“三旧”改造：            {SFSJGZ}                                               备注：            1、出让地块的土地用途为城镇住宅用地兼容商服用地（商业部分须用于开发建设家居建材专业市场）。 2、出让地块的土地,城镇住宅用地70年,大于1并且小于或等于1,,大于或等于15,,,万元/公顷,1503,,现状土地条件：该地块已完成征收补偿安置等工作,3007万元,150万元,2020-03-27 11:00,2020-03-16 09:00,{JCSSPT},{SFTDPZ},{SFJBPWSS},1、出让地块的土地用途为城镇住宅用地兼容商服用地（商业部分须用于开发建设家居建材专业市场）。 2、出让地块的土地出让年限：城镇住宅用地70年，商服用地40年。,2020-04-17 10:59:42,http://jcjg.nr.gd.gov.cn:8088/GisqReport7.0/ReportServer?_=1587092371990&__boxModel__=true&op=page_content&sessionID=37929&pn=1,469080fc5a0fd50f931699e78d2cd47b,
韶关市公共资源交易中心国有土地使用权挂牌出让公告(韶地出让告字[2020]014号),韶关市公共资源交易中心国有土地使用权挂牌出让公告(韶地出让告字[2020]014号),挂牌,新丰县,韶关市公共资源交易中心国有土地使用权挂牌出让公告(韶地出让告字[2020]014号),2020-02-24,2020年02月19日 至 2020年03月23日,韶关市公共资源交易中心 ,2020-03-24 17:00,2020-03-23 17:00,新丰县丰城街道人民东路45号四楼新丰分中心,0751-2198026,0751-2198026,,,,,,新丰县丰城街道丰城大道东82号(花厂、交警大队家属楼及周边地块改造项目),70年,大于1并且小于或等于4,,大于或等于30,,,万元/公顷,1580万元,,场地平整：基本平整,7897万元,10万元,2020-03-24 17:00,2020-03-11 08:00,{JCSSPT},{SFTDPZ},{SFJBPWSS},,2020-04-17 10:59:44,http://jcjg.nr.gd.gov.cn:8088/GisqReport7.0/ReportServer?_=1587092373218&__boxModel__=true&op=page_content&sessionID=62953&pn=1,655a2c005364c50a29a9c2a486b68f80,
连州市自然资源局国有土地使用权挂牌出让公告(连公易地挂出[2020]007号),连州市自然资源局国有土地使用权挂牌出让公告(连公易地挂出[2020]007号),挂牌,连州市,连州市自然资源局国有土地使用权挂牌出让公告(连公易地挂出[2020]007号),2020-02-24,2020年02月24日 至 2020年03月25日,http://gtzyjy.qyggzy.cn/portal_lz/ ,2020-03-25 16:00,2020-03-25 16:00,连州市连州镇星河路聚源大厦二楼清远市公共资源交易连州分中心国土资源交易窗口,0763-6668009,0763-6668009,,,,,,连州市家具工业园                            出让年限：            70年            容积率：            大于1并且小于或等于1.8            建筑密度(%)：            小于或等于25                             绿地率(%)：            大于或等于32            建筑限高(米)：            小于或等于60            土地用途：            城镇住宅用地                            投资强度：            万元/公顷            保证金：            1285万元            估价报告备案号：            4429420BA0008                                                    现状土地条件：该地块已完成征收补偿安置等工作，权属无争议，界址清晰 未设置除土地所有权以外的其他产权。该地块为净地出让，土地平整，基础设施配套有给水、排水、通电、通路、通讯，具备排污设施。                                            起始价：            2570万元            加价幅度：            128万元                                              挂牌开始时间：            2020年03月16日09时00分            挂牌截止时间：            2020年03月27日15时00分                                            基础设施配套：            {JCSSPT}            是否土地平整:            {SFTDPZ}            排污设施状况：            {SFJBPWSS}        \                   排污设施状况说明：            {PWSS_SM}                                       现场照片：            {XCZP}                                       是否“三旧”改造：            {SFSJGZ}                                               备注：             1、出让地块的土地用途为城镇住宅用地兼容商服用地（商业部分须用于开发建设家居建材专业市场）。 2、出让地块的土地,城镇住宅用地70年,大于1并且小于或等于1,,大于或等于32,,,万元/公顷,1285万元,,现状土地条件：该地块已完成征收补偿安置等工作,2570万元,128万元,2020-03-27 15:00,2020-03-16 09:00,{JCSSPT},{SFTDPZ},{SFJBPWSS},1、出让地块的土地用途为城镇住宅用地兼容商服用地（商业部分须用于开发建设家居建材专业市场）。 2、出让地块的土地出让年限：城镇住宅用地70年，商服用地40年。,2020-04-17 10:59:44,http://jcjg.nr.gd.gov.cn:8088/GisqReport7.0/ReportServer?_=1587092373755&__boxModel__=true&op=page_content&sessionID=67945&pn=1,376f8a6616acef8cde3dfb5711052ef2,
连州市自然资源局国有土地使用权挂牌出让公告(连公易地挂出[2020]005号),连州市自然资源局国有土地使用权挂牌出让公告(连公易地挂出[2020]005号),挂牌,连州市,连州市自然资源局国有土地使用权挂牌出让公告(连公易地挂出[2020]005号),2020-02-24,2020年02月24日 至 2020年03月25日,http://gtzyjy.qyggzy.cn/portal_lz/ ,2020-03-25 16:00,2020-03-25 16:00,连州市连州镇星河路聚源大厦二楼清远市公共资源交易连州分中心国土资源交易窗口,0763-6668009,0763-6668009,,,,,,连州市家具工业园                            出让年限：            70年            容积率：            大于1并且小于或等于1.2            建筑密度(%)：            小于或等于45                             绿地率(%)：            大于或等于15            建筑限高(米)：            小于或等于35            土地用途：            城镇住宅用地                            投资强度：            万元/公顷            保证金：            1636.5万元            估价报告备案号：            4429420BA0010                                                    现状土地条件：该地块已完成征收补偿安置等工作，权属无争议，界址清晰 未设置除土地所有权以外的其他产权。该地块为净地出让，土地平整，基础设施配套有给水、排水、通电、通路、通讯，具备排污设施。                                            起始价：            3273万元            加价幅度：            163万元                                              挂牌开始时间：            2020年03月16日09时00分            挂牌截止时间：            2020年03月27日10时00分                                            基础设施配套：            {JCSSPT}            是否土地平整:            {SFTDPZ}            排污设施状况：            {SFJBPWSS}        \                   排污设施状况说明：            {PWSS_SM}                                       现场照片：            {XCZP}                                       是否“三旧”改造：            {SFSJGZ}                                               备注：            1、出让地块的土地用途为城镇住宅用地兼容商服用地（商业部分须用于开发建设家居建材专业市场）。2、出让地块的土地,城镇住宅用地70年,大于1并且小于或等于1,,大于或等于15,,,万元/公顷,1636,,现状土地条件：该地块已完成征收补偿安置等工作,3273万元,163万元,2020-03-27 10:00,2020-03-16 09:00,{JCSSPT},{SFTDPZ},{SFJBPWSS},1、出让地块的土地用途为城镇住宅用地兼容商服用地（商业部分须用于开发建设家居建材专业市场）。2、出让地块的土地出让年限：城镇住宅用地70年，商服用地40年。,2020-04-17 10:59:45,http://jcjg.nr.gd.gov.cn:8088/GisqReport7.0/ReportServer?_=1587092374181&__boxModel__=true&op=page_content&sessionID=80029&pn=1,5f786fe5caaab53ea706f4214243efd5,
惠州市自然资源局国有土地使用权挂牌出让公告(惠公易土市直[2020]008号),惠州市自然资源局国有土地使用权挂牌出让公告(惠公易土市直[2020]008号),挂牌,惠州市本级,惠州市自然资源局国有土地使用权挂牌出让公告(惠公易土市直[2020]008号),2020-02-24,2020年02月25日 至 2020年03月30日,,2020-03-30 09:00,2020-03-30 09:00,广东省惠州市江北文华一路2号大隆大厦6楼,（0752）7121026、7121042,（0752）7121026、7121042,,,,,,惠州市河南岸公园HNA46-01-01地块,50年,大于0并且小于1,,,,,万元/公顷,600万元,,,2000万元,100万元,2020-03-30 10:00,2020-03-16 09:00,{JCSSPT},{SFTDPZ},{SFJBPWSS},,2020-04-17 10:59:46,http://jcjg.nr.gd.gov.cn:8088/GisqReport7.0/ReportServer?_=1587092375466&__boxModel__=true&op=page_content&sessionID=65120&pn=1,f853a6e219e8dec3988bcf218b47e815,
连州市自然资源局国有土地使用权挂牌出让公告(连公易地挂出[2020]008号),连州市自然资源局国有土地使用权挂牌出让公告(连公易地挂出[2020]008号),挂牌,连州市,连州市自然资源局国有土地使用权挂牌出让公告(连公易地挂出[2020]008号),2020-02-24,2020年02月24日 至 2020年03月25日,http://gtzyjy.qyggzy.cn/portal_lz/ ,2020-03-25 16:00,2020-03-25 16:00,连州市连州镇星河路聚源大厦二楼清远市公共资源交易连州分中心国土资源交易窗口,0763-6668009,0763-6668009,,,,,,连州市家具工业园,50年,等于1,,大于或等于40,,,万元/公顷,34,,现状土地条件：该地块已完成征收补偿安置等工作,69万元,3万元,2020-03-27 16:00,2020-03-16 09:00,{JCSSPT},{SFTDPZ},{SFJBPWSS},,2020-04-17 10:59:47,http://jcjg.nr.gd.gov.cn:8088/GisqReport7.0/ReportServer?_=1587092376106&__boxModel__=true&op=page_content&sessionID=79198&pn=1,85b7ae808e2bee84b1d27920ee4a2cbb,
广州开发区规划和自然资源局国有土地使用权挂牌出让公告(穗规划资源埔（开）挂出告字[2020]09号),广州开发区规划和自然资源局国有土地使用权挂牌出让公告(穗规划资源埔（开）挂出告字[2020]09号),挂牌,黄埔区,广州开发区规划和自然资源局国有土地使用权挂牌出让公告(穗规划资源埔（开）挂出告字[2020]09号),2020-02-25,2020年02月10日 至 2020年03月25日,http://www.gzggzy.cn ,2020-03-02 17:00,2020-03-25 17:00,,,,,,,,,广州市黄埔区科学大道以北、开泰大道以西,40年,小于或等于3,,大于或等于35,,,万元/公顷,22796万元,,,113978万元,1000万元,2020-03-13 10:00,2020-03-03 09:00,{JCSSPT},{SFTDPZ},{SFJBPWSS},1.竞买保证金人民币22796万元、港币25440万元、美元3270万元。 2.按《地块配套条件》的交地标准进行移交，详见《国有建设用地使用权出让合同》附件4。3.轨道交通站点轨道及设备用房等设施的建筑面积不纳入规划条件的计算容积率建筑面积内。,2020-04-17 10:59:49,http://jcjg.nr.gd.gov.cn:8088/GisqReport7.0/ReportServer?_=1587092378116&__boxModel__=true&op=page_content&sessionID=87381&pn=1,34ca371e483de3c1605c2ec337fe8866,
德庆县自然资源局国有土地使用权拍卖出让公告(德自然资告字[2019]014号),德庆县自然资源局国有土地使用权拍卖出让公告(德自然资告字[2019]014号),拍卖,德庆县,德庆县自然资源局国有土地使用权拍卖出让公告(德自然资告字[2019]014号),2020-02-25,2020年02月25日 至 2020年03月15日,肇庆市公共资源交易中心德庆分中心网上交易系统(http://ggzy.zhaoqing.gov.cn/) 获取 拍卖 出让文件,,,德庆县德庆大道林业局大楼内,0758-7788639,0758-7788639,,,,,,德庆县城工业园区伯马机械公司北侧,50年,大于1,,小于20,,,万元/公顷,90万元,,现状土地条件：净地出让,445万元,10万元,,,{JCSSPT},{SFTDPZ},{SFJBPWSS},,2020-04-17 10:59:50,http://jcjg.nr.gd.gov.cn:8088/GisqReport7.0/ReportServer?_=1587092378839&__boxModel__=true&op=page_content&sessionID=57273&pn=1,d037e7c493cb8965f7e19c2a491a483b,
德庆县自然资源局国有土地使用权拍卖出让公告(德自然资告字[2019]014号),德庆县自然资源局国有土地使用权拍卖出让公告(德自然资告字[2019]014号),拍卖,德庆县,德庆县自然资源局国有土地使用权拍卖出让公告(德自然资告字[2019]014号),2020-02-25,2020年02月25日 至 2020年03月15日,肇庆市公共资源交易中心德庆分中心网上交易系统(http://ggzy.zhaoqing.gov.cn/) 获取 拍卖 出让文件,,,德庆县德庆大道林业局大楼内,0758-7788639,0758-7788639,,,,,,德庆县城工业区伯马机械公司东侧,50年,大于1,,小于20,,,万元/公顷,56万元,,现状土地条件：净地出让,276万元,10万元,,,{JCSSPT},{SFTDPZ},{SFJBPWSS},,2020-04-17 10:59:50,http://jcjg.nr.gd.gov.cn:8088/GisqReport7.0/ReportServer?_=1587092378839&__boxModel__=true&op=page_content&sessionID=57273&pn=1,d037e7c493cb8965f7e19c2a491a483b,
德庆县自然资源局国有土地使用权拍卖出让公告(德自然资告字[2019]014号),德庆县自然资源局国有土地使用权拍卖出让公告(德自然资告字[2019]014号),拍卖,德庆县,德庆县自然资源局国有土地使用权拍卖出让公告(德自然资告字[2019]014号),2020-02-25,2020年02月25日 至 2020年03月15日,肇庆市公共资源交易中心德庆分中心网上交易系统(http://ggzy.zhaoqing.gov.cn/) 获取 拍卖 出让文件,,,德庆县德庆大道林业局大楼内,0758-7788639,0758-7788639,,,,,,德庆县城工业园区创业路东侧,50年,大于1,,小于20,,,万元/公顷,85万元,,现状土地条件：净地出让,415万元,10万元,,,{JCSSPT},{SFTDPZ},{SFJBPWSS},,2020-04-17 10:59:50,http://jcjg.nr.gd.gov.cn:8088/GisqReport7.0/ReportServer?_=1587092378839&__boxModel__=true&op=page_content&sessionID=57273&pn=1,d037e7c493cb8965f7e19c2a491a483b,
德庆县自然资源局国有土地使用权拍卖出让公告(德自然资告字[2019]014号),德庆县自然资源局国有土地使用权拍卖出让公告(德自然资告字[2019]014号),拍卖,德庆县,德庆县自然资源局国有土地使用权拍卖出让公告(德自然资告字[2019]014号),2020-02-25,2020年02月25日 至 2020年03月15日,肇庆市公共资源交易中心德庆分中心网上交易系统(http://ggzy.zhaoqing.gov.cn/) 获取 拍卖 出让文件,,,德庆县德庆大道林业局大楼内,0758-7788639,0758-7788639,,,,,,德庆县工业园园区110KV变电站北侧,50年,大于1,,小于20,,,万元/公顷,88万元,,现状土地条件：净地出让,440万元,10万元,,,{JCSSPT},{SFTDPZ},{SFJBPWSS},,2020-04-17 10:59:50,http://jcjg.nr.gd.gov.cn:8088/GisqReport7.0/ReportServer?_=1587092378839&__boxModel__=true&op=page_content&sessionID=57273&pn=1,d037e7c493cb8965f7e19c2a491a483b,
德庆县自然资源局国有土地使用权拍卖出让公告(德自然资告字[2019]014号),德庆县自然资源局国有土地使用权拍卖出让公告(德自然资告字[2019]014号),拍卖,德庆县,德庆县自然资源局国有土地使用权拍卖出让公告(德自然资告字[2019]014号),2020-02-25,2020年02月25日 至 2020年03月15日,肇庆市公共资源交易中心德庆分中心网上交易系统(http://ggzy.zhaoqing.gov.cn/) 获取 拍卖 出让文件,,,德庆县德庆大道林业局大楼内,0758-7788639,0758-7788639,,,,,,德庆县城工业园区创业路东侧,50年,大于1,,小于20,,,万元/公顷,61万元,,现状土地条件：净地出让,305万元,10万元,,,{JCSSPT},{SFTDPZ},{SFJBPWSS},,2020-04-17 10:59:50,http://jcjg.nr.gd.gov.cn:8088/GisqReport7.0/ReportServer?_=1587092378839&__boxModel__=true&op=page_content&sessionID=57273&pn=1,d037e7c493cb8965f7e19c2a491a483b,