行政区,土地坐落,总面积(公顷),土地用途,签订日期,项目名称,项目位置,面积(公顷),土地来源,供应方式,土地使用年限,行业分类,土地级别,成交价格(万元),分期支付约定-支付期号,分期支付约定-约定支付日期,分期支付约定-约定支付金额(万元),分期支付约定-备注,土地使用权人,约定容积率下限,约定容积率上限,约定交地时间,约定开工时间,约定竣工时间,实际开工时间,实际竣工时间,批准单位,合同签订日期,爬取时间,爬取地址url,唯一标识,
高要市,金利镇北区,2.70346,工业用地,2017-09-14,肇庆长源汽车配件有限公司,金利镇北区,2.70346,新增建设用地(来自存量库),拍卖出让,50,汽车制造,汽车制造土地级别：四级,740,1|,2017-10-14,740|, ,肇庆长源汽车配件有限公司,1,2,2017-09-30,2018-09-29,2019-09-29,2018-09-29,2019-09-29,肇庆市高要区人民政府,2017-09-14,2020-04-17 10:56:41,http://jcjg.nr.gd.gov.cn:8088/GisqReport7.0/ReportServer?_=1587092190878&__boxModel__=true&op=page_content&sessionID=64964&pn=1,ce6901140552f9f7f7bbd5e3b9cf2e00,
中山市本级,沙溪镇中兴村,0.77972,其他普通商品住房用地,2011-09-27,关于中山市沙溪镇中兴村厚山股份合作经济社申请受让土地作商业住宅用地的批复,沙溪镇中兴村,0.77972,新增建设用地,协议出让,70,房地产业,房地产业土地级别：五级,35.0874,1|,2011-11-26,35.0874|, ,中山市沙溪镇中兴村厚山股份合作经济社,1,2.5,2019-03-31,2019-12-21,2021-12-21,,,中山市人民政府,2011-09-27,2020-04-17 10:56:42,http://jcjg.nr.gd.gov.cn:8088/GisqReport7.0/ReportServer?_=1587092191347&__boxModel__=true&op=page_content&sessionID=29803&pn=1,f464c2b72b19a36cd70177113462e973,
徐闻县,徐闻大道第二区R23-1号,0.0135,其他普通商品住房用地,2014-11-03,住宅用地,徐闻大道第二区R23-1号,0.0135,新增建设用地,划拨,,房地产业,房地产业土地级别：十一级,0,,,,,董溢,1,6,2019-02-03,2020-02-02,2022-02-02,,,徐闻县人民政府,2014-11-03,2020-04-17 10:56:42,http://jcjg.nr.gd.gov.cn:8088/GisqReport7.0/ReportServer?_=1587092191950&__boxModel__=true&op=page_content&sessionID=25354&pn=1,b1f84aed98aff1ad11fca0b99361d1cc,
台山市,台山市端芬镇河滨区一号,2.142826,其他普通商品住房用地,2011-11-15,房地产,台山市端芬镇河滨区一号,2.142826,现有建设用地,挂牌出让,商务金融用地40年; 其他普通商品住房用地70,房地产业,房地产业土地级别：未评估地区,1380,1|,2011-11-25,1380|, ,台山市荣富房地产开发有限公司,1,2.1,2018-09-29,2019-09-28,2020-09-28,,,台山市人民政府,2011-11-15,2020-04-17 10:56:43,http://jcjg.nr.gd.gov.cn:8088/GisqReport7.0/ReportServer?_=1587092192632&__boxModel__=true&op=page_content&sessionID=912&pn=1,f31ba567b0bdc0f18a48924577504b3b,
潮州市本级,湘桥区意东三路南段,9.333334,其他普通商品住房用地,2015-12-29,湘桥区意东三路南段QD-6地块国有土地使用权挂牌出让项目,湘桥区意东三路南段,9.333334,现有建设用地,挂牌出让,其他普通商品住房用地70年; 科教用地50,房地产业,房地产业土地级别：一级,40600,1|,2016-01-28,40600|, ,潮州市韩东新区建设投资开发有限公司,1,3.5,2019-01-28,2020-01-28,2023-01-28,,,潮州市人民政府,2015-12-29,2020-04-17 10:56:44,http://jcjg.nr.gd.gov.cn:8088/GisqReport7.0/ReportServer?_=1587092193262&__boxModel__=true&op=page_content&sessionID=78865&pn=1,215c779cb98f1261475ef90399cecc22,
电白区,电白区南方商业城西区十行53号,0.0088,其他普通商品住房用地,2018-01-24,茂名市财政局,电白区南方商业城西区十行53号,0.0088,现有建设用地,协议出让,70,房地产业,房地产业土地级别：七级,9.34,1|,2018-02-23,9.34|, ,茂名市财政局,1,,,,,,,电白区人民政府,2018-01-24,2020-04-17 10:56:44,http://jcjg.nr.gd.gov.cn:8088/GisqReport7.0/ReportServer?_=1587092193860&__boxModel__=true&op=page_content&sessionID=4380&pn=1,c6f3f2b22e3bd3055b186557bb2a29ee,
新丰县,云髻山西坑首期,6.8,其他普通商品住房用地,2015-07-17,住宅用地,云髻山西坑首期,6.8,现有建设用地,挂牌出让,其他商服用地40年; 其他普通商品住房用地70,房地产业,房地产业土地级别：八级,2272,1|2|,2015-08-14|2015-09-14,1137|1135|,  ,广东云髻山温泉度假山庄有限公司,1,1.2,2015-09-26,2015-11-26,2017-11-26,2016-04-05,2017-11-16,新丰县人民政府,2015-07-17,2020-04-17 10:56:45,http://jcjg.nr.gd.gov.cn:8088/GisqReport7.0/ReportServer?_=1587092194604&__boxModel__=true&op=page_content&sessionID=79012&pn=1,20f3df5226908d61fb926f83605a216f,
清远市本级,清远高新技术产业开发区莲湖高新技术产业园,2.134197,其他普通商品住房用地,2015-03-16,清远市经济开发区嘉盈投资开发有限公司,清远高新技术产业开发区莲湖高新技术产业园,2.134197,新增建设用地,挂牌出让,70,房地产业,房地产业土地级别：八级,3430,1|,2015-04-15,3430|, ,清远市经济开发区嘉盈投资开发有限公司,1,2.5,2018-09-29,2019-09-29,2021-09-29,,,广东清远高新技术产业开发区管理委员会（市政府授权）人民政府,2015-03-16,2020-04-17 10:56:45,http://jcjg.nr.gd.gov.cn:8088/GisqReport7.0/ReportServer?_=1587092195254&__boxModel__=true&op=page_content&sessionID=47636&pn=1,8c73be306ffeabf8c0955ace4ae52e22,
雷州市,雷州上坡新村,0.0055,中低价位、中小套型普通商品住房用地,2011-08-16,李俊贤,雷州上坡新村,0.0055,现有建设用地,协议出让,70,房屋和土木工程业,房屋和土木工程业土地级别：四级,2.6246,1|,2011-08-16,2.6246|, ,李俊贤,,,2011-08-16,2011-07-25,2012-07-25,,,雷州市人民政府,2011-08-16,2020-04-17 10:56:46,http://jcjg.nr.gd.gov.cn:8088/GisqReport7.0/ReportServer?_=1587092195704&__boxModel__=true&op=page_content&sessionID=61637&pn=1,2c1d98323fbde8f9e7f47fe70f067e17,
顺德区,龙江镇大坝工业基地E07地块,11.543277,工业用地,2007-06-29,龙江佛山市顺德区粤海装饰配套工程有限公司厂房,龙江镇大坝工业基地E07地块,11.543277,现有建设用地,协议出让,50,家具制造业,家具制造业土地级别：三级,2539.5209,1|,2007-07-29,2539.5209|, ,佛山市顺德区粤海装饰配套工程有限公司,1.2,2,2007-06-30,2018-05-13,2020-05-12,,,佛山市人民政府,2007-06-29,2020-04-17 10:56:46,http://jcjg.nr.gd.gov.cn:8088/GisqReport7.0/ReportServer?_=1587092196382&__boxModel__=true&op=page_content&sessionID=34392&pn=1,6fda440207cc546115b6823c732e51dc,
雷州市,雷州市全茂开发二区,0.0081,中低价位、中小套型普通商品住房用地,2010-07-09,张朝豪,雷州市全茂开发二区,0.0081,现有建设用地,协议出让,70,房屋和土木工程业,房屋和土木工程业土地级别：三级,0.852,1|,2010-07-09,0.852|, ,张朝豪,,,2010-07-09,2010-07-09,2011-07-09,,,,2010-07-09,2020-04-17 10:56:47,http://jcjg.nr.gd.gov.cn:8088/GisqReport7.0/ReportServer?_=1587092197096&__boxModel__=true&op=page_content&sessionID=49232&pn=1,4d7aea381efb6803ffdb5b6fad49279b,
梅江区,江南办新中苑,0.002177,其他普通商品住房用地,2010-07-09,黄春莲,江南办新中苑,0.002177,现有建设用地,协议出让,70,房地产业,房地产业土地级别：一级,0.2945,1|,2010-07-09,0.2945|, ,黄春莲,,,2010-07-09,2011-07-09,2014-07-09,,,梅州市人民政府,2010-07-09,2020-04-17 10:56:48,http://jcjg.nr.gd.gov.cn:8088/GisqReport7.0/ReportServer?_=1587092197812&__boxModel__=true&op=page_content&sessionID=38748&pn=1,f5c7deea0b2d73a35d1439dba3e38733,
顺德区,佛山市顺德区陈村镇旧圩居委会瑞安里7号,0.003576,其他普通商品住房用地,2010-07-12,住宅用途用地,佛山市顺德区陈村镇旧圩居委会瑞安里7号,0.003576,现有建设用地,协议出让,70,房地产业,房地产业土地级别：一级,0.7215,1|,2010-09-10,0.7215|, ,麦结梅,2,,2010-07-12,2010-07-12,2010-07-12,,,佛山市人民政府,2010-07-12,2020-04-17 10:56:48,http://jcjg.nr.gd.gov.cn:8088/GisqReport7.0/ReportServer?_=1587092198500&__boxModel__=true&op=page_content&sessionID=61084&pn=1,7926c75b8c75b8aa2ef8df4d45148ccd,
中山市本级,中山市港口镇石特社区,0.25615,工业用地,2011-05-05,工业建设用地,中山市港口镇石特社区,0.25615,新增建设用地,挂牌出让,50,棉、化纤纺织及印染精加工,棉、化纤纺织及印染精加工土地级别：四级,98.3629,1|,2011-05-15,98.3629|, ,中山市丽淦时装制衣有限公司,0,1.2,2011-05-26,2011-11-22,2013-05-15,2011-11-22,,中山市人民政府,2011-05-05,2020-04-17 10:56:49,http://jcjg.nr.gd.gov.cn:8088/GisqReport7.0/ReportServer?_=1587092199061&__boxModel__=true&op=page_content&sessionID=98942&pn=1,f9f87f8d2e1d298f59872fb21f2f8ba8,
阳江市本级,市区高凉路南,2.5544,其他普通商品住房用地,2012-03-14,农民留用地,市区高凉路南,2.5544,现有建设用地,划拨,,社会保障业,社会保障业土地级别：四级,0,,,,,阳江市中冠房地产开发有限公司,1,2,2018-11-12,2019-11-12,2022-11-12,,,阳江市人民政府,2012-03-14,2020-04-17 10:56:49,http://jcjg.nr.gd.gov.cn:8088/GisqReport7.0/ReportServer?_=1587092199616&__boxModel__=true&op=page_content&sessionID=32473&pn=1,43e3b587f93d99d053746134bb919373,
蕉岭县,新铺镇新福路16-17号之间,0.003231,其他住房用地,2009-05-07,住宅,新铺镇新福路16-17号之间,0.003231,现有建设用地,协议出让,70,房屋和土木工程业,房屋和土木工程业土地级别：一级,0.2124,1|,2009-05-17,0.2124|, ,邓国标,1,,2009-05-07,2009-05-07,2009-05-07,,,蕉岭县人民政府,2009-05-07,2020-04-17 10:56:50,http://jcjg.nr.gd.gov.cn:8088/GisqReport7.0/ReportServer?_=1587092200272&__boxModel__=true&op=page_content&sessionID=50411&pn=1,cbe839f2e6b2d49f67147891433138c7,
中山市本级,中山市火炬开发区马安村,11.4831,工业用地,2010-12-31,纺织专用设备制造,中山市火炬开发区马安村,11.4831,新增建设用地(来自存量库),挂牌出让,50,其它,其它土地级别：五级,4409.6,1|,2011-01-30,4409.6|, ,立信染整机械（广东）有限公司,0.8,2.5,2011-02-21,2011-08-20,2013-02-10,2011-08-20,2015-07-16,中山市人民政府,2010-12-31,2020-04-17 10:56:50,http://jcjg.nr.gd.gov.cn:8088/GisqReport7.0/ReportServer?_=1587092200726&__boxModel__=true&op=page_content&sessionID=95022&pn=1,a5f7bfed3abdd14ca425baa7463c974a,
新会区,司前镇天等社区居委会龙田前（土名）,0.1919,工业用地,2007-06-20,工业厂房,司前镇天等社区居委会龙田前（土名）,0.1919,新增建设用地(来自存量库),协议出让,50,金属制品业,金属制品业土地级别：二级,26.37,1|,2007-06-20,26.37|, ,李发伦,0.4,,2007-07-20,2007-12-20,2009-06-20,2007-11-22,2008-08-06,江门市人民政府,2007-06-20,2020-04-17 10:57:02,http://jcjg.nr.gd.gov.cn:8088/GisqReport7.0/ReportServer?_=1587092211353&__boxModel__=true&op=page_content&sessionID=24350&pn=1,9863cd33615d7b8951e3919d1111d56e,
深圳市本级,福田区园岭街道,0.32117,公共设施用地,2011-01-07,110KV燕南变电站,福田区园岭街道,0.32117,现有建设用地,协议出让,50,其它,其它土地级别：一级,32.1165,1|,2011-01-07,32.1165|, ,广东电网公司,,0.88,2014-12-02,2016-11-30,2017-12-02,2012-03-12,2018-11-02,深圳市人民政府,2011-01-07,2020-04-17 10:57:02,http://jcjg.nr.gd.gov.cn:8088/GisqReport7.0/ReportServer?_=1587092211943&__boxModel__=true&op=page_content&sessionID=17089&pn=1,4031e3078b64458bff84971267e41065,
南海区,佛山市南海区狮山镇穆院村原罗村果牧场,1.31259,工业用地,2011-01-11,工业,佛山市南海区狮山镇穆院村原罗村果牧场,1.31259,现有建设用地,挂牌出让,50,金属制品业,金属制品业土地级别：五级,671.76,1|,2011-01-31,671.76|, ,佛山市澳斯达卫浴实业有限公司,0.8,100000,2011-01-11,2012-01-11,2013-01-11,2012-11-30,,佛山市人民政府,2011-01-11,2020-04-17 10:57:04,http://jcjg.nr.gd.gov.cn:8088/GisqReport7.0/ReportServer?_=1587092212648&__boxModel__=true&op=page_content&sessionID=35577&pn=1,5fd53b669c94b4038bfbcea60d27c1a7,
中山市本级,中山市火炬开发区马安村,5.64769,工业用地,2011-01-25,金属压力容器制造,中山市火炬开发区马安村,5.64769,现有建设用地,挂牌出让,50,金属制品业,金属制品业土地级别：五级,2168.8,1|,2011-02-24,2168.8|, ,广东中泽重工有限公司,0.8,,2011-03-16,2011-09-12,2013-03-05,2011-09-12,,中山市人民政府,2011-01-25,2020-04-17 10:57:05,http://jcjg.nr.gd.gov.cn:8088/GisqReport7.0/ReportServer?_=1587092213315&__boxModel__=true&op=page_content&sessionID=43209&pn=1,63f24e71d9f44802cf719457152bf08e,
中山市本级,中山市火炬开发区马安村,10,工业用地,2011-01-28,金属制品业,中山市火炬开发区马安村,10,新增建设用地(来自存量库),挂牌出让,50,金属制品业,金属制品业土地级别：一级,3840.1,1|,2011-03-09,3840.1|, ,泰钢合金（中山）有限公司,0.8,,2011-03-29,2011-09-26,2013-03-18,2012-11-06,2014-07-25,中山市人民政府,2011-01-28,2020-04-17 10:57:05,http://jcjg.nr.gd.gov.cn:8088/GisqReport7.0/ReportServer?_=1587092214590&__boxModel__=true&op=page_content&sessionID=59063&pn=1,0831f025bea38b4f766ca98436d2ee6e,
揭东县,玉湖镇玉联村虎山顶,0.92108,其他普通商品住房用地,2011-01-27,揭东县粮食局玉湖粮食管理所,玉湖镇玉联村虎山顶,0.92108,现有建设用地,协议出让,70,房地产业,房地产业土地级别：十四等级,55.2648,1|,2011-03-28,55.2648|, ,揭东县粮食局玉湖粮食管理所,,,2011-01-27,,,,,揭东县人民政府,2011-01-27,2020-04-17 10:57:05,http://jcjg.nr.gd.gov.cn:8088/GisqReport7.0/ReportServer?_=1587092213948&__boxModel__=true&op=page_content&sessionID=66155&pn=1,e5a36449c4d4e788fc81759b2fc1d80b,
深圳市本级,罗湖区,123.8905,公路用地,2011-01-31,东部过境高速公路（一期工程）高架段,罗湖区,123.8905,新增建设用地,划拨,,道路运输业,道路运输业土地级别：一级,,,,,,深圳华昱投资开发（集团）有限公司,,,2014-05-09,2016-05-07,2020-05-08,2016-06-01,,深圳市人民政府,2011-01-31,2020-04-17 10:57:06,http://jcjg.nr.gd.gov.cn:8088/GisqReport7.0/ReportServer?_=1587092215076&__boxModel__=true&op=page_content&sessionID=18056&pn=1,ae75596d5bfe04c8441c9fb297479df7,
韶关市本级,韶关市武江区莞韶产业园新323线南侧17-1号,0.7448,工业用地,2014-03-25,韶关市武江区莞韶产业园新323线南侧17-1号地块,韶关市武江区莞韶产业园新323线南侧17-1号,0.7448,新增建设用地(来自存量库),挂牌出让,50,零售业,零售业土地级别：四级,223,1|,2014-04-24,223|, ,韶关市丹雪电子科技有限公司,0.8,2,2014-04-16,2016-04-15,2017-10-14,2017-06-07,2019-12-03,韶关市人民政府,2014-03-25,2020-04-17 10:57:07,http://jcjg.nr.gd.gov.cn:8088/GisqReport7.0/ReportServer?_=1587092215837&__boxModel__=true&op=page_content&sessionID=77302&pn=1,155ae9ea0ba1e269d1b36eeb60c041fe,
珠海市本级,南屏南湾大道西、北二路南侧,5,商务金融用地,2014-04-02,珠林房产有限公司工业用地为商业、酒店、办公用地,南屏南湾大道西、北二路南侧,5,新增建设用地(来自存量库),协议出让,40,商务服务业,商务服务业土地级别：一级,16724.52,1|,2014-04-02,16724.52|, ,珠海经济特区珠林房产有限公司,1,1.8,2014-04-02,2019-01-26,2021-01-26,2019-01-16,,珠海市国土资源局人民政府,2014-04-02,2020-04-17 10:57:08,http://jcjg.nr.gd.gov.cn:8088/GisqReport7.0/ReportServer?_=1587092216832&__boxModel__=true&op=page_content&sessionID=33046&pn=1,0841d58e6a7f615283bc0f4d702432a6,
阳江市本级,市区石湾北路东、振兴路南（原阳江高新区随垌用地）内,0.3873,其他普通商品住房用地,2014-03-26,留用地,市区石湾北路东、振兴路南（原阳江高新区随垌用地）内,0.3873,新增建设用地(来自存量库),划拨,,社会保障业,社会保障业土地级别：三级,36.5108,,,,,阳江市江城区城北街马曹村下寨经济合作社,1,2,2018-11-12,2019-11-12,2022-11-12,,,阳江市人民政府,2014-03-26,2020-04-17 10:57:08,http://jcjg.nr.gd.gov.cn:8088/GisqReport7.0/ReportServer?_=1587092216574&__boxModel__=true&op=page_content&sessionID=92702&pn=1,20e148559b10d046a059b7c58a9e170e,
怀集县,中山大涌（怀集）产业转移闸岗郊际工业园I-7-01-11区,1.5928,工业用地,2014-04-03,医疗仪器设备制造业项目,中山大涌（怀集）产业转移闸岗郊际工业园I-7-01-11区,1.5928,新增建设用地,挂牌出让,50,专用设备制造业,专用设备制造业土地级别：十一级,230,1|,2014-04-18,230|, ,梁锦标,0.8,1.2,2014-05-01,2017-06-22,2019-06-21,2017-06-22,2019-05-08,怀集县人民政府,2014-04-03,2020-04-17 10:57:08,http://jcjg.nr.gd.gov.cn:8088/GisqReport7.0/ReportServer?_=1587092217336&__boxModel__=true&op=page_content&sessionID=86742&pn=1,11350bb25edf705817d740f765f1ac5c,
三水区,佛山市三水区西南街道建设一路17号,1.28599,其他普通商品住房用地,2014-04-10,住宅、商服用地。,佛山市三水区西南街道建设一路17号,1.28599,现有建设用地,挂牌出让,其他普通商品住房用地70年; 其他商服用地40,房地产业,房地产业土地级别：七级,6750,1|2|,2014-01-26|2014-03-26,3375|3375|,  ,佛山市承泰房地产开发有限公司,1,2.5,2014-04-09,2015-04-08,2018-04-07,2014-12-01,2016-11-29,佛山市人民政府,2014-04-10,2020-04-17 10:57:09,http://jcjg.nr.gd.gov.cn:8088/GisqReport7.0/ReportServer?_=1587092218053&__boxModel__=true&op=page_content&sessionID=64337&pn=1,ebb18c399cd16a40e8fa74820edf203c,
四会市,四会市东城街道清塘村委会四会大道边地段,8.002931,工业用地,2014-04-11,广东一力集团制药有限公司,四会市东城街道清塘村委会四会大道边地段,8.002931,新增建设用地,挂牌出让,50,医药制造业,医药制造业土地级别：十级,8693,1|,2014-05-01,8693|, ,广东一力集团制药有限公司,0.7,,2014-05-01,2019-10-06,2020-10-06,,,四会市人民政府,2014-04-11,2020-04-17 10:57:10,http://jcjg.nr.gd.gov.cn:8088/GisqReport7.0/ReportServer?_=1587092219268&__boxModel__=true&op=page_content&sessionID=27524&pn=1,575b66b2f02f928d96c09959f6a159db,
金湾区,金湾区三灶镇定家湾工业园,0.80041,工业用地,2007-06-29,包装材料生产,金湾区三灶镇定家湾工业园,0.80041,现有建设用地,协议出让,50,塑料制品业,塑料制品业土地级别：二级,103.2529,1|,2007-06-29,103.2529|, ,珠海宏昌包装材料有限公司,0.75,,2007-06-29,2007-12-30,2009-06-30,2007-12-30,2009-06-30,珠海市人民政府,2007-06-29,2020-04-17 10:57:11,http://jcjg.nr.gd.gov.cn:8088/GisqReport7.0/ReportServer?_=1587092219890&__boxModel__=true&op=page_content&sessionID=26017&pn=1,7ba829e92466694194337e04c819d151,
深圳市本级,深圳市南山区,5.000758,仓储用地,2014-04-16,深圳海星港口发展有限公司,深圳市南山区,5.000758,现有建设用地,协议出让,50,专业技术服务业,专业技术服务业土地级别：三级,2407.7148,1|,2014-04-16,2407.7148|, ,深圳海星港口发展有限公司,0,1.8,2014-04-16,2019-05-15,2020-05-15,,,,2014-04-16,2020-04-17 10:57:12,http://jcjg.nr.gd.gov.cn:8088/GisqReport7.0/ReportServer?_=1587092220591&__boxModel__=true&op=page_content&sessionID=10158&pn=1,7a1905dd2459c49a3d18973113bc2ec0,
德庆县,德城大桥,0.2899,工业用地,2007-06-30,德庆惠翎织带有限公司,德城大桥,0.2899,现有建设用地,挂牌出让,50,纺织服装、鞋、帽制造业,纺织服装、鞋、帽制造业土地级别：二级,41.7456,1|,2007-07-30,41.7456|, ,德庆惠翎织带有限公司,0.9,,2007-08-30,2008-06-30,2010-06-30,2008-06-20,2010-04-21,德庆县人民政府,2007-06-30,2020-04-17 10:57:12,http://jcjg.nr.gd.gov.cn:8088/GisqReport7.0/ReportServer?_=1587092221279&__boxModel__=true&op=page_content&sessionID=40257&pn=1,9dad6d26afb8e063951ba5b25f3165c6,
韶关市本级,韶关市武江区工业西路,4.9777,其他商服用地,2014-04-15,工具厂地块,韶关市武江区工业西路,4.9777,新增建设用地(来自存量库),挂牌出让,其他商服用地40年; 中低价位、中小套型普通商品住房用地70年; 其他普通商品住房用地70,房地产业,房地产业土地级别：三级,2832,1|,2014-05-15,2832|, ,韶关市慧丰置业有限公司,1,2.6,2018-03-16,2019-03-15,2022-03-14,,,韶关市人民政府,2014-04-15,2020-04-17 10:57:13,http://jcjg.nr.gd.gov.cn:8088/GisqReport7.0/ReportServer?_=1587092219226&__boxModel__=true&op=page_content&sessionID=1515&pn=1,52a8d94f12ef7322141a9147bba8f793,
东莞市本级,东莞市万江区上甲社区,2.7506,工业用地,2007-06-30,东莞市金田纸业有限公司,东莞市万江区上甲社区,2.7506,新增建设用地,协议出让,50,造纸及纸质品业,造纸及纸质品业土地级别：二级,1320.288,1|,2007-07-30,1320.288|, ,东莞市金田纸业有限公司,,,2007-06-30,2008-06-29,2009-06-30,2007-10-10,2008-10-13,东莞市人民政府,2007-06-30,2020-04-17 10:57:20,http://jcjg.nr.gd.gov.cn:8088/GisqReport7.0/ReportServer?_=1587092230341&__boxModel__=true&op=page_content&sessionID=66074&pn=1,e8a960501d0b77d868c5744c68f75207,
江门市本级,棠下镇桐井村安溪浪(土名),1.3398,工业用地,2007-06-30,工业厂房项目,棠下镇桐井村安溪浪(土名),1.3398,新增建设用地(来自存量库),协议出让,50,摩托车制造,摩托车制造土地级别：二级,152.4652,1|,2007-08-29,152.4652|, ,广东万丰摩轮有限公司,0.6,1.5,2007-06-29,2007-11-29,2009-06-29,2007-07-03,2008-01-31,江门市人民政府,2007-06-30,2020-04-17 10:57:24,http://jcjg.nr.gd.gov.cn:8088/GisqReport7.0/ReportServer?_=1587092233339&__boxModel__=true&op=page_content&sessionID=95761&pn=1,7ff9040b3d3885e79130c439de8cec8d,
顺德区,顺德高新区（容桂）综合加工园第五期A19-2地块,0.900054,工业用地,2007-06-30,容桂佛山市顺德区顺舵包装有限公司厂房、办公楼,顺德高新区（容桂）综合加工园第五期A19-2地块,0.900054,现有建设用地,协议出让,50,印刷业和记录媒体的复制,印刷业和记录媒体的复制土地级别：三级,270.0162,1|,2007-07-30,270.0162|, ,佛山市顺德区顺舵包装有限公司,0.8,2.4,2007-06-30,2008-08-30,2009-08-29,2008-11-01,2010-03-10,佛山市人民政府,2007-06-30,2020-04-17 10:57:24,http://jcjg.nr.gd.gov.cn:8088/GisqReport7.0/ReportServer?_=1587092233927&__boxModel__=true&op=page_content&sessionID=31034&pn=1,6062de3ed61ad099a7b07cdaed5c0f2a,
五华县,横陂镇红光村,0.005204,批发零售用地,2007-07-11,陈天锡.陈林叨,横陂镇红光村,0.005204,现有建设用地,协议出让,50,零售业,零售业土地级别：十二级,0.4788,1|,2007-07-11,0.4788|, ,陈天锡.陈林叨,,,2007-07-11,2007-07-11,2007-07-11,,,五华县人民政府,2007-07-11,2020-04-17 10:57:24,http://jcjg.nr.gd.gov.cn:8088/GisqReport7.0/ReportServer?_=1587092234463&__boxModel__=true&op=page_content&sessionID=40793&pn=1,8d54141a8c3bb514dac8b9ee513805e1,
博罗县,福田镇山下村东边组瓦窑口,0.1404,中低价位、中小套型普通商品住房用地,2007-07-20,房地产项目,福田镇山下村东边组瓦窑口,0.1404,现有建设用地,挂牌出让,70,房地产业,房地产业土地级别：三级,75,1|,2007-07-30,75|, ,福田镇山下村东边组瓦窑口,,2.1,2007-07-20,2008-01-20,2010-07-20,2008-01-20,2009-06-12,博罗县人民政府,2007-07-20,2020-04-17 10:57:25,http://jcjg.nr.gd.gov.cn:8088/GisqReport7.0/ReportServer?_=1587092235127&__boxModel__=true&op=page_content&sessionID=97315&pn=1,92661c9ed9fa9dd7ee57536eb8c854f6,
梅江区,江南办富奇路,0.0051,其他住房用地,2007-08-03,叶干明,江南办富奇路,0.0051,现有建设用地,协议出让,70,房地产业,房地产业土地级别：二级,3.7434,1|,2007-08-03,3.7434|, ,叶干明,,,,2009-06-09,2009-06-09,,,,2007-08-03,2020-04-17 10:57:26,http://jcjg.nr.gd.gov.cn:8088/GisqReport7.0/ReportServer?_=1587092235568&__boxModel__=true&op=page_content&sessionID=91561&pn=1,674c4fa5759648be504937ebf16e83d2,
南海区,大沥镇盐步城区跃进路以西,0.116892,工业用地,2007-08-15,工业用地,大沥镇盐步城区跃进路以西,0.116892,现有建设用地,协议出让,50,房屋和土木工程业,房屋和土木工程业土地级别：四级,15.7103,1|,2007-10-14,15.7103|, ,佛山市南海盐步建筑工程公司,,,2007-10-14,,,,,佛山市人民政府,2007-08-15,2020-04-17 10:57:26,http://jcjg.nr.gd.gov.cn:8088/GisqReport7.0/ReportServer?_=1587092236275&__boxModel__=true&op=page_content&sessionID=4239&pn=1,b1cbfb60b70cfc876f0a2bbcae95e160,
阳江市本级,市区三路北侧,0.5977,其他商服用地,2007-09-03,商业,市区三路北侧,0.5977,现有建设用地,挂牌出让,40,房地产业,房地产业土地级别：五级,137.5,1|,2007-09-18,137.5|, ,黄勃,,1.8,2007-09-03,2008-09-03,2009-09-03,2007-09-11,2009-07-30,阳江市人民政府,2007-09-03,2020-04-17 10:57:27,http://jcjg.nr.gd.gov.cn:8088/GisqReport7.0/ReportServer?_=1587092236789&__boxModel__=true&op=page_content&sessionID=2825&pn=1,e83b5c7fb00a20c881d4f9fd1ec60249,
梅州市本级,江南团结路,0.04082,其他住房用地,2007-09-28,出让,江南团结路,0.04082,新增建设用地(来自存量库),协议出让,70,银行业,银行业土地级别：一级,0.2422,1|,2007-10-28,0.2422|, ,李从锦,,,2007-09-28,2008-09-28,2011-09-28,,,梅州市人民政府,2007-09-28,2020-04-17 10:57:28,http://jcjg.nr.gd.gov.cn:8088/GisqReport7.0/ReportServer?_=1587092237707&__boxModel__=true&op=page_content&sessionID=30084&pn=1,76506fdafcb2749ce363c7c1d8eff073,
南海区,九江镇沙头城区万安门街11号,0.00676,其他普通商品住房用地,2007-09-30,城镇住宅用地,九江镇沙头城区万安门街11号,0.00676,现有建设用地,协议出让,70,房地产业,房地产业土地级别：一级,3.2217,1|,2007-11-29,3.2217|, ,老其林,,,2007-09-30,,,,,佛山市人民政府,2007-09-30,2020-04-17 10:57:28,http://jcjg.nr.gd.gov.cn:8088/GisqReport7.0/ReportServer?_=1587092238146&__boxModel__=true&op=page_content&sessionID=57531&pn=1,853721ed353e8243f371a271c1322dc2,
南海区,南海区狮山镇狮北村"松岗",1.31616,工业用地,2007-10-19,工业用地,南海区狮山镇狮北村"松岗",1.31616,现有建设用地,划拨,,农业,农业土地级别：未评估地区,,,,,,南海区狮山镇狮北村根溪村民小组,0,2,2007-10-19,2008-10-19,2009-10-19,2008-10-07,2009-10-15,佛山市人民政府,2007-10-19,2020-04-17 10:57:29,http://jcjg.nr.gd.gov.cn:8088/GisqReport7.0/ReportServer?_=1587092238869&__boxModel__=true&op=page_content&sessionID=36483&pn=1,efa3349b9a62606f75fe71408244e2bd,
高州市,高州市大井镇大井圩东区,0.009,其他普通商品住房用地,2007-11-19,湛瑞辉,高州市大井镇大井圩东区,0.009,现有建设用地,协议出让,70,居民服务业,居民服务业土地级别：二级,0.4104,1|,2007-11-19,0.4104|, ,湛瑞辉,,,,,,,,高州市人民政府,2007-11-19,2020-04-17 10:57:29,http://jcjg.nr.gd.gov.cn:8088/GisqReport7.0/ReportServer?_=1587092239293&__boxModel__=true&op=page_content&sessionID=11556&pn=1,b4b6f4081a827d3ac7231e17c750dd85,
中山市本级,南朗镇（翠亨新区起步区）西一围,2.59532,公路用地,2019-11-12,和盈路二段,南朗镇（翠亨新区起步区）西一围,2.59532,新增建设用地,划拨,,道路运输业,道路运输业土地级别：五级,0,,,,,中山翠亨新区财政金融局,,,2020-05-11,2021-05-11,2024-05-11,,,中山市人民政府,2019-11-12,2020-04-17 10:57:30,http://jcjg.nr.gd.gov.cn:8088/GisqReport7.0/ReportServer?_=1587092239744&__boxModel__=true&op=page_content&sessionID=28204&pn=1,37c0238ff4e07b24020bdefc968b5e88,
中山市本级,南朗镇（翠亨新区起步区）西一围,0.08839,公园与绿地,2019-11-12,和信路（西一围一段）绿化工程,南朗镇（翠亨新区起步区）西一围,0.08839,新增建设用地,划拨,,公共设施管理业,公共设施管理业土地级别：五级,0,,,,,中山翠亨新区财政金融局,,,2020-05-11,2021-05-11,2024-05-11,,,中山市人民政府,2019-11-12,2020-04-17 10:57:31,http://jcjg.nr.gd.gov.cn:8088/GisqReport7.0/ReportServer?_=1587092240710&__boxModel__=true&op=page_content&sessionID=35073&pn=1,da46de2a8d2d5b02b30905e3f7c4d6ef,
高州市,高州城南区工业大道93号,0.0111,其他普通商品住房用地,2007-11-19,陈进茂,高州城南区工业大道93号,0.0111,现有建设用地,协议出让,70,居民服务业,居民服务业土地级别：二级,1.0656,1|,2007-11-19,1.0656|, ,陈进茂,,,,,,,,高州市人民政府,2007-11-19,2020-04-17 10:57:32,http://jcjg.nr.gd.gov.cn:8088/GisqReport7.0/ReportServer?_=1587092241442&__boxModel__=true&op=page_content&sessionID=82969&pn=1,ba92aa8f5c2a5d3a676f725eb35a2491,
兴宁市,官汕三路,0.00798,其他商服用地,2007-11-27,2007年划拨补办出让,官汕三路,0.00798,现有建设用地,协议出让,50,居民服务业,居民服务业土地级别：四级,1.3007,1|,2007-12-07,1.3007|, ,刘作元,,,2007-11-27,,,,,兴宁市人民政府,2007-11-27,2020-04-17 10:57:32,http://jcjg.nr.gd.gov.cn:8088/GisqReport7.0/ReportServer?_=1587092242124&__boxModel__=true&op=page_content&sessionID=41261&pn=1,faa486e4cf60bce0de5c77087dbed522,
阳江市本级,市区新华南路东侧、横一路南侧,0.2,其他普通商品住房用地,2014-05-06,留用地,市区新华南路东侧、横一路南侧,0.2,新增建设用地,划拨,,社会保障业,社会保障业土地级别：四级,12.06,,,,,江城区岗列街道那格村委会,1,2,2018-11-12,2019-11-12,2022-11-12,,,阳江市人民政府,2014-05-06,2020-04-17 10:57:33,http://jcjg.nr.gd.gov.cn:8088/GisqReport7.0/ReportServer?_=1587092243225&__boxModel__=true&op=page_content&sessionID=85712&pn=1,92856e04fc5544f2fc9e736a50d0f4d4,
梅州市本级,广州（梅州）产业转移工业园,1.6667,工业用地,2018-08-30,梅州宏原汽车配件有限公司,广州（梅州）产业转移工业园,1.6667,新增建设用地,拍卖出让,50,汽车制造,汽车制造土地级别：十一级,383,1|,2018-10-29,383|, ,梅州宏原汽车配件有限公司,1.2,,2018-08-30,2019-08-30,2021-08-30,2019-07-15,,梅州市人民政府,2018-08-30,2020-04-17 10:57:40,http://jcjg.nr.gd.gov.cn:8088/GisqReport7.0/ReportServer?_=1587092250525&__boxModel__=true&op=page_content&sessionID=43072&pn=1,c883354258e23cfa7be8901b23835e87,
深圳市本级,龙岗区横岗,3.196837,工业用地,2007-12-14,五丰食品（深圳）有限公司,龙岗区横岗,3.196837,现有建设用地,挂牌出让,50,食品制造业,食品制造业土地级别：五级,1227.59,1|,2007-12-14,1227.59|, ,五丰食品（深圳）有限公司,,1.1,2007-12-15,2007-12-14,2009-12-13,,,深圳市人民政府,2007-12-14,2020-04-17 10:57:43,http://jcjg.nr.gd.gov.cn:8088/GisqReport7.0/ReportServer?_=1587092253985&__boxModel__=true&op=page_content&sessionID=11121&pn=1,dbcbb85a4acc0feedcd7c964a3522032,
梅州市本级,梅江区城北镇中村村,2.0983,其他普通商品住房用地,2014-05-09,梅江区城北镇中村村土地公开出让,梅江区城北镇中村村,2.0983,新增建设用地(来自存量库),拍卖出让,其他普通商品住房用地70年; 其他商服用地40,房地产业,房地产业土地级别：五级,2593.4988,1|,2014-06-08,2593.4988|, ,梅州市中裕发展有限公司,1,2.4,2014-07-09,2015-07-09,2018-07-09,2016-01-24,,梅州市人民政府,2014-05-09,2020-04-17 10:57:45,http://jcjg.nr.gd.gov.cn:8088/GisqReport7.0/ReportServer?_=1587092254423&__boxModel__=true&op=page_content&sessionID=87711&pn=1,b566bd30a2252e9551895da28afee1e8,
潮安县,潮安区东山湖特色产业基地,1.342763,工业用地,2014-05-12,潮安县沙溪金泽瓷用颜料厂,潮安区东山湖特色产业基地,1.342763,新增建设用地,挂牌出让,50,化学原料及化学制品制造业,化学原料及化学制品制造业土地级别：十级,1329,1|,2014-06-11,1329|, ,潮安县沙溪金泽瓷用颜料厂,1,2,2014-05-12,2017-12-02,2019-12-02,2018-08-17,,潮安区人民政府,2014-05-12,2020-04-17 10:57:45,http://jcjg.nr.gd.gov.cn:8088/GisqReport7.0/ReportServer?_=1587092255317&__boxModel__=true&op=page_content&sessionID=80899&pn=1,91425a51baf337fd93312bb312c1fd28,
南海区,广东省佛山市南海区西樵镇民乐城区张家二巷1号,0.002128,城镇住宅用地,2019-12-19,城镇住宅用地,广东省佛山市南海区西樵镇民乐城区张家二巷1号,0.002128,现有建设用地,协议出让,70,房地产业,房地产业土地级别：四级,4.656,1|,2020-01-18,4.656|, ,张鸣麟,,,,,,,,佛山市人民政府,2019-12-19,2020-04-17 10:57:45,http://jcjg.nr.gd.gov.cn:8088/GisqReport7.0/ReportServer?_=1587092255037&__boxModel__=true&op=page_content&sessionID=25251&pn=1,c97c3b0f156c44d274cb76880ec4347e,
潮安县,潮安区东山湖特色产业基地,10.32958,住宿餐饮用地,2014-05-12,潮安东山湖温泉度假村有限公司,潮安区东山湖特色产业基地,10.32958,新增建设用地,挂牌出让,40,住宿业,住宿业土地级别：十级,13215,1|,2014-06-11,13215|, ,潮安东山湖温泉度假村有限公司,2,4,2014-05-12,2020-12-20,2022-12-19,,,潮安区人民政府,2014-05-12,2020-04-17 10:57:46,http://jcjg.nr.gd.gov.cn:8088/GisqReport7.0/ReportServer?_=1587092256128&__boxModel__=true&op=page_content&sessionID=61902&pn=1,6a8273acd53e2cc26952fe2261e8de2a,
清远市本级,清远市清城区石角镇灵洲村民委员会辖区内,10.9883,公共设施用地,2007-12-20,北江大堤加固工程,清远市清城区石角镇灵洲村民委员会辖区内,10.9883,新增建设用地,划拨,,公共设施管理业,公共设施管理业土地级别：八级,,,,,,广东省北江流域管理局,,,2013-12-30,2014-12-30,2017-12-30,2014-12-30,2016-02-02,广东省国土资源厅人民政府,2007-12-20,2020-04-17 10:57:46,http://jcjg.nr.gd.gov.cn:8088/GisqReport7.0/ReportServer?_=1587092256647&__boxModel__=true&op=page_content&sessionID=38729&pn=1,887a0b887b7e8357ddd0f072a24b2575,
潮安县,潮安区东山湖特色产业基地,1.955084,其他普通商品住房用地,2014-05-12,潮安东山湖温泉度假村有限公司,潮安区东山湖特色产业基地,1.955084,新增建设用地,挂牌出让,70,房地产业,房地产业土地级别：十级,4280,1|,2014-06-11,4280|, ,潮安东山湖温泉度假村有限公司,1,3.5,2019-12-20,2020-12-20,2023-12-19,,,潮安区人民政府,2014-05-12,2020-04-17 10:57:47,http://jcjg.nr.gd.gov.cn:8088/GisqReport7.0/ReportServer?_=1587092257076&__boxModel__=true&op=page_content&sessionID=96902&pn=1,3d9575ed26838004f611deb5e8760d49,
深圳市本级,龙岗区大鹏街道,1.1162,公共设施用地,2007-12-29,大鹏水头污水处理厂,龙岗区大鹏街道,1.1162,新增建设用地(来自存量库),划拨,,水利管理业,水利管理业土地级别：五级,,,,,,深圳市水污染治理指挥部办公室,,,2007-12-29,2008-12-29,2009-12-29,2007-12-30,2009-12-29,深圳市政府人民政府,2007-12-29,2020-04-17 10:57:48,http://jcjg.nr.gd.gov.cn:8088/GisqReport7.0/ReportServer?_=1587092257699&__boxModel__=true&op=page_content&sessionID=95726&pn=1,69708b9f7465d23e892f0fb338ee09cf,
清远市本级,龙塘镇清花路81号首层南侧、二层,0.009676,其他住房用地,2008-01-09,冯杵棠、冯树开,龙塘镇清花路81号首层南侧、二层,0.009676,现有建设用地,协议出让,70,农业,农业土地级别：八级,0.1026,1|,2008-01-19,0.1026|, ,冯杵棠、冯树开,,,2008-01-09,2009-03-04,2009-03-04,,,清远市人民政府,2008-01-09,2020-04-17 10:57:49,http://jcjg.nr.gd.gov.cn:8088/GisqReport7.0/ReportServer?_=1587092258809&__boxModel__=true&op=page_content&sessionID=29609&pn=1,0df7f1258ec5282d0a6043ac117e7531,
清远市本级,清远市百加集镇阳光大道开发区北侧,0.3,其他住房用地,2008-01-09,欧满强综合用地,清远市百加集镇阳光大道开发区北侧,0.3,新增建设用地(来自存量库),协议出让,50,农业,农业土地级别：八级,0.9,1|,2008-01-19,0.9|, ,欧满强,,,2008-01-09,2009-03-04,2009-03-04,,,清远市人民政府,2008-01-09,2020-04-17 10:57:49,http://jcjg.nr.gd.gov.cn:8088/GisqReport7.0/ReportServer?_=1587092259387&__boxModel__=true&op=page_content&sessionID=25207&pn=1,4f8316a42d5530a7b1703949f81ce994,
惠州市本级,惠州市江北火车北站铁路生活区第10栋241房,0.00094,其他普通商品住房用地,2008-01-30,邹梅红申请划拨土地使用权补办出让,惠州市江北火车北站铁路生活区第10栋241房,0.00094,现有建设用地,协议出让,70,房地产业,房地产业土地级别：四级,0.1431,1|,2008-02-29,0.1431|, ,邹梅红,,,2008-01-30,2008-01-30,2008-01-30,,,惠州市人民政府,2008-01-30,2020-04-17 10:57:50,http://jcjg.nr.gd.gov.cn:8088/GisqReport7.0/ReportServer?_=1587092259530&__boxModel__=true&op=page_content&sessionID=6139&pn=1,113700d2a7f1f2d5f36cd5b00b90acde,
兴宁市,兴城南郊曾屋,0.00815,其他住房用地,2008-02-01,划拨补办出让,兴城南郊曾屋,0.00815,现有建设用地,协议出让,70,住宿业,住宿业土地级别：四级,0.489,1|,2008-02-11,0.489|, ,曾宪清 曾天赐,,,2008-02-01,,,,,兴宁市人民政府,2008-02-01,2020-04-17 10:57:51,http://jcjg.nr.gd.gov.cn:8088/GisqReport7.0/ReportServer?_=1587092260198&__boxModel__=true&op=page_content&sessionID=88859&pn=1,7ba5b0033e5b8a544c342690cbd8cde4,
阳江市本级,市区新华南路东侧、横一路南侧地段,0.528,其他普通商品住房用地,2014-04-24,留用地,市区新华南路东侧、横一路南侧地段,0.528,新增建设用地,划拨,,社会保障业,社会保障业土地级别：四级,33.7233,,,,,阳江市江城区岗列街那格村民委员会,1,2,2018-11-12,2019-11-12,2022-11-12,,,阳江市人民政府,2014-04-24,2020-04-17 10:57:52,http://jcjg.nr.gd.gov.cn:8088/GisqReport7.0/ReportServer?_=1587092261342&__boxModel__=true&op=page_content&sessionID=44296&pn=1,0e2d1b80ed5e73457892cd1faac65a87,
深圳市本级,公明街道,0.35,街巷用地,2008-03-01,深圳市模具产业集聚基地七号路,公明街道,0.35,新增建设用地,划拨,,其他服务业,其他服务业土地级别：四级,,,,,,深圳市宝安区公明街道投资服务中心,,,2008-03-01,2009-03-01,2010-03-01,2009-03-01,2010-03-01,深圳市人民政府,2008-03-01,2020-04-17 10:57:52,http://jcjg.nr.gd.gov.cn:8088/GisqReport7.0/ReportServer?_=1587092261876&__boxModel__=true&op=page_content&sessionID=1722&pn=1,732586f7e595a80050d1fdf9e38aa5f3,
深圳市本级,罗湖区,0.05971,公共设施用地,2008-03-11,清水河物流园区市政环境改造工程―给水加压泵站工程,罗湖区,0.05971,现有建设用地,划拨,,国家机构,国家机构土地级别：一级,0,,,,,深圳市罗湖区建筑工务局,,,2014-05-14,2016-05-12,2020-05-13,2016-05-12,,深圳市人民政府,2008-03-11,2020-04-17 10:57:52,http://jcjg.nr.gd.gov.cn:8088/GisqReport7.0/ReportServer?_=1587092262476&__boxModel__=true&op=page_content&sessionID=16676&pn=1,19324b4ffa239aefbccb2c78b2c00497,
三水区,广东佛山市三水中心科技工业区芦苞园B区24－4号之三,6.65317,仓储用地,2014-04-25,仓储用地（物流仓储项目）,广东佛山市三水中心科技工业区芦苞园B区24－4号之三,6.65317,现有建设用地,挂牌出让,50,仓储业,仓储业土地级别：七级,3293.4212,1|,2014-05-23,3293.4212|, ,佛山市普芦仓储经营有限公司,0.8,2,2014-06-22,2014-12-21,2016-06-20,2017-01-05,2018-06-25,佛山市人民政府,2014-04-25,2020-04-17 10:57:53,http://jcjg.nr.gd.gov.cn:8088/GisqReport7.0/ReportServer?_=1587092263298&__boxModel__=true&op=page_content&sessionID=61465&pn=1,c18d68490f8cc3efcce32031809c0e84,