城市,行政区,供应公告标题,公告编号,公告类型,发布时间,网上创建时间,宗地编号：,宗地总面积：,宗地坐落：,出让年限：,容积率：,建筑密度(%)：,绿化率(%)：,建筑限高(米)：,主要用途：,明细用途,用途名称,面积,投资强度：,保证金：,估价报告备案号,起始价：,加价幅度：,挂牌开始时间：,挂牌截止时间：,受让单位,地块位置,土地用途,成交价(万元),土地面积(公顷),提交书面申请地,缴纳竞买保证金截止时间,确认竞买资格时间,拍卖开始时间,拍卖挂牌进行地点,联系地址,联系人,联系电话,开户单位,开户银行,银行账号,内容链接,主键MD5,爬取时间
北京市,大兴区,北京市规划和自然资源委员会大兴分局国有土地使用权挂牌出让公告(京土整储挂（兴）工业[2020]002号),(京土整储挂（兴）工业[2020]002号),挂牌,2020/4/17,2020/4/17,京土整储挂（兴）工业【2020】002号,19983.72平方米,大兴生物医药产业基地,20年,小于或等于2,,,,工业用地,,工业用地,19983.72,万元/公顷,600万元,1104920BA0002,2801.1161万元,20万元,2020年04月17土09时00分,2020年05月06土17时00分,,,,,,北京市规划和自然资源委员会大兴分局,2020年05月20土15时00分,2020年05月20土17时00分,,北京市土地交易市场大兴区分市场,北京市大兴区黄村镇金华寺东路1号,,69261062,,,,https://www.landchina.com//DesktopModule/BizframeExtendMdl/workList/bulWorkView.aspx?wmguid=20aae8dc-4a0c-4af5-aedf-cc153eb6efdf&recorderguid=779e6013-150d-4bed-a82f-2d3963a60402&sitePath=,ef3fc343828a150a3684ee55f5a38a35,2020-04-22 16:40:06
北京市,北京市本级,北京市规划和自然资源委员会国有土地使用权挂牌出让公告(京土整储挂(丰)[2020]019号),(丰)[2020]019号),挂牌,2020/4/15,2020/4/14,京土整储挂(丰)[2020]019号,17831.971平方米,北京市丰台区南苑乡分钟寺村L-39地块R2二类居住用地,70年,等于2.8,,,,城镇住宅用地,,城镇住宅用地,17831.9710,万元/公顷,59200万元,1103520BA0001,295600万元,1500万元,2020年05月06土09时00分,2020年05月19土15时00分,,,,,,北京市土地交易市场,2020年05月18土15时00分,2020年05月18土15时00分,,北京市土地交易市场,北京市丰台区西三环南路1号市公共资源交易综合分平台五层,,010-55595197,,,,https://www.landchina.com//DesktopModule/BizframeExtendMdl/workList/bulWorkView.aspx?wmguid=20aae8dc-4a0c-4af5-aedf-cc153eb6efdf&recorderguid=fb4a5c68-4cb4-4e29-b3db-a7f8de2fbf96&sitePath=,82ec1eb194087f4d79e3dd68dd83523d,2020-04-22 16:40:09
北京市,北京市本级,北京市规划和自然资源委员会国有土地使用权挂牌出让公告(京土整储挂(丰)[2020]019号),(丰)[2020]019号),挂牌,2020/4/15,2020/4/14,京土整储挂(丰)[2020]020号,29750.725平方米,北京市丰台区南苑乡分钟寺村L-41地块R2二类居住用地,70年,等于2.8,,,,城镇住宅用地,,城镇住宅用地,29750.7250,万元/公顷,95000万元,1103520BA0001,474400万元,2400万元,2020年05月06土09时00分,2020年05月19土15时00分,,,,,,北京市土地交易市场,2020年05月18土15时00分,2020年05月18土15时00分,,北京市土地交易市场,北京市丰台区西三环南路1号市公共资源交易综合分平台五层,,010-55595197,,,,https://www.landchina.com//DesktopModule/BizframeExtendMdl/workList/bulWorkView.aspx?wmguid=20aae8dc-4a0c-4af5-aedf-cc153eb6efdf&recorderguid=fb4a5c68-4cb4-4e29-b3db-a7f8de2fbf96&sitePath=,82ec1eb194087f4d79e3dd68dd83523d,2020-04-22 16:40:09
北京市,北京市本级,北京市规划和自然资源委员会国有土地使用权挂牌出让公告(京土整储挂（房）[2020]018号),(京土整储挂（房）[2020]018号),挂牌,2020/4/13,2020/4/7,京土整储挂（房）[2020]018号,87651.29平方米,北京市房山区拱辰街道办事处FS00-LX05-0046、0056地块R2二类居住用地,70年,等于1.6,,,,城镇住宅用地,,城镇住宅用地,87651.29,万元/公顷,41000万元,1101419BA0011|1103219BA0009,201600万元,1000万元,2020年05月06土09时00分,2020年05月19土15时00分,,,,,,北京市土地交易市场,2020年05月18土15时00分,2020年05月18土15时00分,,北京市土地交易市场,北京市丰台区西三环南路1号市公共资源交易综合分平台五层,,010-55595209,,,,https://www.landchina.com//DesktopModule/BizframeExtendMdl/workList/bulWorkView.aspx?wmguid=20aae8dc-4a0c-4af5-aedf-cc153eb6efdf&recorderguid=ad1dea02-8e7b-467e-9ed9-59b4dcbe4bdf&sitePath=,517abd88053451733d182a88247e1db1,2020-04-22 16:40:13
北京市,平谷区,北京市规划和自然资源委员会平谷分局国有土地使用权招标出让公告(京土棚改招（平）[2020]001号),(京土棚改招（平）[2020]001号),招标,2020/3/31,2020/3/31,PGOO-0010-0003、06、平谷区向阳南街甲1号地块及PGOO-0005-6032、33地块,35468.477平方米,北京市平谷区府前街,70年,大于或等于1.8并且小于或等于2.5,,,,城镇住宅用地,,城镇住宅用地,35468.4770,万元/公顷,500万元,现状土地条件：,,,,,,,,,,北京市土地交易市场平谷区分市场107室,,,,北京市土地交易市场平谷区分市场,,,010-69961535,,,,https://www.landchina.com//DesktopModule/BizframeExtendMdl/workList/bulWorkView.aspx?wmguid=20aae8dc-4a0c-4af5-aedf-cc153eb6efdf&recorderguid=f40dff86-7da7-4ffd-b076-15759a66cd36&sitePath=,cec1bce19c6b4309547733396f65890e,2020-04-22 16:40:20
北京市,北京市本级,北京市规划和自然资源委员会国有土地使用权挂牌出让公告(京土整储挂(朝)[2020]015号),(朝)[2020]015号),挂牌,2020/3/30,2020/3/27,京土整储挂(朝)[2020]015号,20188.58平方米,北京市朝阳区东坝乡东风村1104-613地块R2二类居住用地、1104-614地块A33基础教育用地,70年,等于2.4,,,,城镇住宅用地,,城镇住宅用地,4000,万元/公顷,41100万元,1104119BA0053,205500万元,1100万元,2020年04月29土09时00分,2020年05月15土15时00分,,,,,,北京市土地交易市场,2020年05月14土15时00分,2020年05月14土15时00分,,北京市土地交易市场,北京市丰台区西三环南路1号市公共资源交易综合分平台五层,,010-55595209,,,,https://www.landchina.com//DesktopModule/BizframeExtendMdl/workList/bulWorkView.aspx?wmguid=20aae8dc-4a0c-4af5-aedf-cc153eb6efdf&recorderguid=633f559e-1f64-4448-96b5-728bc2626871&sitePath=,35a302abfcfe4179abed6cdf34fd41fd,2020-04-22 16:40:23
北京市,北京市本级,北京市规划和自然资源委员会国有土地使用权挂牌出让公告(京土整储挂(朝)[2020]015号),(朝)[2020]015号),挂牌,2020/3/30,2020/3/27,京土整储挂(朝)[2020]016号,31673.24平方米,北京市朝阳区东坝乡东风村1104-612地块F1住宅混合公建用地,70年,等于3,,,,城镇住宅用地,,城镇住宅用地,31673.24,万元/公顷,76500万元,1104119BA0053,382200万元,1900万元,2020年04月29土09时00分,2020年05月15土15时00分,,,,,,北京市土地交易市场,2020年05月14土15时00分,2020年05月14土15时00分,,北京市土地交易市场,北京市丰台区西三环南路1号市公共资源交易综合分平台五层,,010-55595209,,,,https://www.landchina.com//DesktopModule/BizframeExtendMdl/workList/bulWorkView.aspx?wmguid=20aae8dc-4a0c-4af5-aedf-cc153eb6efdf&recorderguid=633f559e-1f64-4448-96b5-728bc2626871&sitePath=,35a302abfcfe4179abed6cdf34fd41fd,2020-04-22 16:40:23
北京市,北京市本级,北京市规划和自然资源委员会国有土地使用权挂牌出让公告(京土整储挂(朝)[2020]015号),(朝)[2020]015号),挂牌,2020/3/30,2020/3/27,京土整储挂（兴）[2020]017号,76997.052平方米,北京市大兴区采育镇01-0129地块R2二类居住用地、01-0115地块R53托幼用地,70年,等于1.03,,,,城镇住宅用地,,城镇住宅用地,5900,万元/公顷,19800万元,1100419BC0007,98500万元,500万元,2020年04月29土09时00分,2020年05月15土15时00分,,,,,,北京市土地交易市场,2020年05月14土15时00分,2020年05月14土15时00分,,北京市土地交易市场,北京市丰台区西三环南路1号市公共资源交易综合分平台五层,,010-55595209,,,,https://www.landchina.com//DesktopModule/BizframeExtendMdl/workList/bulWorkView.aspx?wmguid=20aae8dc-4a0c-4af5-aedf-cc153eb6efdf&recorderguid=633f559e-1f64-4448-96b5-728bc2626871&sitePath=,35a302abfcfe4179abed6cdf34fd41fd,2020-04-22 16:40:23
北京市,北京市本级,北京市规划和自然资源委员会国有土地使用权挂牌出让公告(京土整储挂(丰)[2020]012号),(丰)[2020]012号),挂牌,2020/3/27,2020/3/26,京土整储挂(丰)[2020]012号,38370.353平方米,北京市丰台区南苑乡分钟寺村L-24、L-26地块R2二类居住用地,70年,等于3,,,,城镇住宅用地,,城镇住宅用地,38370.3530,万元/公顷,114400万元,1105420BA0003,571900万元,2900万元,2020年04月23土09时00分,2020年05月09土15时00分,,,,,,北京市土地交易市场,2020年05月08土15时00分,2020年05月08土15时00分,,北京市土地交易市场,北京市丰台区西三环南路1号市公共资源交易综合分平台五层,,010-55595197,,,,https://www.landchina.com//DesktopModule/BizframeExtendMdl/workList/bulWorkView.aspx?wmguid=20aae8dc-4a0c-4af5-aedf-cc153eb6efdf&recorderguid=bab64ee3-fc31-4389-aed6-67ef28ed5205&sitePath=,2d2975c27c7f97c5258b15f2131a47e4,2020-04-22 16:40:28
北京市,北京市本级,北京市规划和自然资源委员会国有土地使用权挂牌出让公告(京土整储挂(丰)[2020]012号),(丰)[2020]012号),挂牌,2020/3/27,2020/3/26,京土整储挂(顺)[2020]013号,87328.39平方米,北京市顺义区顺义新城第13街区SY00-0013-6028等地块二类居住用地、托幼用地、文化活动用地和综合性商业金融服务业用地,70年,等于1.55,,,,城镇住宅用地,,城镇住宅用地,7951.89,万元/公顷,48200万元,1103320BA0001,241000万元,1200万元,2020年04月23土09时00分,2020年05月09土15时00分,,,,,,北京市土地交易市场,2020年05月08土15时00分,2020年05月08土15时00分,,北京市土地交易市场,北京市丰台区西三环南路1号市公共资源交易综合分平台五层,,010-55595197,,,,https://www.landchina.com//DesktopModule/BizframeExtendMdl/workList/bulWorkView.aspx?wmguid=20aae8dc-4a0c-4af5-aedf-cc153eb6efdf&recorderguid=bab64ee3-fc31-4389-aed6-67ef28ed5205&sitePath=,2d2975c27c7f97c5258b15f2131a47e4,2020-04-22 16:40:28
北京市,北京市本级,北京市规划和自然资源委员会国有土地使用权挂牌出让公告(京土整储挂(丰)[2020]012号),(丰)[2020]012号),挂牌,2020/3/27,2020/3/26,京土整储挂(顺)[2020]014号,57706.7平方米,北京市顺义区顺义新城第13街区SY00-0013-6039等地块二类居住用地、康复护理用地和医院用地,70年,等于1.5,,,,城镇住宅用地,,城镇住宅用地,13400,万元/公顷,28500万元,1105220BA0007,142400万元,750万元,2020年04月23土09时00分,2020年05月09土15时00分,,,,,,北京市土地交易市场,2020年05月08土15时00分,2020年05月08土15时00分,,北京市土地交易市场,北京市丰台区西三环南路1号市公共资源交易综合分平台五层,,010-55595197,,,,https://www.landchina.com//DesktopModule/BizframeExtendMdl/workList/bulWorkView.aspx?wmguid=20aae8dc-4a0c-4af5-aedf-cc153eb6efdf&recorderguid=bab64ee3-fc31-4389-aed6-67ef28ed5205&sitePath=,2d2975c27c7f97c5258b15f2131a47e4,2020-04-22 16:40:28
北京市,北京市本级,北京市规划和自然资源委员会国有土地使用权挂牌出让公告(京土整储挂(朝)[2020]009号),(朝)[2020]009号),挂牌,2020/3/27,2020/3/26,京土整储挂(朝)[2020]009号,26609.75平方米,北京市朝阳区东坝乡东风村1104-611地块F1住宅混合公建用地,70年,等于3,,,,城镇住宅用地,,城镇住宅用地,26609.75,万元/公顷,64200万元,1104119BA0053,320600万元,1600万元,2020年04月16土09时00分,2020年04月29土15时00分,,,,,,北京市土地交易市场,2020年04月28土15时00分,2020年04月28土15时00分,,北京市土地交易市场,北京市丰台区西三环南路1号市公共资源交易综合分平台五层,,010-555950209,,,,https://www.landchina.com//DesktopModule/BizframeExtendMdl/workList/bulWorkView.aspx?wmguid=20aae8dc-4a0c-4af5-aedf-cc153eb6efdf&recorderguid=45bf66eb-45a9-4168-b03d-781d0ab52e5d&sitePath=,1da70fabbfc2d8fa770717ffd5a8786b,2020-04-22 16:40:31
北京市,北京市本级,北京市规划和自然资源委员会国有土地使用权挂牌出让公告(京土整储挂(朝)[2020]009号),(朝)[2020]009号),挂牌,2020/3/27,2020/3/26,京土整储挂(兴)[2020]010号,39577.683平方米,北京市大兴区西红门镇B1-05-(2)地块R2二类居住用地、B2-02地块S4社会停车场用地,70年,等于1.91,,,,城镇住宅用地,,城镇住宅用地,3600,万元/公顷,55000万元,1104220FA0002,273800万元,1400万元,2020年04月16土09时00分,2020年04月29土15时00分,,,,,,北京市土地交易市场,2020年04月28土15时00分,2020年04月28土15时00分,,北京市土地交易市场,北京市丰台区西三环南路1号市公共资源交易综合分平台五层,,010-555950209,,,,https://www.landchina.com//DesktopModule/BizframeExtendMdl/workList/bulWorkView.aspx?wmguid=20aae8dc-4a0c-4af5-aedf-cc153eb6efdf&recorderguid=45bf66eb-45a9-4168-b03d-781d0ab52e5d&sitePath=,1da70fabbfc2d8fa770717ffd5a8786b,2020-04-22 16:40:31
北京市,北京市本级,北京市规划和自然资源委员会国有土地使用权挂牌出让公告(京土整储挂(朝)[2020]009号),(朝)[2020]009号),挂牌,2020/3/27,2020/3/26,京土整储挂(兴)[2020]011号,45081.987平方米,北京市大兴区西红门镇B1-05-(3)地块R2二类居住用地,70年,等于2.1,,,,城镇住宅用地,,城镇住宅用地,45081.9870,万元/公顷,72600万元,1102620BA0004,363000万元,1900万元,2020年04月16土09时00分,2020年04月29土15时00分,,,,,,北京市土地交易市场,2020年04月28土15时00分,2020年04月28土15时00分,,北京市土地交易市场,北京市丰台区西三环南路1号市公共资源交易综合分平台五层,,010-555950209,,,,https://www.landchina.com//DesktopModule/BizframeExtendMdl/workList/bulWorkView.aspx?wmguid=20aae8dc-4a0c-4af5-aedf-cc153eb6efdf&recorderguid=45bf66eb-45a9-4168-b03d-781d0ab52e5d&sitePath=,1da70fabbfc2d8fa770717ffd5a8786b,2020-04-22 16:40:31
北京市,北京市本级,北京市规划和自然资源委员会国有土地使用权挂牌出让公告(京土整储挂（房）[2020]008号),(京土整储挂（房）[2020]008号),挂牌,2020/3/20,2020/3/19,京土整储挂（房）[2020]008号,56727.74平方米,房山区良乡镇,70年,等于2.36,,,,城镇住宅用地,,城镇住宅用地,12829.89,万元/公顷,28000万元,1100519BB0010,139000万元,700万元,2020年04月09土09时00分,2020年04月23土15时00分,,,,,,北京市土地交易市场,2020年04月22土15时00分,2020年04月22土15时00分,,北京市土地交易市场,北京市丰台区西三环南路1号市公共资源交易综合分平台五层,,010-55595209,,,,https://www.landchina.com//DesktopModule/BizframeExtendMdl/workList/bulWorkView.aspx?wmguid=20aae8dc-4a0c-4af5-aedf-cc153eb6efdf&recorderguid=d2e6365c-56a9-4193-88de-3eddd2fff3e7&sitePath=,d1cbc7b9d1eec5f6473aa3dc86f34d9c,2020-04-22 16:40:35
北京市,北京市本级,北京市规划和自然资源委员会国有土地使用权挂牌出让公告(京土整储挂(密)[2020]006号),(密)[2020]006号),挂牌,2020/3/12,2020/3/12,京土整储挂(密)[2020]006号,121639.583平方米,北京市密云区密云经济开发区三期A1地块MY00-0302-6010等地块R2二类居住用地、A33基础教育用地,70年,等于1.59,,,,城镇住宅用地,,教育用地,116597.0150,万元/公顷,37000万元,1108619BA0013,185000万元,950万元,2020年04月01土09时00分,2020年04月16土15时00分,,,,,,北京市土地交易市场,2020年04月15土15时00分,2020年04月15土15时00分,,北京市土地交易市场,北京市丰台区西三环南路1号市公共资源交易综合分平台五层,,010-55595193,,,,https://www.landchina.com//DesktopModule/BizframeExtendMdl/workList/bulWorkView.aspx?wmguid=20aae8dc-4a0c-4af5-aedf-cc153eb6efdf&recorderguid=d4691960-08a7-4f91-84b3-b314db3c560c&sitePath=,b194b8d9c9e5021eba7ba3ad80e1f810,2020-04-22 16:40:39
北京市,北京市本级,北京市规划和自然资源委员会国有土地使用权挂牌出让公告(京土整储挂(密)[2020]006号),(密)[2020]006号),挂牌,2020/3/12,2020/3/12,京土整储挂(密)[2020]007号,64531.282平方米,北京市密云区檀营乡6023地块R2二类居住用地、6024地块A33基础教育用地,70年,等于1.93,,,,城镇住宅用地,,教育用地,60630.9090,万元/公顷,30000万元,1103719BA0029,149600万元,750万元,2020年04月01土09时00分,2020年04月16土15时00分,,,,,,北京市土地交易市场,2020年04月15土15时00分,2020年04月15土15时00分,,北京市土地交易市场,北京市丰台区西三环南路1号市公共资源交易综合分平台五层,,010-55595193,,,,https://www.landchina.com//DesktopModule/BizframeExtendMdl/workList/bulWorkView.aspx?wmguid=20aae8dc-4a0c-4af5-aedf-cc153eb6efdf&recorderguid=d4691960-08a7-4f91-84b3-b314db3c560c&sitePath=,b194b8d9c9e5021eba7ba3ad80e1f810,2020-04-22 16:40:39
北京市,大兴区,北京市规划和自然资源委员会大兴分局国有土地使用权挂牌出让公告(京土整储挂（兴）工业[2020]001号),(京土整储挂（兴）工业[2020]001号),挂牌,2020/3/6,2020/3/6,DX00-0502-6014-3,11276.71平方米,大兴生物医药产业基地,20年,小于或等于1.5,,,,工业用地,,工业用地,11276.71,万元/公顷,250万元,,1211.817万元,10万元,2020年03月06土09时00分,2020年03月25土17时00分,,,,,,北京市大兴区金华寺东路1号,2020年04月08土15时00分,2020年04月08土17时00分,,北京市土地交易市场大兴分市场,北京市大兴区金华寺东路1号,,69261062,,,,https://www.landchina.com//DesktopModule/BizframeExtendMdl/workList/bulWorkView.aspx?wmguid=20aae8dc-4a0c-4af5-aedf-cc153eb6efdf&recorderguid=33667820-c8e5-4698-b6e2-c4da570a0a95&sitePath=,ac4ebcbe4f56e97752a1046c99c5db14,2020-04-22 16:40:42
北京市,北京市本级,北京经济技术开发区开发建设局国有土地使用权挂牌出让公告(京开国土挂[2020]02号),(京开国土挂[2020]02号),挂牌,2020/3/6,2020/3/5,北京经济技术开发区路南区N5M4地块,34995.92平方米,北京经济技术开发区路南区N5M4地块,20年,小于或等于2.37,小于或等于40,小于或等于15,小于或等于45,工业用地,,工业用地,34995.92,万元/公顷,1000万元,,4868.597371万元,85万元,2020年03月26土09时00分,2020年04月09土15时00分,,,,,,北京经济技术开发区荣华百路15号朝林大厦C1507,2020年04月08土15时00分,2020年04月08土15时00分,,北京经济技术开发区荣华百路15号朝林大厦C1507,北京经济技术开发区荣华百路15号朝林大厦C1507,,67881796,,,,https://www.landchina.com//DesktopModule/BizframeExtendMdl/workList/bulWorkView.aspx?wmguid=20aae8dc-4a0c-4af5-aedf-cc153eb6efdf&recorderguid=ca545bef-24ab-4996-9fb2-a4b7473225a7&sitePath=,018d902ca16f419e365f4db015ce54cd,2020-04-22 16:40:44
北京市,北京市本级,北京市规划和自然资源委员会国有土地使用权挂牌出让公告(京土整储挂（朝）[2020]002号),(京土整储挂（朝）[2020]002号),挂牌,2020/2/28,2020/2/27,京土整储挂（昌）[2020]005号,12501.506平方米,北京市昌平区朱辛庄新区（二期）土地一级开发项目ZXZ-010地块F3其他类多功能用地,40年,等于3,,,,其他商服用地,,其他商服用地,12501.5060,万元/公顷,11200万元,1105020BB0001,56000万元,280万元,2020年03月19土09时00分,2020年04月02土15时00分,,,,,,北京市土地交易市场,2020年04月01土15时00分,2020年04月01土15时00分,,北京市土地交易市场,北京市丰台区西三环南路1号市公共资源交易综合分平台五层,,010-55595193,,,,https://www.landchina.com//DesktopModule/BizframeExtendMdl/workList/bulWorkView.aspx?wmguid=20aae8dc-4a0c-4af5-aedf-cc153eb6efdf&recorderguid=ff6a48e3-6511-4735-a151-5d782d4493ee&sitePath=,3325fdf73b80a6b26685844320a0029c,2020-04-22 16:40:48
北京市,北京市本级,北京市规划和自然资源委员会国有土地使用权挂牌出让公告(京土整储挂（朝）[2020]002号),(京土整储挂（朝）[2020]002号),挂牌,2020/2/28,2020/2/27,京土整储挂（朝）[2020]002号,95961.764平方米,北京市朝阳区金盏乡小店村3005-02、3005-08地块R2二类居住用地,70年,等于1.3,,,,城镇住宅用地,,城镇住宅用地,95961.7640,万元/公顷,127500万元,1108619BB0014,636300万元,3200万元,2020年03月19土09时00分,2020年04月02土15时00分,,,,,,北京市土地交易市场,2020年04月01土15时00分,2020年04月01土15时00分,,北京市土地交易市场,北京市丰台区西三环南路1号市公共资源交易综合分平台五层,,010-55595193,,,,https://www.landchina.com//DesktopModule/BizframeExtendMdl/workList/bulWorkView.aspx?wmguid=20aae8dc-4a0c-4af5-aedf-cc153eb6efdf&recorderguid=ff6a48e3-6511-4735-a151-5d782d4493ee&sitePath=,3325fdf73b80a6b26685844320a0029c,2020-04-22 16:40:48
北京市,北京市本级,北京市规划和自然资源委员会国有土地使用权挂牌出让公告(京土整储挂（朝）[2020]002号),(京土整储挂（朝）[2020]002号),挂牌,2020/2/28,2020/2/27,京土整储挂（朝）[2020]003号,80892.994平方米,北京市朝阳区金盏乡小店村3005-12地块R2二类居住用地、3005-14地块A33基础教育用地、3005-15地块A22文化活动用地、3005-17地块A8社区综合服务设施用地,70年,等于1.39,,,,城镇住宅用地,,城镇住宅用地,9000,万元/公顷,92000万元,1108619BB0014,460000万元,2300万元,2020年03月19土09时00分,2020年04月02土15时00分,,,,,,北京市土地交易市场,2020年04月01土15时00分,2020年04月01土15时00分,,北京市土地交易市场,北京市丰台区西三环南路1号市公共资源交易综合分平台五层,,010-55595193,,,,https://www.landchina.com//DesktopModule/BizframeExtendMdl/workList/bulWorkView.aspx?wmguid=20aae8dc-4a0c-4af5-aedf-cc153eb6efdf&recorderguid=ff6a48e3-6511-4735-a151-5d782d4493ee&sitePath=,3325fdf73b80a6b26685844320a0029c,2020-04-22 16:40:48
北京市,北京市本级,北京市规划和自然资源委员会国有土地使用权挂牌出让公告(京土整储挂（朝）[2020]002号),(京土整储挂（朝）[2020]002号),挂牌,2020/2/28,2020/2/27,京土整储挂（朝）[2020]004号,7289.19平方米,北京市朝阳区望京花家地西里三组团配套综合楼1006-605地块B4商业金融用地,40年,等于3,,,,其他商服用地,,其他商服用地,7289.19,万元/公顷,7100万元,1109220BB0001,35200万元,180万元,2020年03月19土09时00分,2020年04月02土15时00分,,,,,,北京市土地交易市场,2020年04月01土15时00分,2020年04月01土15时00分,,北京市土地交易市场,北京市丰台区西三环南路1号市公共资源交易综合分平台五层,,010-55595193,,,,https://www.landchina.com//DesktopModule/BizframeExtendMdl/workList/bulWorkView.aspx?wmguid=20aae8dc-4a0c-4af5-aedf-cc153eb6efdf&recorderguid=ff6a48e3-6511-4735-a151-5d782d4493ee&sitePath=,3325fdf73b80a6b26685844320a0029c,2020-04-22 16:40:48
北京市,北京市本级,北京经济技术开发区开发建设局国有土地使用权挂牌出让公告(京开国土挂[2020]01号),(京开国土挂[2020]01号),挂牌,2020/2/21,2020/2/20,北京经济技术开发区路东区E7M1地块,30911.9平方米,北京经济技术开发区路东区E7M1地块,20年,小于或等于1.7,小于或等于40,小于或等于15,小于或等于45,工业用地,,工业用地,30911.90,万元/公顷,800万元,,3815.146698万元,60万元,2020年03月12土09时00分,2020年03月26土15时00分,,,,,,北京经济技术开发区荣华百路15号朝林大厦1507房间,2020年03月25土15时00分,2020年03月25土15时00分,,北京经济技术开发区荣华百路15号朝林大厦15层北京市土地交易市场经济技术开发区分市场,北京经济技术开发区荣华百路15号朝林大厦1507房间,,67881796,,,,https://www.landchina.com//DesktopModule/BizframeExtendMdl/workList/bulWorkView.aspx?wmguid=20aae8dc-4a0c-4af5-aedf-cc153eb6efdf&recorderguid=7da6b2f6-9f8a-4cd5-91e8-36ed0cd3f8a3&sitePath=,b8814e51377a0eea9542bc3bfa59cafe,2020-04-22 16:40:57
北京市,北京市本级,北京市规划和自然资源委员会国有土地使用权挂牌出让公告(京土整储挂（海）[2020]001号),(京土整储挂（海）[2020]001号),挂牌,2020/1/22,2020/1/22,京土整储挂（海）[2020]001号,67309.96平方米,北京市海淀区“海淀北部地区整体开发”西北旺镇HD00-0403-0061、0050、0031、0040、0046地块二类居住、其他类多功能、医院及机构养老设施用地,70年,等于2.42,,,,城镇住宅用地,,城镇住宅用地,3900,万元/公顷,121000万元,1103819BA0030,603400万元,3000万元,2020年02月11土09时00分,2020年02月25土15时00分,,,,,,北京市土地交易市场,2020年02月24土15时00分,2020年02月24土15时00分,,北京市土地交易市场,北京市丰台区西三环南路1号市公共资源交易综合分平台五层,,010-55595197,,,,https://www.landchina.com//DesktopModule/BizframeExtendMdl/workList/bulWorkView.aspx?wmguid=20aae8dc-4a0c-4af5-aedf-cc153eb6efdf&recorderguid=54813ac7-3cd7-4e6d-8d3c-c82128c587a4&sitePath=,b792ead5c1773a0478a48ee83a7f947b,2020-04-22 16:41:05
北京市,平谷区,北京市规划和自然资源委员会平谷分局国有土地使用权挂牌出让公告(京土整储挂（平）工业[2020]001号),(京土整储挂（平）工业[2020]001号),挂牌,2020/1/15,2020/1/15,京土整储挂（平）工业[2020]001号,30231.139平方米,北京市平谷区兴谷开发区,20年,等于1,,大于或等于15,小于或等于18,工业用地,,工业用地,30231.1390,10000万元/公顷,600万元,1105019BA0063,2817.03万元,10万元,2020年01月15土09时00分,2020年02月17土15时00分,,,,,,北京市土地整理储备百心平谷区分百心,2020年02月04土09时00分,2020年02月17土15时00分,,北京市土地交易市场平谷区分市场,北京市平谷区林荫北街5号,刘蕊,010-69961535,,,,https://www.landchina.com//DesktopModule/BizframeExtendMdl/workList/bulWorkView.aspx?wmguid=20aae8dc-4a0c-4af5-aedf-cc153eb6efdf&recorderguid=75c6981a-9c19-4150-80de-0d655ec2baf3&sitePath=,b1f6378f55b17e4ae2720b067736cc8b,2020-04-22 16:41:08
北京市,顺义区,北京市规划和自然资源委员会顺义分局国有土地使用权挂牌出让公告(京土整储挂顺[2020]001号),(京土整储挂顺[2020]001号),挂牌,2020/1/14,2020/1/14,京土整储挂（顺）【2020】001号,46700平方米,百关村顺义园临空国际板块,20年,大于或等于0.8并且小于或等于2,,,,工业用地,,工业用地,46700,万元/公顷,1220万元,1101019BA0028,,,2020年02月04土09时00分,2020年02月18土15时00分,,,,,,北京市顺义区仓工街11号,2020年02月18土15时00分,2020年02月18土15时00分,,北京市规划和自然资源委员会顺义分局,,,,,,,https://www.landchina.com//DesktopModule/BizframeExtendMdl/workList/bulWorkView.aspx?wmguid=20aae8dc-4a0c-4af5-aedf-cc153eb6efdf&recorderguid=f23c6c8f-b168-4c5f-b566-ff579ec3370b&sitePath=,85d465978bc320ca1646a0469d611928,2020-04-22 16:41:12
北京市,北京市本级,北京市规划和自然资源委员会国有土地使用权挂牌出让公告(京土整储挂（通）[2019]053号),(京土整储挂（通）[2019]053号),挂牌,2019/12/31,2019/12/31,京土整储挂（通）[2019]053号,27525.637平方米,北京市通州区台湖镇亦庄新城站前区YZ00-0401-0056、YZ00-0401-L0055-02地块R2二类居住用地、A334托幼用地,70年,等于1.83,,,土地用途明细：,,,,,万元/公顷,18000万元,1102819BA0009,90000万元,450万元,2020年02月04土09时00分,2020年02月18土15时00分,,,,,,北京市土地交易市场,2020年02月17土15时00分,2020年02月17土15时00分,,北京市土地交易市场,北京市丰台区西三环南路1号市公共资源交易综合分平台五层,,010-55595197,,,,https://www.landchina.com//DesktopModule/BizframeExtendMdl/workList/bulWorkView.aspx?wmguid=20aae8dc-4a0c-4af5-aedf-cc153eb6efdf&recorderguid=3fea7839-a2da-400d-a067-8c0335ce5806&sitePath=,0849e495dd57e5bbbac3c869b61dd435,2020-04-22 16:41:14
北京市,北京市本级,北京市规划和自然资源委员会国有土地使用权挂牌出让公告(京土整储挂（通）[2019]053号),(京土整储挂（通）[2019]053号),挂牌,2019/12/31,2019/12/31,京土整储挂（兴）[2019]054号,20403.857平方米,北京市大兴区采育镇DX10-0001-6004地块R2二类居住用地,70年,等于2.5,,,土地用途明细：,,,,,万元/公顷,13200万元,1103319BA0010,65600万元,350万元,2020年02月04土09时00分,2020年02月18土15时00分,,,,,,北京市土地交易市场,2020年02月17土15时00分,2020年02月17土15时00分,,北京市土地交易市场,北京市丰台区西三环南路1号市公共资源交易综合分平台五层,,010-55595197,,,,https://www.landchina.com//DesktopModule/BizframeExtendMdl/workList/bulWorkView.aspx?wmguid=20aae8dc-4a0c-4af5-aedf-cc153eb6efdf&recorderguid=3fea7839-a2da-400d-a067-8c0335ce5806&sitePath=,0849e495dd57e5bbbac3c869b61dd435,2020-04-22 16:41:14
北京市,北京市本级,北京市规划和自然资源委员会国有土地使用权挂牌出让公告(京土整储挂（通）[2019]053号),(京土整储挂（通）[2019]053号),挂牌,2019/12/31,2019/12/31,京土整储挂（兴）[2019]055号,78681.465平方米,北京市大兴区旧宫镇YZ00-0801-0018、0019、0024、0025、0026地块二类居住用地、基础教育用地,70年,等于2.39,,,土地用途明细：,,,,,万元/公顷,100000万元,1102619BA0040,500000万元,2500万元,2020年02月04土09时00分,2020年02月18土15时00分,,,,,,北京市土地交易市场,2020年02月17土15时00分,2020年02月17土15时00分,,北京市土地交易市场,北京市丰台区西三环南路1号市公共资源交易综合分平台五层,,010-55595197,,,,https://www.landchina.com//DesktopModule/BizframeExtendMdl/workList/bulWorkView.aspx?wmguid=20aae8dc-4a0c-4af5-aedf-cc153eb6efdf&recorderguid=3fea7839-a2da-400d-a067-8c0335ce5806&sitePath=,0849e495dd57e5bbbac3c869b61dd435,2020-04-22 16:41:14
北京市,北京市本级,北京市规划和自然资源委员会国有土地使用权挂牌出让公告(京土整储挂（石）[2019]050号),(京土整储挂（石）[2019]050号),挂牌,2019/12/31,2019/12/31,京土整储挂（石）[2019]050号,38379.373平方米,北京市石景山区西黄村1606-646地块F2公建混合住宅用地,70年,等于3.07,,,土地用途明细：,,,,,万元/公顷,59500万元,1103319BA0009,297500万元,1500万元,2020年01月22土09时00分,2020年02月11土15时00分,,,,,,北京市土地交易市场,2020年02月10土15时00分,2020年02月10土15时00分,,北京市土地交易市场,北京市丰台区西三环南路1号市公共资源交易综合分平台五层,,010-55595209,,,,https://www.landchina.com//DesktopModule/BizframeExtendMdl/workList/bulWorkView.aspx?wmguid=20aae8dc-4a0c-4af5-aedf-cc153eb6efdf&recorderguid=5e532651-e367-4b2f-99ef-858e4e5e8fd1&sitePath=,bf723889c6899b5b6c173e28b1ced573,2020-04-22 16:41:17
北京市,北京市本级,北京市规划和自然资源委员会国有土地使用权挂牌出让公告(京土整储挂（石）[2019]050号),(京土整储挂（石）[2019]050号),挂牌,2019/12/31,2019/12/31,京土整储挂（通）[2019]051号,99023.274平方米,北京市通州区马驹桥镇亦庄新城0500街区YZ00-0500-6007等地块R2二类居住用地、A334托幼用地,70年,等于2.22,,,土地用途明细：,,,,,万元/公顷,76000万元,1104119BA0084,380000万元,1900万元,2020年01月22土09时00分,2020年02月11土15时00分,,,,,,北京市土地交易市场,2020年02月10土15时00分,2020年02月10土15时00分,,北京市土地交易市场,北京市丰台区西三环南路1号市公共资源交易综合分平台五层,,010-55595209,,,,https://www.landchina.com//DesktopModule/BizframeExtendMdl/workList/bulWorkView.aspx?wmguid=20aae8dc-4a0c-4af5-aedf-cc153eb6efdf&recorderguid=5e532651-e367-4b2f-99ef-858e4e5e8fd1&sitePath=,bf723889c6899b5b6c173e28b1ced573,2020-04-22 16:41:17
北京市,北京市本级,北京市规划和自然资源委员会国有土地使用权挂牌出让公告(京土整储挂（石）[2019]050号),(京土整储挂（石）[2019]050号),挂牌,2019/12/31,2019/12/31,京土整储挂（兴）[2019]052号,20796平方米,北京市大兴区采育镇01-0042地块R2二类居住用地,70年,等于1.05,,,土地用途明细：,,,,,万元/公顷,5800万元,1105019BA0062,28800万元,150万元,2020年01月22土09时00分,2020年02月11土15时00分,,,,,,北京市土地交易市场,2020年02月10土15时00分,2020年02月10土15时00分,,北京市土地交易市场,北京市丰台区西三环南路1号市公共资源交易综合分平台五层,,010-55595209,,,,https://www.landchina.com//DesktopModule/BizframeExtendMdl/workList/bulWorkView.aspx?wmguid=20aae8dc-4a0c-4af5-aedf-cc153eb6efdf&recorderguid=5e532651-e367-4b2f-99ef-858e4e5e8fd1&sitePath=,bf723889c6899b5b6c173e28b1ced573,2020-04-22 16:41:17
北京市,北京市本级,北京市规划和自然资源委员会国有土地使用权招标出让公告(京土整储招(海)[2019]056号),(海)[2019]056号),招标,2019/12/31,2019/12/31,京土整储招(海)[2019]056号,47115.366平方米,北京市海淀区安宁庄东路1号1820-618B、1820-619B、1820-624A、1820-622地块R2二类居住用地、A33基础教育用地,70年,等于2.39,,,土地用途明细：,,,,,万元/公顷,56500万元,1102519BA0008,,备注：,,,,,,,,北京市土地交易市场,,,,北京市土地交易市场,北京市丰台区西三环南路1号市公共资源交易综合分平台五层,,010-55595201,,,,https://www.landchina.com//DesktopModule/BizframeExtendMdl/workList/bulWorkView.aspx?wmguid=20aae8dc-4a0c-4af5-aedf-cc153eb6efdf&recorderguid=225d3a02-0a96-4429-a4ca-a8c31ea445e8&sitePath=,3ff93cb0a250851b094b42c229394024,2020-04-22 16:41:21
北京市,顺义区,北京市规划和自然资源委员会顺义分局国有土地使用权挂牌出让公告(京土整储挂（顺义）研发[2019]004号),(京土整储挂（顺义）研发[2019]004号),挂牌,2019/12/25,2019/12/25,京土整储挂（顺义）研发（2019）004号,19340平方米,顺义区赵全营镇板桥村,20年,等于1.8,,,土地用途明细：,,,,,万元/公顷,1800万元,1106618BD0013,5764.87万元,30万元,2020年01月13土09时00分,2020年01月31土15时00分,,,,,,北京市规划和自然资源委员会顺义分局,2020年01月23土15时00分,2020年01月23土15时00分,,北京市顺义区仓工街11号,,,,,,,https://www.landchina.com//DesktopModule/BizframeExtendMdl/workList/bulWorkView.aspx?wmguid=20aae8dc-4a0c-4af5-aedf-cc153eb6efdf&recorderguid=d907c62f-e849-4d3a-9172-2c3573efc422&sitePath=,e52b4937ef6fdd6370d917aba3b445ee,2020-04-22 16:41:28
北京市,北京市本级,北京市规划和自然资源委员会国有土地使用权挂牌出让公告(京土整储挂（海）[2019]047号),(京土整储挂（海）[2019]047号),挂牌,2019/12/20,2019/12/20,京土整储挂（昌）[2019]048号,68008.749平方米,北京市昌平区东小口镇HC-022、HC-027地块R2二类居住用地,70年,等于2.5,,,土地用途明细：,,,,,万元/公顷,98000万元,1106019GA0009,490000万元,2500万元,2020年01月15土09时00分,2020年02月04土15时00分,,,,,,北京市土地交易市场,2020年02月03土15时00分,2020年02月03土15时00分,,北京市土地交易市场,北京市丰台区西三环南路1号市公共资源交易综合分平台五层,,010-55595197,,,,https://www.landchina.com//DesktopModule/BizframeExtendMdl/workList/bulWorkView.aspx?wmguid=20aae8dc-4a0c-4af5-aedf-cc153eb6efdf&recorderguid=d1743ba8-17bf-4292-a24d-370f3a1bd2fe&sitePath=,244a3a103261a7bbd7da1ffb38416b31,2020-04-22 16:41:33
北京市,北京市本级,北京市规划和自然资源委员会国有土地使用权挂牌出让公告(京土整储挂（海）[2019]047号),(京土整储挂（海）[2019]047号),挂牌,2019/12/20,2019/12/20,京土整储挂（昌）[2019]049号,77022.152平方米,北京市昌平区东小口镇HC-031地块R2二类居住用地、HC-030地块A33基础教育用地,70年,等于2.69,,,土地用途明细：,,,,,万元/公顷,117400万元,1106019GA0009,587000万元,2950万元,2020年01月15土09时00分,2020年02月04土15时00分,,,,,,北京市土地交易市场,2020年02月03土15时00分,2020年02月03土15时00分,,北京市土地交易市场,北京市丰台区西三环南路1号市公共资源交易综合分平台五层,,010-55595197,,,,https://www.landchina.com//DesktopModule/BizframeExtendMdl/workList/bulWorkView.aspx?wmguid=20aae8dc-4a0c-4af5-aedf-cc153eb6efdf&recorderguid=d1743ba8-17bf-4292-a24d-370f3a1bd2fe&sitePath=,244a3a103261a7bbd7da1ffb38416b31,2020-04-22 16:41:33
北京市,北京市本级,北京市规划和自然资源委员会国有土地使用权挂牌出让公告(京土整储挂（海）[2019]047号),(京土整储挂（海）[2019]047号),挂牌,2019/12/20,2019/12/20,京土整储挂（海）[2019]047号,48727.09平方米,北京市海淀区“海淀北部地区整体开发”西北旺镇HD00-0403-0043、0049地块二类居住及基础教育用地,70年,等于2.2,,,土地用途明细：,,,,,万元/公顷,86200万元,1103819BA0030,431000万元,2200万元,2020年01月15土09时00分,2020年02月04土15时00分,,,,,,北京市土地交易市场,2020年02月03土15时00分,2020年02月03土15时00分,,北京市土地交易市场,北京市丰台区西三环南路1号市公共资源交易综合分平台五层,,010-55595197,,,,https://www.landchina.com//DesktopModule/BizframeExtendMdl/workList/bulWorkView.aspx?wmguid=20aae8dc-4a0c-4af5-aedf-cc153eb6efdf&recorderguid=d1743ba8-17bf-4292-a24d-370f3a1bd2fe&sitePath=,244a3a103261a7bbd7da1ffb38416b31,2020-04-22 16:41:33
北京市,北京市本级,北京市规划和自然资源委员会国有土地使用权挂牌出让公告(京土整储挂（海）[2019]044号),(京土整储挂（海）[2019]044号),挂牌,2019/12/16,2019/12/16,京土整储挂（海）[2019]044号,65039.11平方米,北京市海淀区“海淀北部地区整体开发”永丰产业基地（新）HD00-0403-013、122地块R2二类居住用地、A33基础教育用地,70年,等于2.04,,,土地用途明细：,,,,,万元/公顷,65800万元,1106019BA0010,329000万元,1650万元,2020年01月06土09时00分,2020年01月20土15时00分,,,,,,北京市土地交易市场,2020年01月17土15时00分,2020年01月17土15时00分,,北京市土地交易市场,北京市丰台区西三环南路1号市公共资源交易综合分平台五层,,010-55595198,,,,https://www.landchina.com//DesktopModule/BizframeExtendMdl/workList/bulWorkView.aspx?wmguid=20aae8dc-4a0c-4af5-aedf-cc153eb6efdf&recorderguid=cd0de58a-6c79-4619-8a2c-5e6a236aa1fd&sitePath=,2b36a10e42bb492eda2dd22dbcf20c50,2020-04-22 16:41:41
北京市,北京市本级,北京市规划和自然资源委员会国有土地使用权挂牌出让公告(京土整储挂（海）[2019]044号),(京土整储挂（海）[2019]044号),挂牌,2019/12/16,2019/12/16,京土整储挂（海）[2019]045号,44507.257平方米,北京市海淀区四季青镇百坞重点村资金平衡用地北地块R2二类居住用地,70年,等于1.5,,,土地用途明细：,,,,,万元/公顷,93500万元,1101419BA0010,467500万元,2350万元,2020年01月06土09时00分,2020年01月20土15时00分,,,,,,北京市土地交易市场,2020年01月17土15时00分,2020年01月17土15时00分,,北京市土地交易市场,北京市丰台区西三环南路1号市公共资源交易综合分平台五层,,010-55595198,,,,https://www.landchina.com//DesktopModule/BizframeExtendMdl/workList/bulWorkView.aspx?wmguid=20aae8dc-4a0c-4af5-aedf-cc153eb6efdf&recorderguid=cd0de58a-6c79-4619-8a2c-5e6a236aa1fd&sitePath=,2b36a10e42bb492eda2dd22dbcf20c50,2020-04-22 16:41:41
北京市,北京市本级,北京市规划和自然资源委员会国有土地使用权挂牌出让公告(京土整储挂（海）[2019]044号),(京土整储挂（海）[2019]044号),挂牌,2019/12/16,2019/12/16,京土整储挂（海）[2019]046号,51339.153平方米,北京市海淀区四季青镇百坞重点村资金平衡用地南地块R2二类居住用地,70年,等于1.5,,,土地用途明细：,,,,,万元/公顷,108000万元,1101419BA0010,539600万元,2700万元,2020年01月06土09时00分,2020年01月20土15时00分,,,,,,北京市土地交易市场,2020年01月17土15时00分,2020年01月17土15时00分,,北京市土地交易市场,北京市丰台区西三环南路1号市公共资源交易综合分平台五层,,010-55595198,,,,https://www.landchina.com//DesktopModule/BizframeExtendMdl/workList/bulWorkView.aspx?wmguid=20aae8dc-4a0c-4af5-aedf-cc153eb6efdf&recorderguid=cd0de58a-6c79-4619-8a2c-5e6a236aa1fd&sitePath=,2b36a10e42bb492eda2dd22dbcf20c50,2020-04-22 16:41:41
北京市,北京市本级,北京市规划和自然资源委员会国有土地使用权挂牌出让公告(京土整储挂（石）[2019]042号),(京土整储挂（石）[2019]042号),挂牌,2019/11/29,2019/11/28,京土整储挂（石）[2019]042号,23302.84平方米,北京市石景山区古城南街东侧（首钢园区东南区）1612-757地块R2二类居住用地,70年,等于2.8,,,土地用途明细：,,,,,万元/公顷,54000万元,1104919BB0005,270000万元,1350万元,2019年12月19土09时00分,2020年01月03土15时00分,,,,,,北京市土地交易市场,2020年01月02土15时00分,2020年01月02土15时00分,,北京市土地交易市场,北京市丰台区西三环南路1号市公共资源交易综合分平台五层,,010-55595200,,,,https://www.landchina.com//DesktopModule/BizframeExtendMdl/workList/bulWorkView.aspx?wmguid=20aae8dc-4a0c-4af5-aedf-cc153eb6efdf&recorderguid=62343ac4-a0ee-456d-a048-99a8589089a2&sitePath=,c6d14ed847576f8dceb4ae214cb58d34,2020-04-22 16:41:47
北京市,北京市本级,北京市规划和自然资源委员会国有土地使用权挂牌出让公告(京土整储挂（石）[2019]042号),(京土整储挂（石）[2019]042号),挂牌,2019/11/29,2019/11/28,京土整储挂（石）[2019]043号,26794.69平方米,北京市石景山区古城南街东侧（首钢园区东南区）1612-759地块R2二类居住用地,70年,等于2.8,,,土地用途明细：,,,,,万元/公顷,1550万元,1104919BB0005,310000万元,62000万元,2019年12月19土09时00分,2020年01月03土15时00分,,,,,,北京市土地交易市场,2020年01月02土15时00分,2020年01月02土15时00分,,北京市土地交易市场,北京市丰台区西三环南路1号市公共资源交易综合分平台五层,,010-55595200,,,,https://www.landchina.com//DesktopModule/BizframeExtendMdl/workList/bulWorkView.aspx?wmguid=20aae8dc-4a0c-4af5-aedf-cc153eb6efdf&recorderguid=62343ac4-a0ee-456d-a048-99a8589089a2&sitePath=,c6d14ed847576f8dceb4ae214cb58d34,2020-04-22 16:41:47
北京市,大兴区,北京市规划和自然资源委员会大兴分局国有土地使用权挂牌出让公告(京土整储挂（兴）[2019]002号),(京土整储挂（兴）[2019]002号),挂牌,2019/11/21,2019/11/21,大兴生物医药产业基地DX00-0502-6009,18959.82平方米,大兴区生物医药基地,50年,小于或等于1.5,,,土地用途明细：,,,,,万元/公顷,630万元,,3118.97万元,,2019年11月21土09时00分,2019年12月24土17时00分,,,,,,北京市大兴区金华寺东路1号大兴分市场,2019年12月24土17时00分,2019年12月24土17时00分,,北京市大兴区金华寺东路1号大兴分市场,北京市大兴区金华寺东路1号,,69261062,,,,https://www.landchina.com//DesktopModule/BizframeExtendMdl/workList/bulWorkView.aspx?wmguid=20aae8dc-4a0c-4af5-aedf-cc153eb6efdf&recorderguid=a3d17d2e-b103-4d5c-93e5-33ac38fe39a2&sitePath=,04141305fd62643f6f6b9604593d0556,2020-04-22 16:41:50
北京市,北京市本级,北京经济技术开发区开发建设局国有土地使用权挂牌出让公告(京开国土挂[2019]11号),(京开国土挂[2019]11号),挂牌,2019/11/21,2019/11/21,北京经济技术开发区核心区34M3地块,22695.8平方米,北京经济技术开发区核心区34M3地块,20年,小于或等于1.8,大于或等于40,大于或等于15,小于或等于45,,,,,万元/公顷,900万元,场地平整：自然地貌平整基础设施：通市政道路、工水(自来水)、下水（雨水、污水）、天然气、电力、信息管线、热力管线,4412.06352万元,50万元,2019年12月11土09时00分,2019年12月25土15时00分,,,,,,北京经济技术开发区荣华百路15号朝林大厦1507室,2019年12月24土15时00分,2019年12月24土15时00分,,北京经济技术开发区荣华百路15号朝林大厦15层北京市土地交易市场经济技术开发区分市场,北京经济技术开发区荣华百路15号朝林大厦1507房间,,67881796,,,,https://www.landchina.com//DesktopModule/BizframeExtendMdl/workList/bulWorkView.aspx?wmguid=20aae8dc-4a0c-4af5-aedf-cc153eb6efdf&recorderguid=e5f758f5-c61f-4123-99b0-9289608f48e0&sitePath=,61ebc4230aae0e0a41e82ac447dce84b,2020-04-22 16:41:54
北京市,北京市本级,北京经济技术开发区开发建设局国有土地使用权挂牌出让公告(京开国土挂[2019]11号),(京开国土挂[2019]11号),挂牌,2019/11/21,2019/11/21,北京经济技术开发区河西区X61M4地块,10730.4平方米,北京经济技术开发区河西区X61M4地块,20年,小于或等于2,大于或等于40,大于或等于15,小于或等于30,,,,,万元/公顷,320万元,场地平整：自然地貌平整基础设施：通市政道路、工水（自来水、百水）、下水（雨水、污水）、天然气、电力、信息管线,1558.05408万元,30万元,2019年12月11土09时00分,2019年12月25土15时00分,,,,,,北京经济技术开发区荣华百路15号朝林大厦1507室,2019年12月24土15时00分,2019年12月24土15时00分,,北京经济技术开发区荣华百路15号朝林大厦15层北京市土地交易市场经济技术开发区分市场,北京经济技术开发区荣华百路15号朝林大厦1507房间,,67881796,,,,https://www.landchina.com//DesktopModule/BizframeExtendMdl/workList/bulWorkView.aspx?wmguid=20aae8dc-4a0c-4af5-aedf-cc153eb6efdf&recorderguid=e5f758f5-c61f-4123-99b0-9289608f48e0&sitePath=,61ebc4230aae0e0a41e82ac447dce84b,2020-04-22 16:41:54
北京市,北京市本级,北京经济技术开发区开发建设局国有土地使用权挂牌出让公告(京开国土挂[2019]11号),(京开国土挂[2019]11号),挂牌,2019/11/21,2019/11/21,北京经济技术开发区路南区N86M1地块,32677.2平方米,北京经济技术开发区路南区N86M1地块,20年,小于或等于1.5,大于或等于40,大于或等于15,小于或等于30,,,,,万元/公顷,600万元,场地平整：自然地貌平整基础设施：通市政道路、工水(自来水、百水)、下水（雨水、污水）、天然气、电力、信息管线、热力管线,2877.22746万元,50万元,2019年12月11土09时00分,2019年12月25土15时00分,,,,,,北京经济技术开发区荣华百路15号朝林大厦1507室,2019年12月24土15时00分,2019年12月24土15时00分,,北京经济技术开发区荣华百路15号朝林大厦15层北京市土地交易市场经济技术开发区分市场,北京经济技术开发区荣华百路15号朝林大厦1507房间,,67881796,,,,https://www.landchina.com//DesktopModule/BizframeExtendMdl/workList/bulWorkView.aspx?wmguid=20aae8dc-4a0c-4af5-aedf-cc153eb6efdf&recorderguid=e5f758f5-c61f-4123-99b0-9289608f48e0&sitePath=,61ebc4230aae0e0a41e82ac447dce84b,2020-04-22 16:41:54
北京市,北京市本级,北京经济技术开发区开发建设局国有土地使用权挂牌出让公告(京开国土挂[2019]11号),(京开国土挂[2019]11号),挂牌,2019/11/21,2019/11/21,北京经济技术开发区路南区N87M1地块,74765.8平方米,北京经济技术开发区路南区N87M1地块,20年,小于或等于1.5,大于或等于40,大于或等于15,小于或等于30,,,,,万元/公顷,1400万元,场地平整：自然地貌平整基础设施：通市政道路、工水(自来水、百水)、下水（雨水、污水）、天然气、电力、信息管线、热力管线,6583.12869万元,120万元,2019年12月11土09时00分,2019年12月25土15时00分,,,,,,北京经济技术开发区荣华百路15号朝林大厦1507室,2019年12月24土15时00分,2019年12月24土15时00分,,北京经济技术开发区荣华百路15号朝林大厦15层北京市土地交易市场经济技术开发区分市场,北京经济技术开发区荣华百路15号朝林大厦1507房间,,67881796,,,,https://www.landchina.com//DesktopModule/BizframeExtendMdl/workList/bulWorkView.aspx?wmguid=20aae8dc-4a0c-4af5-aedf-cc153eb6efdf&recorderguid=e5f758f5-c61f-4123-99b0-9289608f48e0&sitePath=,61ebc4230aae0e0a41e82ac447dce84b,2020-04-22 16:41:54
北京市,北京市本级,北京市规划和自然资源委员会国有土地使用权挂牌出让公告(京土整储挂（怀）[2019]040号),(京土整储挂（怀）[2019]040号),挂牌,2019/11/15,2019/11/15,京土整储挂(顺)[2019]041号,122243.7平方米,北京市顺义区仁和镇临河村棚户区改造土地开发C片区SY00-0007-6057等地块二类居住用地、商业用地、其他类多功能用地、公交场站设施用地和社区卫生服务百心用地,70年,等于1.69,,,土地用途明细：,,,,,万元/公顷,103000万元,1100519BA0011,513500万元,2600万元,2019年11月15土09时00分,2019年12月19土15时00分,,,,,,北京市土地交易市场,2019年12月18土15时00分,2019年12月18土15时00分,,北京市土地交易市场,北京市丰台区西三环南路1号市公共资源交易综合分平台五层,,010-55595200,,,,https://www.landchina.com//DesktopModule/BizframeExtendMdl/workList/bulWorkView.aspx?wmguid=20aae8dc-4a0c-4af5-aedf-cc153eb6efdf&recorderguid=d4552f11-e9f1-4ab5-8994-e74c0b065e2f&sitePath=,b4d5afacf05972a905d2544b984eeb2b,2020-04-22 16:42:05
北京市,北京市本级,北京市规划和自然资源委员会国有土地使用权挂牌出让公告(京土整储挂（怀）[2019]040号),(京土整储挂（怀）[2019]040号),挂牌,2019/11/15,2019/11/15,京土整储挂（怀）[2019]040号,54523.081平方米,北京市怀柔区雁栖镇陈各庄村HR00-0010-6047地块R2二类居住用地、HR00-0010-6045和HR00-0010-6054地块S4社会停车场用地,70年,等于1.26,,,土地用途明细：,,,,,万元/公顷,32200万元,1104519BB0005,161000万元,800万元,2019年12月05土09时00分,2019年12月19土15时00分,,,,,,北京市土地交易市场,2019年12月18土15时00分,2019年12月18土15时00分,,北京市土地交易市场,北京市丰台区西三环南路1号市公共资源交易综合分平台五层,,010-55595200,,,,https://www.landchina.com//DesktopModule/BizframeExtendMdl/workList/bulWorkView.aspx?wmguid=20aae8dc-4a0c-4af5-aedf-cc153eb6efdf&recorderguid=d4552f11-e9f1-4ab5-8994-e74c0b065e2f&sitePath=,b4d5afacf05972a905d2544b984eeb2b,2020-04-22 16:42:05
北京市,北京市本级,北京市规划和自然资源委员会国有土地使用权招标出让公告(京土整储招(丰)[2019]039号),(丰)[2019]039号),招标,2019/11/15,2019/11/15,京土整储招(丰)[2019]039号,62168.343平方米,北京市丰台区吴家村梅市口路1615-761、1615-762地块R2二类居住用地,70年,等于3,,,土地用途明细：,,,,,万元/公顷,86800万元,1105818BB0012,,备注：,,,,,,,,北京市土地交易市场,,,,北京市土地交易市场,北京市丰台区西三环南路1号市公共资源交易综合分平台五层,,010-55595197,,,,https://www.landchina.com//DesktopModule/BizframeExtendMdl/workList/bulWorkView.aspx?wmguid=20aae8dc-4a0c-4af5-aedf-cc153eb6efdf&recorderguid=f6ce5632-8607-4bf4-913c-99d64a1c9346&sitePath=,1e19a1bed25aeca78fe0bc0b4c9b4cfd,2020-04-22 16:42:11
北京市,北京市本级,北京市规划和自然资源委员会国有土地使用权挂牌出让公告(京土整储挂（房）[2019]036号),(京土整储挂（房）[2019]036号),挂牌,2019/11/8,2019/11/8,京土整储挂（房）[2019]036号,165793.17平方米,北京市房山区良乡镇FS04-0100-6076等地块R2二类居住用地、A33基础教育用地、F3其他类多功能用地,70年,等于2.3,,,土地用途明细：,,,,,万元/公顷,84000万元,1103719BB0028,420000万元,2100万元,2019年11月28土09时00分,2019年12月12土15时00分,,,,,,北京市土地交易市场,2019年12月11土15时00分,2019年12月11土15时00分,,北京市土地交易市场,北京市丰台区西三环南路1号市公共资源交易综合分平台五层,,010-55595208,,,,https://www.landchina.com//DesktopModule/BizframeExtendMdl/workList/bulWorkView.aspx?wmguid=20aae8dc-4a0c-4af5-aedf-cc153eb6efdf&recorderguid=0d33e416-9ebd-4f52-95d2-4dc5b1123ba8&sitePath=,c79bd8a7d4631342874eff2a77a58180,2020-04-22 16:42:16
北京市,北京市本级,北京市规划和自然资源委员会国有土地使用权挂牌出让公告(京土整储挂（房）[2019]036号),(京土整储挂（房）[2019]036号),挂牌,2019/11/8,2019/11/8,京土整储挂（石）[2019]037号,30159.25平方米,北京市石景山区古城南街东侧（首钢园区东南区）1612-769、775等地块B4综合性商业金融服务业用地,40年,等于4.59,,,土地用途明细：,,,,,万元/公顷,46100万元,1104919BB0005,230100万元,1150万元,2019年11月28土09时00分,2019年12月12土15时00分,,,,,,北京市土地交易市场,2019年12月11土15时00分,2019年12月11土15时00分,,北京市土地交易市场,北京市丰台区西三环南路1号市公共资源交易综合分平台五层,,010-55595208,,,,https://www.landchina.com//DesktopModule/BizframeExtendMdl/workList/bulWorkView.aspx?wmguid=20aae8dc-4a0c-4af5-aedf-cc153eb6efdf&recorderguid=0d33e416-9ebd-4f52-95d2-4dc5b1123ba8&sitePath=,c79bd8a7d4631342874eff2a77a58180,2020-04-22 16:42:16
北京市,北京市本级,北京市规划和自然资源委员会国有土地使用权挂牌出让公告(京土整储挂（房）[2019]036号),(京土整储挂（房）[2019]036号),挂牌,2019/11/8,2019/11/8,京土整储挂（石）[2019]038号,35629.12平方米,北京市石景山区古城南街东侧（首钢园区东南区）1612-778、779、783、784、786等地块B4综合性商业金融服务业用地、F3其他类多功能用地,40年,等于2.82,,,土地用途明细：,,,,,万元/公顷,33400万元,1102819BB0008,166700万元,850万元,2019年11月28土09时00分,2019年12月12土15时00分,,,,,,北京市土地交易市场,2019年12月11土15时00分,2019年12月11土15时00分,,北京市土地交易市场,北京市丰台区西三环南路1号市公共资源交易综合分平台五层,,010-55595208,,,,https://www.landchina.com//DesktopModule/BizframeExtendMdl/workList/bulWorkView.aspx?wmguid=20aae8dc-4a0c-4af5-aedf-cc153eb6efdf&recorderguid=0d33e416-9ebd-4f52-95d2-4dc5b1123ba8&sitePath=,c79bd8a7d4631342874eff2a77a58180,2020-04-22 16:42:16
北京市,北京市本级,北京市规划和自然资源委员会国有土地使用权招标出让公告(京土整储招(海)[2019]034号),(海)[2019]034号),招标,2019/11/1,2019/11/1,京土整储招(海)[2019]034号,70601.065平方米,北京市海淀区学院路北端A、B、C、J地块B4综合性商业金融服务业用地、B23研发设计用地,40年,等于4.04,,,土地用途明细：,,,,,万元/公顷,131000万元,1102619BB0011,,备注：,,,,,,,,北京市土地交易市场,,,,北京市土地交易市场,北京市丰台区西三环南路1号市公共资源交易综合分平台五层,,010-55595201,,,,https://www.landchina.com//DesktopModule/BizframeExtendMdl/workList/bulWorkView.aspx?wmguid=20aae8dc-4a0c-4af5-aedf-cc153eb6efdf&recorderguid=28964ef3-b0f6-4eb6-8864-c5f62cc699be&sitePath=,86eb5fb487fad016226f61892c035eea,2020-04-22 16:42:19
北京市,北京市本级,北京市规划和自然资源委员会国有土地使用权挂牌出让公告(京土整储挂（丰）[2019]035号),(京土整储挂（丰）[2019]035号),挂牌,2019/11/1,2019/10/31,京土整储挂（丰）[2019]035号,74642.4平方米,北京市丰台区长辛店镇辛庄村A-46地块（丰台区长辛店镇辛庄村（一期）B地块土地一级开发项目）R2二类居住用地,70年,等于1.1,,,土地用途明细：,,,,,万元/公顷,52000万元,1100519BB0006,260000万元,1300万元,2019年11月21土09时00分,2019年12月05土15时00分,,,,,,北京市土地交易市场,2019年12月04土15时00分,2019年12月04土15时00分,,北京市土地交易市场,北京市丰台区西三环南路1号市公共资源交易综合分平台五层,,010-55595197,,,,https://www.landchina.com//DesktopModule/BizframeExtendMdl/workList/bulWorkView.aspx?wmguid=20aae8dc-4a0c-4af5-aedf-cc153eb6efdf&recorderguid=600b64fb-c29c-4c20-8afc-94b3e1b2f4da&sitePath=,9354f09f7c753add7104b857fd47394f,2020-04-22 16:42:22
北京市,北京市本级,北京市国土资源局经济技术开发区分局国有土地使用权挂牌出让公告(京开国土[2019]9号),(京开国土[2019]9号),挂牌,2019/10/24,2019/10/24,北京经济技术开发区核心区76M2地块,10922.9平方米,北京经济技术开发区核心区76M2地块,20年,小于或等于1.5,大于或等于40,大于或等于15,小于或等于30,,,,,万元/公顷,350万元,场地平整：自然地貌平整基础设施：通市政道路、工水(自来水)、下水（雨水、污水）、天然气、电力、信息管线、热水管线,1651.54248万元,20万元,2019年11月13土09时00分,2019年11月27土09时15分,,,,,,北京经济技术开发区荣华百路15号朝林大厦1507室,2019年11月26土15时00分,2019年11月26土15时00分,,北京经济技术开发区荣华百路15号朝林大厦15层北京市土地交易市场经济技术开发区分市场,北京经济技术开发区荣华百路15号朝林大厦1507房间,,67881796,,,,https://www.landchina.com//DesktopModule/BizframeExtendMdl/workList/bulWorkView.aspx?wmguid=20aae8dc-4a0c-4af5-aedf-cc153eb6efdf&recorderguid=73068e0c-eb75-4f89-8db4-3bf3d3cf77d1&sitePath=,22808bafc05e8d735262ed5194427b60,2020-04-22 16:42:36
北京市,北京市本级,北京市国土资源局经济技术开发区分局国有土地使用权挂牌出让公告(京开国土[2019]9号),(京开国土[2019]9号),挂牌,2019/10/24,2019/10/24,北京经济技术开发区路东区C9M2地块,40936.25平方米,北京经济技术开发区路东区C9M2地块,20年,小于或等于1.8,大于或等于40,大于或等于15,小于或等于60,,,,,万元/公顷,1100万元,场地平整：自然地貌平整基础设施：市政道路、工水（自来水、百水）、下水（雨水、污水）、天然气、电力、信息管线、热水管线,5349.54915万元,80万元,2019年11月13土09时00分,2019年11月27土09时15分,,,,,,北京经济技术开发区荣华百路15号朝林大厦1507室,2019年11月26土15时00分,2019年11月26土15时00分,,北京经济技术开发区荣华百路15号朝林大厦15层北京市土地交易市场经济技术开发区分市场,北京经济技术开发区荣华百路15号朝林大厦1507房间,,67881796,,,,https://www.landchina.com//DesktopModule/BizframeExtendMdl/workList/bulWorkView.aspx?wmguid=20aae8dc-4a0c-4af5-aedf-cc153eb6efdf&recorderguid=73068e0c-eb75-4f89-8db4-3bf3d3cf77d1&sitePath=,22808bafc05e8d735262ed5194427b60,2020-04-22 16:42:36
北京市,平谷区,北京市规划和自然资源委员会平谷分局国有土地使用权挂牌出让公告(京土整储挂（平）工业[2019]001号),(京土整储挂（平）工业[2019]001号),挂牌,2019/10/23,2019/10/23,京土整储挂（平）工业[2019]001号,34616.871平方米,北京市平谷区兴谷开发区,20年,等于1,,大于或等于15,小于或等于18,,,,,10005万元/公顷,700万元,1105019BA0061,3408.24万元,20万元,2019年10月24土09时00分,2019年11月28土15时00分,,,,,,北京市土地交易市场平谷区分市场,2019年11月28土15时00分,2019年11月28土15时00分,,北京市土地交易市场平谷区分市场,,刘蕊,010-69961535,,,,https://www.landchina.com//DesktopModule/BizframeExtendMdl/workList/bulWorkView.aspx?wmguid=20aae8dc-4a0c-4af5-aedf-cc153eb6efdf&recorderguid=04e9c5c0-593e-45bf-9e08-baba3b0f001b&sitePath=,321c1038046955fa2e160ea267c17753,2020-04-22 16:42:39
北京市,北京市本级,北京市规划和自然资源委员会国有土地使用权挂牌出让公告(京土整储挂(石)[2019]033号),(石)[2019]033号),挂牌,2019/10/17,2019/10/17,京土整储挂(石)[2019]033号,61068.41平方米,北京市石景山区古城南街东侧（首钢园区东南区）1612-805、812、823、822、811等地块R2二类居住用地、F3其他类多功能用地、A33基础教育用地,70年,等于2.4,,,土地用途明细：,,,,,万元/公顷,102000万元,1104919BB0005,510000万元,2600万元,2019年11月06土09时00分,2019年11月20土15时00分,,,,,,北京市土地交易市场,2019年11月19土15时00分,2019年11月19土15时00分,,北京市土地交易市场,北京市丰台区西三环南路1号市公共资源交易综合分平台五层,,010-55595209,,,,https://www.landchina.com//DesktopModule/BizframeExtendMdl/workList/bulWorkView.aspx?wmguid=20aae8dc-4a0c-4af5-aedf-cc153eb6efdf&recorderguid=f145d0e7-31bf-406a-b649-77ef7f4bcf1b&sitePath=,bbac046df3f09c5a22d40676b6591746,2020-04-22 16:42:42
北京市,北京市本级,北京市规划和自然资源委员会国有土地使用权挂牌出让公告(京土整储挂（房）[2019]032号),(京土整储挂（房）[2019]032号),挂牌,2019/10/15,2019/10/14,京土整储挂（房）[2019]032号,35805平方米,北京市房山区拱辰街道FS00-LX09-6001地块R2二类居住用地、FS00-LX09-6003地块A33基础教育用地,70年,等于2,,,土地用途明细：,,,,,万元/公顷,15400万元,1108618BA0022,77000万元,400万元,2019年11月04土09时00分,2019年11月18土15时00分,,,,,,北京市土地交易市场,2019年11月15土15时00分,2019年11月15土15时00分,,北京市土地交易市场,北京市丰台区西三环南路1号市公共资源交易综合分平台五层,,010-55595208,,,,https://www.landchina.com//DesktopModule/BizframeExtendMdl/workList/bulWorkView.aspx?wmguid=20aae8dc-4a0c-4af5-aedf-cc153eb6efdf&recorderguid=3b9efbfc-237f-401f-b62f-9be42057205b&sitePath=,b2b8d374173e8e2785f6f281a6619a7a,2020-04-22 16:42:47
北京市,北京市本级,北京市国土资源局经济技术开发区分局国有土地使用权挂牌出让公告(京土整储挂（开）[2019]030号),(京土整储挂（开）[2019]030号),挂牌,2019/10/10,2019/10/10,京土整储挂（开）[2019]030号,42541.4平方米,北京经济技术开发区路东区E9R2、E9A2地块,70年,等于2.8,小于或等于30,大于或等于30,小于或等于80,,,,,万元/公顷,58400万元,,292000万元,1500万元,2019年10月10土09时00分,2019年11月13土15时00分,,,,,,北京市土地交易市场,2019年11月12土15时00分,2019年11月12土15时00分,,北京市土地交易市场,北京市丰台区西三环南路1号市公共资源交易综合分平台五层,,010-67881796,,,,https://www.landchina.com//DesktopModule/BizframeExtendMdl/workList/bulWorkView.aspx?wmguid=20aae8dc-4a0c-4af5-aedf-cc153eb6efdf&recorderguid=d009dcdd-029d-42c7-a920-c2fd531c255c&sitePath=,bcfcc14445fc50831ca21fac69097c3f,2020-04-22 16:42:52
北京市,北京市本级,北京市国土资源局经济技术开发区分局国有土地使用权挂牌出让公告(京土整储挂（开）[2019]030号),(京土整储挂（开）[2019]030号),挂牌,2019/10/10,2019/10/10,京土整储挂（开）[2019]031号,54735.8平方米,北京经济技术开发区路东区E9R3、E9R4地块,70年,等于2.8,小于或等于30,大于或等于30,小于或等于80,,,,,万元/公顷,85200万元,,426000万元,2150万元,2019年10月10土09时00分,2019年11月13土15时00分,,,,,,北京市土地交易市场,2019年11月12土15时00分,2019年11月12土15时00分,,北京市土地交易市场,北京市丰台区西三环南路1号市公共资源交易综合分平台五层,,010-67881796,,,,https://www.landchina.com//DesktopModule/BizframeExtendMdl/workList/bulWorkView.aspx?wmguid=20aae8dc-4a0c-4af5-aedf-cc153eb6efdf&recorderguid=d009dcdd-029d-42c7-a920-c2fd531c255c&sitePath=,bcfcc14445fc50831ca21fac69097c3f,2020-04-22 16:42:52
北京市,北京市本级,北京市规划和自然资源委员会国有土地使用权挂牌出让公告(京土整储挂（通）[2019]029号),(京土整储挂（通）[2019]029号),挂牌,2019/8/30,2019/8/30,京土整储挂（通）[2019]029号,28003.317平方米,北京市通州区潞城镇FZX-0901-0162地块F3其他类多功能用地,40年,等于2.5,,,土地用途明细：,,,,,万元/公顷,19500万元,1105219BB0044,96800万元,500万元,2019年09月29土09时00分,2019年10月17土15时00分,,,,,,北京市土地交易市场,2019年10月16土15时00分,2019年10月16土15时00分,,北京市土地交易市场,北京市丰台区西三环南路1号市公共资源交易综合分平台五层,,010-55595203,,,,https://www.landchina.com//DesktopModule/BizframeExtendMdl/workList/bulWorkView.aspx?wmguid=20aae8dc-4a0c-4af5-aedf-cc153eb6efdf&recorderguid=1ece6565-eded-450d-a75b-355c4d77b352&sitePath=,3b631b833a08212e1b603585d65b7f8e,2020-04-22 16:42:57
