标题,发布时间,行政区,行政区代码,城市,内容文本,内容链接,供应计划年度,供应总量,供应总量_增量,供应总量_存量,商服用地,工矿仓储用地,住宅用地,住宅用地_保障性住房用地,住宅用地_中小套型商品房用地,住宅用地_普通商品房用地,住宅用地_棚户区改造住房用地,交通运输用地,公共管理与公共服务用地,水域及水利设施用地,教育用地,工业用地,公益事业用地,特殊用地,其他用地,主键MD5,爬取时间
北京市本级2015年度国有建设用地供应计划,2015年3月31日 19:52,北京市 > 北京市市辖区 > 北京市本级,北京市本级,北京市市辖区,北京市2015年度国有建设用地供应计划深入贯彻落实党的十八大、十八届三中、四中全会、中央经济工作会议及我市十四届人大三次会议精神，主动适应首都经济发展新常态，落实“四个中心”的新定位，积极推动京津冀协同发展，统筹“功能疏解、人口控制、用地减量、空间优化”的目标任务，努力打造国际一流的和谐宜居之都，保障首都经济社会持续稳步发展的合理用地需求，按照《国有建设用地供应计划编制规范》（试行）（国土资发〔2010〕117号）要求，结合《北京城市总体规划（2004-2020）》、《北京市土地利用总体规划（2006-2020年）》、《北京市2011-2015年国有建设用地供应计划》和市政府2015年度工作部署，制定本计划。一、计划指标（一）总量2015年全市国有建设用地计划供应总量4600公顷，其中新增建设用地控制在2100公顷以内，鼓励和引导利用存量建设用地2500公顷。（二）用地结构2015年国有建设用地供应计划总量中，交通运输用地1750公顷，水域及水利设施用地50公顷，特殊用地50公顷，公共管理与公共服务用地800公顷，工矿仓储用地350公顷，住宅用地1200公顷，商服用地400公顷。北京市2015年度国有建设用地供应计划用途结构表（单位：公顷）（三）空间布局首都功能核心区和生态涵养区的土地供应量不高于全市土地供应总量的15%，城市功能拓展区和城市发展新区的土地供应量不低于全市土地供应总量的85%。规划新城范围内土地供应量占土地供应总量的70%以上，其中，重点新城规划范围内土地供应量约占土地供应总量的30%。二、土地供应导向（一）保障性安居工程用地“应保尽保”，普通商品住宅用地保持平稳供应，完善住宅用地供应体系按照“低端有保障、中端有支持、高端有市场”的土地供应总体思路，推进建设符合首都特点的住房保障和供应体系。继续足额保障北京市筹集建设各类保障性安居工程及自住型商品房10.5万套用地供应，确保完成“十二五”期间新增100万套建设任务用地需求。保持普通商品住宅用地合理供应水平，发挥市场在住房资源配置过程中的决定性作用，进一步优化住宅用地供应结构。（二）积极推动京津冀协同发展，完善首都城市功能，提升发展运行质量，重点保障基础设施和民生用地需求重点保障北京新机场、京沈客专北京段、京张铁路北京段、京台高速等跨省市铁路、高速公路和国省干线公路等重点交通工程，以及轨道交通、城市重点道路、综合交通枢纽、驻车换乘停车场等城市交通工程的交通运输用地供应，加快推进京津冀区域互联互通，缓解首都城市交通功能承载压力。重点支持首都文化基础设施建设和文化旅游产业发展用地需求，提升首都文化软实力；保障陕京四线工程、南水北调后续工程、污染治理工程、生态环境建设工程等城市基础设施建设用地供应，不断提升城市基础设施建设质量。保障教育、科技、文化、体育、卫生、养老等民生公共服务设施用地供应，继续加大适老社区和基础教育建设用地供应，鼓励社会资本投资健康与养老服务业，支持部分教育、医疗等社会公共服务功能向外转移的用地需求，切实保障和改善民生。（三）深入实施创新驱动发展战略，着力构建“高精尖”经济结构，加快疏解非首都功能，推进节约集约用地积极培育符合首都功能定位的高端产业，加快形成创新引领、技术密集、价值高端的“高精尖”经济结构。重点保障战略性新兴产业用地需求，加快新一代信息技术、生物、新材料、航空航天、高端装备制造业创新发展用地供应；支持信息产业、高端服务业以及节能环保朝阳产业用地需求。加快推进“六高四新”高端产业用地供应，完善高端功能区产业、金融、生活配套等支撑服务用地需求，优化北京经济技术开发区、金融街、商务中心创新发展用地供应，加快推动通州高端商务服务区、丽泽金融商务区、新首钢高端产业综合服务区、怀柔文化科技高端产业新区等“四新”功能区建设发展。严格执行新增产业的禁止和限制目录，控制增量，优化产业项目选择，加快疏解非首都功能，疏解腾退一般制造业和区域性批发零售服务业，加大盘活存量及疏解腾退产业用地高效利用，加快推进已供地尚未开工项目尽早形成投资落地，促进产业用地节约集约利用。（四）优化土地供应空间结构，完善城市发展格局，多层级推进新型城镇化，大力支持薄弱地区发展，促进城乡发展一体化禁止首都功能核心区新建扩建制造业用地供应，加强资源要素合理配置与生产力布局优化，坚持城镇发展与产业支撑、中心城人口疏解相统一，推动中心城优质公共资源和人口向新城疏解，建设重心向郊区转移，促进形成多点支撑、均衡协调的城市发展格局。加快推进通州等城市副中心基础设施建设用地供应，支持重点新城教育、医疗等公共服务用地需求，促进新城承接中心城人口、功能疏解转移。大力支持薄弱地区和首钢老工业区改造调整发展用地需求，继续保障实施第二阶段城南行动计划，加快推进南部地区公共服务、基础设施、生态环境等重点项目建设用地供应。重点保障生态涵养区公共服务、基础设施、生态环境保护建设用地需求，积极推动延庆、密云、门头沟国家主体功能区生态服务型试点建设，统筹城乡区域协调发展，加大重点小城镇、农村薄弱地区等基础设施用地供应，促进城乡一体化，形成生产、生活、生态空间的合理结构。三、计划的执行（一）计划指标本着“瘦身减量、控制增量、疏解存量、稳中提质、保障民生、节约集约”的原则，2015年国有建设用地供应计划指标继续实行分类管理。中央、军队单位用地和全市公共管理与公共服务、交通运输、水域及水利设施和特殊用地等指标2720公顷，实行全市统筹安排；住宅用地（不含中央、军队单位用地）、商服用地和工矿仓储用地等指标1880公顷，分解到区县并落实到具体地块。（二）年度计划实施市政府和区县政府各相关部门应采取有效措施，切实做好2015年度国有建设用地供应计划实施工作。一是加强和完善计划实施的沟通协调和共同责任机制。市国土、发改、规划等部门应进一步明确责任，建立健全定期会商、政策协调、信息共享等工作制度，加强部门协作配合和主动服务，定期协调解决计划实施中存在的问题，对列入计划的项目加快审批，支持帮助各区县推进计划实施。各区县要充分发挥实施土地供应计划的主体作用，加强规划设计、征地拆迁等前期工作协调，及时主动与市国土、发改、规划等相关部门沟通，共同研究解决计划实施过程中遇到的困难和问题，确保计划的实施。二是逐步增强计划指标执行的约束性。严格执行城市增长边界线、生态保护红线和永久基本农田保护的资源约束条件，研究制定新增建设用地“增减挂钩”实施机制，逐步增强土地供应计划指标执行的约束性，优先安排公共服务、生态环境、保障性安居工程、养老等民生用地需求，经营性用地严格按计划执行，对列入计划的项目加快审批、重点推进，未列入计划的项目原则上适度控制。三是加强土地供应的动态监测和跟踪管理。根据经济社会发展状况和土地市场动态监测监管，对供应计划执行过程中的总量、用地结构、开发利用等指标进行评估研判，及时会同相关部门适时调整，确保计划的顺利实施。同时，建立完善计划执行的监督和奖惩制度，对于严格执行土地供应政策、土地利用集约程度高的区域，在下一年度计划指标分配中予以优先支持。加强土地用途管制，加大违法违规用地查处力度。四、本计划自2015年1月1日起执行。北京市2015年度国有建设用地供应计划部分指标分解单位：公顷,http://www.landchina.com/DesktopModule/BizframeExtendMdl/workList/bulWorkView.aspx?wmguid=6506735a-142d-4bde-9674-121656045ed1&recorderguid=06cb8ae8-3a85-403c-83a2-641bce19f7cc&sitePath=,2015,4600公顷,2100公顷以内,2500公顷,400公顷,350公顷,1200公顷,,,,,1750公顷,800公顷,50公顷,,,,50公顷,,bfde71d7495d09d270df1a64e5d70c8e,2020-04-22 18:12:59
北京市本级2014年度国有建设用地供应计划,2014年3月28日 16:58,北京市 > 北京市市辖区 > 北京市本级,北京市本级,北京市市辖区,北京市2014年度国有建设用地供应计划 为贯彻落实党的十八大和十八届三中全会精神，适应首都新时期经济社会发展要求，持续优化调整产业结构，促进人口资源环境协调发展，推进国土资源节约集约利用，努力打造国际一流的和谐宜居之都，统筹“稳增长、调结构、促改革、惠民生”的总体目标，保障首都经济社会健康可持续发展合理用地需求，按照《国有建设用地供应计划编制规范》（试行）（国土资发〔2010〕117号）要求，结合《北京城市总体规划（2004-2020）》、《北京市土地利用总体规划（2006-2020年）》、《北京市2011- 2015年国有建设用地供应计划》和市政府2014年度工作部署，制定本计划。 一、计划指标 （一）总量 2014年全市国有建设用地计划供应总量5150公顷，其中新增建设用地控制在2500公顷以内，鼓励和引导利用存量建设用地2650公顷。 （二）用地结构 2014年国有建设用地供应计划总量中，交通运输用地1200公顷，水域及水利设施用地50公顷，特殊用地50公顷，公共管理与公共服务用地1200公顷，工矿仓储用地450公顷，住宅用地 1650公顷，商服用地550公顷。 （三）空间布局首都功能核心区和生态涵养区的土地供应量不高于全市土地供应总量的15%，城市功能拓展区和城市发展新区的土地供应量不低于全市土地供应总量的85%。 规划新城范围内土地供应量占土地供应总量的70%以上，其中，重点新城规划范围内土地供应量约占土地供应总量的30%。 二、土地供应导向（一）完善住宅用地供应体系，积极稳妥增加普通商品住宅用地供应，继续优先安排保障性安居工程用地需求，优化住宅用地供应结构 着力构建以政府为主提供基本保障、以市场为主满足多层次需求的住房保障用地供应体系。适度加大普通商品住宅用地供应，保障5万套自住型商品房建设用地供应需求。确保中央下达7万套保障性安居工程和棚户区改造项目用地供应，进一步优化住宅用地供应结构。禁止容积率小于1的住宅用地供应。继续做好房地产用地管理和调控工作，促进房地产市场健康平稳发展。 （二）加快环境整治、轨道交通、新机场等重点工程用地供应，保障基础设施用地需求，继续打好治理“城市病”攻坚战，不断提升城市建设质量和提高城市管理水平 重点加强大气污染治理、垃圾污水治理等环境整治系统工程建设用地供应；重点保障新机场、京沈客运专线、京唐客运专线、京张城际铁路、京昆高速北京段、国道110二期等对外交通疏解通道、新开工和中心城区线网加密的轨道交通用地，以及城市重点道路、综合交通枢纽、驻车换乘停车场等交通运输重点工程用地供应，提升城市建设质量和运行保障能力，促进首都人口资源环境协调发展。 保障教育、科技、文化、体育、卫生、养老等公共服务设施用地供应，特别是加大养老服务设施、学前和义务教育设施和医院迁建等民生工程建设用地供应，加快推进首都信息基础设施等公共服务项目建设力度，进一步提高城市管理和可持续发展水平。 （三）调整疏解非首都核心功能，强化创新驱动，适度降低工业用地供应规模和比例，优化产业项目选择，推进节约集约用地，促进首都经济结构深度调整 重点保障符合首都功能定位的重大项目、战略性新兴产业项目、具有市场竞争力和产业辐射力的现代产业集群项目等用地供应；加快推进中关村示范区和文化创意产业功能区建设用地供应；推动商务中心区核心区、金融街内涵式发展和资源置换建设用地供应；保障北京经济技术开发区产业融合、临空经济区转型升级、六大高端产业功能区产业集聚等建设用地供应。严格限制“两高一资”、产能过剩和重复建设项目用地供应。促进产业结构优化升级，加快推进首都经济向内生增长模式转变。 统筹人口资源环境协调发展，完善重大产业项目统筹协调机制，强化各级各类园区土地节约集约利用评价，着力盘活闲置、低效利用的工矿仓储用地，有序引导不符合首都城市战略定位的产业转移，全面推进土地节约集约利用。 （四）优化土地供应空间布局，引导城市向多中心、网络化城镇空间结构转变，增强区域人口均衡分布，促进区域均衡发展 严格限制中心城建设用地供应，引导中心城服装、小商品、建材市场逐步退出，加强资源要素合理配置与生产力布局优化，推动中心城优质公共资源和人口向新城疏解。 加快通州等城市副中心和新城基础设施、公共服务设施和重点项目建设用地供应，增强城市副中心和新城承载能力；重点支持大兴-亦庄、顺义、昌平、房山等新城产业和服务要素用地需求，推动职住平衡；保障门头沟、怀柔、平谷、密云、延庆等区域性新城基础设施、特色产业发展用地需求，带动区域发展。 重点保障北京新机场、外围交通体系、新机场临空经济区等重点项目建设用地需求；加大雁栖湖生态发展示范区、重点镇基础设施及镇区改造、生态涵养发展区重点沟域、山区人口搬迁等重点项目建设用地供应，统筹城乡区域协调发展，不断缩小区域发展差距。 三、计划的执行 （一）计划指标 本着“全市统筹、区县为主、分类指导、有保有压”的原则，2014年国有建设用地供应计划指标继续实行分类管理。中央、军队单位用地和全市公共管理与公共服务、交通运输、水域及水利设施和特殊用地等指标2580公顷，实行全市统筹安排；住宅用地（不含中央、军队单位用地）、商服用地和工矿仓储用地等指标2570公顷，分解到区县并落实到具体地块。 （二）年度计划实施 市政府和区县政府各相关部门应采取有效措施，切实做好2014年度国有建设用地供应计划实施工作。 一是建立和完善土地供应计划实施的部门联动和地块公布机制，稳定市场预期。市国土局、市发展改革委、市规划委等部门明确职责任务，加强协作，共同组织做好建设项目用地供应的各项工作。继续实施和完善计划地块公布机制，将年度拟供应的住宅、商服、工矿仓储等用地落实到具体地块，分批次向社会公布。 二是继续落实区县政府组织实施土地供应计划的主体责任。坚持以区县政府为主体，编制各区县保障性安居工程用地年度供应计划，完善保障性安居工程用地落实与土地储备一级开发进度及经营性用地供应节奏相挂钩制度，坚持独立选址与市场配建相结合，原则要求各区县上半年要完成保障性安居工程用地供应计划的70%。加大土地整治工作力度，落实耕地占补平衡要求。 三是严格规范建设用地供应，切实加强建设用地批后监管。严格落实开竣工申报制度，及时跟踪住宅用地中涉及房地产大企业和大地块履约建设情况；严格执行国土资源部《工业项目建设用地控制指标》，按照工业项目产业类别和投资强度确定项目用地规模；加强土地用途管制，加大违法违规用地查处力度。 四、本计划自2014年1月1日起执行。,http://www.landchina.com/DesktopModule/BizframeExtendMdl/workList/bulWorkView.aspx?wmguid=6506735a-142d-4bde-9674-121656045ed1&recorderguid=269a219b-1636-4a80-b18a-745da9776059&sitePath=,2014,5150公顷,2500公顷以内,2650公顷,550公顷,450公顷,1650公顷,,,,,1200公顷,1200公顷,50公顷,,,,50公顷,,c29be576f2607c3b618120bfb43f4470,2020-04-22 18:13:05
北京市本级2013年度国有建设用地供应计划,2013年3月31日 13:10,北京市 > 北京市市辖区 > 北京市本级,北京市本级,北京市市辖区,,http://www.landchina.com/DesktopModule/BizframeExtendMdl/workList/bulWorkView.aspx?wmguid=6506735a-142d-4bde-9674-121656045ed1&recorderguid=69dd1ff2-5d11-4b75-baf9-e19cf7257f02&sitePath=,2013,,,,,,,,,,,,,,,,,,,4a00cb1750a95818879edd33f33b523d,2020-04-22 18:13:08
北京市2011年度国有建设用地供应计划,2011年4月2日 18:13,北京市 > 北京市市辖区 > 北京市本级,北京市本级,北京市市辖区,北京市国土资源局北京市发展和改革委员会北京市规划委员会京国土市〔2011〕125号关于印发北京市2011年度国有建设用地供应计划的通知各区、县人民政府，市政府各委、办、局，各市属机构：《北京市2011年度国有建设用地供应计划》已经2011年3月21日市政府专题会议审议通过。现印发给你们，请认真贯彻执行。北京市国土资源局 北京市发展和改革委员会 北京市规划委员会二一一年三月二十二日北京市2011年度国有建设用地供应计划为全面贯彻落实国家宏观调控政策，以科学发展观和构建和谐社会重大战略思想为指导，落实北京市国民经济和社会发展“十二五”规划目标，加强土地供应统筹管理，全力推动“人文北京、科技北京、绿色北京”战略实施，加快“世界城市”建设，为首都经济平稳较快发展提供用地保障，按照《国有建设用地供应计划编制规范》（试行）（国土资发〔2010〕117号）要求，结合本市2011年经济社会发展形势，制定本计划。一、计划指标（一）总量2011年全市国有建设用地计划供应总量6500公顷，其中，新增建设用地控制在3200公顷以内，鼓励和引导利用存量建设用地3300公顷。（二）用途结构2011年国有建设用地供应总量中，交通运输用地1000公顷，水域及水利设施用地100公顷，特殊用地100公顷，公共管理与公共服务用地1200公顷，工矿仓储用地1000公顷，住宅用地2550公顷，商服用地550公顷。北京市2011年度国有建设用地供应计划用途结构表单位：公顷（三）空间布局城市功能拓展区和城市发展新区国有建设用地供应量约占全市供应总量的85%；规划新城国有建设用地供应量约占全市供应总量的60%；城南地区国有建设用地供应量约占全市供应总量30%；西部地区国有建设用地供应量约占全市供应总量的15%。二、土地供应导向（一）适度加大住宅、商服用地供应量，大力支持公共租赁房建设，优化住宅用地供应结构，形成符合首都实际的房地产用地供应体系。进一步加快土地储备开发项目供应速度，增强政府调控土地市场能力，继续加大住宅用地供应量，优先保障性住房用地供应，支持居民合理住房需求；进一步调整优化住宅用地供应结构，确保保障性住房用地供应量不低于住宅用地供应总量的50%，大力支持公共租赁住房用地需求，加快完善住房保障体系；增加中低价位、中小套型普通商品房用地供应，确保各类保障性住房及90平方米以下的中小套型商品房用地供应量不低于住宅用地供应总量的70%；禁止容积率小于1的住宅用地供应。进一步加大商服用地供应量，优化和调整房地产用地供应结构，引导以住宅开发为重点的房地产用地供应向住宅、商服均衡发展方式转变，引导社会投资向商业、服务业转移，积极推进首都第三产业发展，促进经济发展方式转变。（二）继续保障交通运输、公共管理与公共服务设施用地供应，提升城市综合承载能力和服务能力。保障北京新机场、轨道交通、公路、城市道路、综合交通枢纽、公交场站、驻车换乘停车场及一般社会停车场等基础设施的土地供应，全面推进公交城市建设。保障永定河、北运河、潮白河三大水系生态环境改善用地供应。保障能源和资源设施、市政环卫设施、环境建设、大型农产品批发市场、公共物流设施等项目用地供应，提高城市发展的保障能力，促进城市综合功能完善、改善城市环境和农村生产生活条件，不断提高城乡居民生活质量和环境水平。保障教育、科技、文化、体育、卫生、养老、应急管理等公共服务和公共安全设施土地供应，提升城市综合服务水平。（三）优先保证高端产业功能集聚区土地供应，重点支持重大科技成果转化项目用地需求，推动创新发展。加快推进中关村自主示范区建设，重点支持中关村科学城、未来科技城和南北两个高端产业聚集区建设，加强对国家科技重大专项和重大科技成果转化及产业化项目用地支持，推进一批带动力强的产业项目用地供应；大力支持研发服务、信息服务等高端产业发展，大力推进世界领先研发服务和高技术产业集聚区建设。重点推进科技服务、商务服务、文化创意等高端产业的用地供应，引领首都现代制造业与软件信息产业的升级发展，重点保障中关村软件园、生命科学园和环保园、首钢基地、金融街扩区、丽泽金融商务区、文化创意产业集聚区、金融后台服务区及各级开发区用地供应。（四）统筹城乡区域协调发展，推进中心城功能优化、疏解和提升，土地供应进一步向新城地区、发展新区倾斜，促进城乡结合部、城南、西部等薄弱地区发展。积极推进通州新城建设，优先保障重点新城交通、市政、产业、环境等用地需求，提升新城功能，加快中心城区人口和产业向新城疏解。加快城南地区发展步伐，支持重大基础设施项目和民生工程用地，着力提升南中轴路沿线及重点产业园区产业发展水平，保障南部高技术制造业和战略性新兴产业发展的用地供应。推进西部地区建设，落实空间布局，重点推进新首钢高端产业综合服务区、永定河绿色生态发展带建设，优先支持新兴替代产业用地需求，加快产业结构深度调整，提升京西生态品牌。强化土地利用政策引导作用，积极探索城乡一体化发展模式，优先支持重点小城镇和新型农村社区基础设施完善、产业统筹升级、农民回迁安置房建设，加快推进城乡结合部50个重点村改造。三、计划执行（一）指标管理本着“全市统筹、区域协调、分类指导、保障重点”的原则，2011年度国有建设用地供应计划指标实行分类管理，中央、国家机关、驻京部队项目和全市交通运输用地、水域及水利设施用地、特殊用地和公共管理与公共服务用地等预测性指标2480公顷，实行全市统筹安排；住宅用地（不含中央单位）、商服用地和工矿仓储用地等约束性指标4020公顷，分解落实到区县和具体地块。（二）实施措施区县政府和市政府相关部门应采取有效措施，切实做好2011年度国有建设用地供应计划实施工作。一是落实供应计划地块公布机制，稳定市场预期。市国土局、市发展改革委、市规划委将年度内拟供应的住宅、商服、工矿仓储用地项目分批次向社会公布，按计划实施。确因特殊原因需调整的，各区县政府应当于每季度末前，依据计划执行和土地供需情况等向市国土局提出调整方案，经市政府相关部门审核后进行调整，调整后的地块要及时向社会公布。二是合理把握土地供应时序节奏，确保保障性住房用地供应。开辟绿色审批通道，进一步优化审批程序，提高效率，加快落实保障性住房用地。7月底，全面完成2011年新开工20万套保障性住房建设任务的用地供应，力争在前三季度完成全年保障性住房用地供应任务。未按时完成保障性住房用地供应计划的区县，原则上不得再供应商品住房用地。三是增强区县政府土地供应主导性，确保计划实施。区县政府要充分发挥实施土地供应计划的主导作用，优先将存量建设用地用于建设保障性住房，在新增建设用地中单列保障性住房用地指标，统筹安排土地储备开发和供应，加强规划设计、征地拆迁等前期工作协调，及时主动地与市政府相关部门沟通，共同研究解决计划实施过程中遇到的困难和问题，确保计划实施。四是加强沟通和协调，完善计划实施联动机制。市国土局、市发展改革委和市规划委等部门要主动服务，定期协调解决区县政府在计划实施中遇到的问题，对列入计划的项目加快审批，支持区县政府和市有关行业主管部门，推进计划实施。五是促进土地集约利用，建立计划执行奖惩机制。鼓励存量土地供应，严格控制新增土地供应，加大闲置土地处置力度。对于存量土地使用多、年度计划执行好、耕地占补平衡完成较好的区县，在年度计划指标分配时给予支持，对于不严格执行年度计划、存在违法用地的区县，在年度计划指标分配时予以核减。六是强化土地市场监测，健全计划调整机制。各区县政府应加强项目跟踪管理，按季度报送本区县计划落实情况。市国土局、市发展改革委和市规划委要加强土地市场监测分析，定期召开土地市场运行状况分析会，及时总结计划执行情况。对因特殊原因影响供应计划执行的，市国土局应会同相关部门做好计划调整工作，并及时向社会公布。四、本计划自颁布之日起执行。附件：北京市2011年度国有建设用地供应计划区县指标分解表,http://www.landchina.com/DesktopModule/BizframeExtendMdl/workList/bulWorkView.aspx?wmguid=6506735a-142d-4bde-9674-121656045ed1&recorderguid=e4b5bafa-04ac-49a6-8d9c-405e56f00daa&sitePath=,2011,6500公顷,3200公顷以内,3300公顷,550公顷,1000公顷,2550公顷,,,,,1000公顷,1200公顷,100公顷,,,,100公顷,,5c56e3277de29baca10092faf70db288,2020-04-22 18:13:12
北京市2007-2010年土地供应中期计划,2009年3月30日 0:00,北京市 > 北京市市辖区 > 北京市本级,北京市本级,北京市市辖区,北京市2007年至2010年土地供应中期计划一、指导思想和原则（一）指导思想。以邓小平理论和“三个代表”重要思想为指导，以科学发展观为统领，以人口资源环境协调发展为目标，紧密围绕“新北京、新奥运”战略构想，落实北京城市总体规划、北京市土地利用总体规划、北京市国民经济和社会发展第十一个五年规划纲要的发展目标，保障经济社会又好又快发展。（二）基本原则。1、加强土地宏观调控。进一步深入贯彻落实党中央、国务院关于加强土地调控的方针政策，充分发挥市场在土地资源配置中的基础性作用，严格控制供应总量，不断优化供应结构，有保有压，促进产业结构调整和经济增长方式转变。2、坚持土地节约集约利用。充分认识到我国人多地少的基本国情，特别是本市面临的人口资源环境压力，严格控制增量用地供应，进一步推动土地利用方式由外延扩张向内涵挖潜、由粗放低效向集约高效转变，为构建资源节约型、环境友好型社会贡献力量。3、统筹城乡和区域协调发展。正确处理和合理把握中心城、新城、小城镇和中心村建设之间的关系，积极推动“两轴――两带――多中心”的城市空间结构调整，落实区县功能定位，优化土地供应空间布局，促进中心城人口和功能的有机疏解，扎实推进重点新城建设和新农村建设工作。二、中期计划调控目标（一）总量。2007年至2010年本市土地供应总量控制在24200公顷以内，其中新增建设用地严格控制在14000公顷以内，鼓励和引导利用存量建设用地10200公顷左右。（二）结构。在2007年至2010年土地供应总量中，基础设施用地10700公顷；工矿仓储用地4400公顷；科技、教育、文化、卫生、体育和行政办公用地1400公顷；住宅用地6400公顷，其中：经济适用住房及廉租房用地860公顷，“两限普通商品房”用地740公顷，其他商品房用地4800公顷；商业服务用地1300公顷。（三）布局。首都功能核心区和城市功能拓展区土地供应量不超过土地供应总量的30％，城市发展新区和生态涵养区土地供应量不低于土地供应总量的70％。城市功能拓展区和城市发展新区土地供应量不低于土地供应总量的70％。规划新城范围内土地供应量不低于土地供应总量的40％。三、土地供应政策导向落实城市空间发展战略和区县功能定位，构建中心城、新城、小城镇、中心村协调发展的空间格局体系，强化以基础设施建设为引导的土地供应空间模式，优化空间布局。以转变经济增长方式、推动产业结构升级、加大政府住房保障力度、完善城市功能为目标，坚持有保有压的原则，优化土地供应结构。加强对土地资源的保护，推行用地标准管理，严肃查处违法违规用地行为，促进土地节约集约利用。（一）优化空间布局。1、按照统筹城乡和区域协调发展原则，加强土地供应区域分类指导。严格控制中心城土地供应规模，促进中心城人口和功能的有机疏解和调整。重点保障基础设施和公用设施的土地供应，适度供应符合中心城功能定位的产业发展用地，严格限制与中心城整体发展不协调的土地供应。中心城土地供应重点放在边缘集团和重点功能区；除必要的公用设施配套项目、必需的城市改造整治项目和国家需要的建设项目用地以外，中心城的中心地区不再新增供应土地。除参照经济适用住房管理的危改文保项目或房改带危改等项目以外，东四环、西四环、北四环和南三环路内原则上不再新增集中建设经济适用住房的用地。支持加快绿化隔离地区建设，严禁在已经划定的建设用地范围外新增各类建设用地。保障重点新城建设和新农村建设的土地供应，支持新城、小城镇建设有序推进；合理安排土地供应规模和时序，突出重点新城、新城、小城镇和新农村建设等区域土地供应梯度和时序，有效落实区县功能定位；通过优先保证重大区域性基础设施建设和重大产业项目的土地供应，结合重点开发地区土地供应，逐步建立基础设施和公共设施建设先行的土地供应空间模式。2、强化公共交通引导住宅用地供应，实现城市的空间均衡发展。加强交通基础设施在土地供应和城市发展过程中的引导作用。在轨道交通、大容量公共交通、主要公共交通走廊站点附近集中安排经济适用住房和普通商品房用地的供应；合理控制和把握轨道交通站点500米至1000米范围内住宅用地的供应时序；将居住、商业、产业、教育、卫生、文化用地等进行一定程度上的混合安排，提高土地利用效率。3、通过集中土地供应，引导产业的合理布局。根据“两轴―两带―多中心”的城市空间结构，实施土地的空间梯度供应，促进城市功能区和六大高端产业功能区协调有序发展。中心城产业用地供应重点是高端服务业、高新技术产业和文化创意产业；城市东南发展带产业用地供应重点是电子、汽车、机电、生物医药等现代制造业和现代服务业；其他新城产业用地供应可根据区域功能定位，在有利于环境和生态保护的前提下，建设各具特色的园区和产业基地。产业用地供应要按产业类别和技术层次向开发区（园区）集中，通过重大项目布局引导相关产业向重点功能区和专业集聚区集聚；除重大、特殊项目外，严格控制在开发区（园区）和规划工业用地区域（基地）外单独选址进行建设；鼓励新农村建设过程中的农产品加工、服装加工、包装印刷和为现代制造业配套的产业，向符合北京城市总体规划和土地利用总体规划的开发区（园区）或产业基地集中；进一步清理五环以内和五环以外且不在开发区（园区）内的工业项目。（二）优化土地供应结构1、优先和适度超前安排基础设施用地，引导、保障和支撑城市健康有序发展。优先保证地铁9号线（白石桥至郭公庄）、亦庄线（宋家庄至北京经济技术开发区）、地铁10号线二期（劲松至万柳）、地铁8号线（地安门至回龙观）、地铁6号线一期（五路至定福庄）和大兴线（马家楼至黄村）等城市轨道交通、首都机场扩建和奥运场馆周边道路项目用地供应；优先支持能源和水资源设施项目用地供应，缓解首都经济社会发展的资源瓶颈制约；重点保障公路、铁路、城市路网和静态交通设施等项目用地供应，构建现代化综合交通体系；支持环卫、城市绿化等项目用地供应，提高城市环境质量；适度超前安排新城水、电、气、热、交通、环卫等基础设施项目用地供应，引导城市总体格局的调整和优化。2、大力支持符合城市功能定位的产业用地供应，构建合理、具有比较优势的产业结构。优先确保高新技术产业和高端、高效、高辐射力的现代制造业土地供应；优先支持金融服务、信息服务、物流服务、商务服务及教育培训等生产性服务业土地供应，支持基础服务业用地供应；保障文化创意产业土地供应。3、适度加大各类公共服务设施用地的供应，提升公共服务的水平。优先确保奥运场馆及相关公共服务设施用地供应；确保中央在京国家机关及企事业单位、驻京部队重点项目和本市教育、科研、文化、卫生、体育等重点项目土地供应；适度超前供应新城公共服务设施用地。4、保持住宅用地的平稳供应，加大政府住房保障力度。调整和优化住宅用地供应结构，加大廉租住房、经济适用住房、“两限普通商品房”和其他中低价位、中小套型普通商品房的土地供应，其供应量不低于住宅用地供应总量的70％，合理控制单宗住宅项目用地出让规模。保障“十一五”期间廉租住房建设150万平方米，市、区县政府集中建设经济适用住房1500万平方米，其他比照经济适用住房政策的住宅1500万平方米和“两限普通商品房”1500万平方米的土地供应，稳定房地产市场。（三）促进土地节约集约利用。1、严格保护耕地，从严控制增量用地供应。严格按照国务院下达的土地利用年度计划确定的建设用地规模、农用地转用规模、耕地保有量和耕地指标，从严控制农用地转为建设用地；严格保护基本农田，除国务院批准的国家重点建设工程项目，以及本市的重点建设工程项目外，严禁其它项目建设占用基本农田。2、制订和完善用地标准，提高土地利用效益。完善并严格执行建设项目的用地标准和相关控制性指标，建立土地供应用地标准管理机制，促进基础设施、公共服务设施等项目用地的集约利用；产业用地供应与土地利用指标、投资强度、产出效益等指标挂钩，提高开发区（园区）建设项目的准入门槛；适度提高轨道交通站点周边政策性住房建筑密度、容积率，提高土地利用效益。3、继续推进土地市场建设，发挥市场配置资源的基础性作用。继续完善商业、旅游、娱乐、商品住宅项目用地招标、拍卖、挂牌方式出让的供应机制；积极实施工业用地招标、拍卖、挂牌方式出让制度；开展竞争性的基础设施和公共服务设施用地招标、拍卖、挂牌方式出让试点工作。4、加大闲置土地清理力度，严肃查处违法违规用地行为。通过合理确定各功能区的土地供应量和结构，保障科学发展所需土地供应。加强土地供应后的监督管理，及时清查闲置土地，确保有效供应。不准以经济建设发展、新城建设、新农村建设、提高农民收入等为由，违法违规乱占土地。违反相关法律法规的，一律按照非法用地严肃查处。四、中期计划实施（一）年度安排。按照“全市统筹、区域协调、保障重点”的原则，区分年度特点，统筹考虑经济社会发展需要、年度土地供应计划执行情况等综合因素，科学研究并处理好中期计划与年度土地供应计划的关系。2008年以前，年度土地供应计划继续紧密围绕奥运会的筹办，重点保障轨道交通、环境整治、市政公用设施、重点功能区和重点新城基础设施的土地供应；2008年以后，年度土地供应计划要紧密围绕落实区县功能定位和新城建设等重点开发区域。（二）中期计划实施保障措施。1、加大政府在土地储备开发和土地供应中的主导性作用，逐步健全市、区县共同实施土地供应计划的工作机制。一是加强基础工作。市发展改革、规划和国土资源等部门要会同区县政府，尽快做好实施土地供应中期计划涉及的产业政策、空间区域、实施时序和规划条件等基础工作，加强协同配合，简化审批程序，提高服务效率。二是完善土地储备开发运作模式，加强政府储备力度，提高对房地产市场调控能力。加强市、区县政府对土地储备开发的监督、指导力度，适度加大政府投入，逐步实现年度保障性住房用地全部通过政府储备开发供应、年度经营性用地计划按不低于60％比例通过政府储备开发实现供应。2、逐步将年度土地供应计划落实到具体地块，并向社会公布。区县政府和市有关行业主管部门要按照职责分工，积极主动做好土地供应中期计划实施工作，分阶段定期确定本行政区域和本行业拟安排的土地供应地块，由市国土局和市发展改革委汇总，并会同相关部门审查通过后，定期向社会公布。3、加强年度计划执行过程中的沟通、协调和监督。市国土局和市发展改革委等部门要切实加大中期计划执行过程中的协调力度，及时总结计划执行情况，定期向市政府报告并适时向区县政府通报，支持、指导区县政府做好年度计划安排和实施工作；区县政府和市有关行业主管部门要及时主动地与市国土局、市发展改革委等部门沟通，共同研究解决计划执行过程中遇到的困难和问题。对因特殊原因影响供应计划执行的，市国土局和市发展改革委要会同相关部门和区县政府做好计划调整工作。市国土局和市发展改革委对区县政府年度土地供应计划的组织、工作绩效和计划实施效果进行综合评价，结合年度内违法违规用地查处情况，形成综合意见报市政府，纳入市政府对区县政府工作的考核。,http://www.landchina.com/DesktopModule/BizframeExtendMdl/workList/bulWorkView.aspx?wmguid=6506735a-142d-4bde-9674-121656045ed1&recorderguid=64824f84-999a-4385-b8c6-ee0f6ee3910f&sitePath=,,24200公顷以内,14000公顷以内,10200公顷,,4400公顷,6400公顷,,,,,,,,,,,,,b25cb9eeb664f22c2063417b8cf4ab57,2020-04-22 18:13:19
北京市2009年度土地供应计划,2009年3月30日 0:00,北京市 > 北京市市辖区 > 北京市本级,北京市本级,北京市市辖区,北京市2009年度土地供应计划为深入贯彻党的十七届三中全会精神，落实科学发展观，促进土地节约集约利用，建设“人文北京、科技北京、绿色北京” ，促进首都经济平稳较快增长，依据《北京市人民政府关于印发北京市2007至2010年土地供应中期计划的通知》（京政发［2007］20号），结合本市2009年的社会经济发展形势，制定本计划。一、计划指标（一）总量2009年土地供应总量在5700公顷左右，其中新增建设用地严格控制在3300公顷以内，鼓励和引导利用存量建设用地2400公顷左右。（二）用途结构在2009年土地供应总量中，基础设施用地2800公顷；工业仓储用地800公顷；其他产业用地200公顷；科技、教育、文化、卫生、体育和行政办公用地400公顷；住宅用地1300公顷，其中：廉租住房及经济适用住房类用地200公顷，限价商品房及政策性租赁房用地400公顷，其他商品房用地700公顷；商服用地200公顷。（三）空间布局首都功能核心区和生态涵养区的土地供应量不高于土地供应总量的25％，城市功能拓展区和城市发展新区的土地供应量不低于土地供应总量的75％。二、土地供应导向（一）加大基础设施和以改善民生为重点的公共服务、环境建设的土地供应，提升城市运行和服务水平。保证轨道交通（四号线、九号线、十号线二期、亦庄线、八号线、六号线、大兴线等）、高速公路（西六环、京开线、京包高速等）、京石铁路客运专线、城市道路等关键性基础设施项目的土地供应，增强基础设施承载能力；保证南水北调工程、市政、能源供应等基础设施项目的土地供应，增强城市发展的保障能力；支持环卫、城市绿化等项目用地供应，提高城市环境质量。大力支持以改善民生为重点的教育、科技、文化、体育、卫生等公共服务和环境建设的土地供应，构建覆盖城乡、功能完善的综合公共服务体系，积极支持沙河和良乡高教集中建设园区建设。（二）调整和优化住宅用地供应结构，加大政府土地储备力度，确保保障性住房和限价商品房的供应，促进房地产市场的健康发展。优化住宅用地供应结构，促进建立“低端需求有保障，中端需求有支撑，高端需求有市场”的住宅供应模式。确保廉租住房20万平方米，经济适用住房160万平方米，限价房650万平方米，政策性租赁房20万平方米开工建设的土地供应，合理把握商品房用地供应时序和空间布局，促进房地产市场的健康发展。加大政府土地收购储备力度，增强政府住房保障和调控市场的能力。（三）优先保证高端、高效、高辐射力的优势产业的用地供应，支持重点产业集聚区和功能区的发展。重点保障朝阳金盏金融服务区、海淀稻香湖金融服务区、通州商务区等金融后台服务区的土地供应，全面提升本市金融后台服务能力，构建“一主一副三新四后台”的首都金融发展布局；鼓励盘活存量用地，用于文化创意产业发展，大力支持二十一个文化创意产业集聚区建设的土地供应，支持物流服务、商务服务及教育培训等生产性服务业的土地供应。重点支持三个国家级开发区、六大高端产业功能区、十六个市级开发区的土地供应，以高技术产业带动现代制造业发展，促进产业结构的升级和优化。（四）支持重点新城、南城、西南地区和新农村建设的土地，促进城乡和区域协调发展。土地供应进一步由中心城向新城倾斜，优先保证重大区域性基础设施建设和重大产业项目的土地供应，支持通州、顺义、亦庄等新城的建设；重点支持城市南部地区基础设施和公用设施的土地供应，提高南城的服务和支撑能力，促进南城和西南地区的发展和建设；加强重点镇和农村基础设施和公共服务设施的土地供应，促进城乡统筹发展。三、计划的执行（一）计划指标本着“全市统筹、区域协调、分类指导、保障重点”的原则，2009年基础设施计划和科教文卫体及行政办公用地供应计划指标3268公顷，实行全市统筹安排；住宅用地、商服用地和工业仓储及其他产业发展用地供应计划指标2432公顷分解到区县，并作为区县实施年度计划考核的依据。（二）年度计划实施区县政府和市政府相关部门继续按照《北京市人民政府关于印发北京市2007至2010年土地供应中期计划的通知》（京政发[2007]20号）的要求，采取有效措施，切实做好2009年度土地供应计划实施工作。一是落实土地供应计划地块公布制度。土地供应计划公布实施后，区县政府应依据计划确定的区县指标和具体项目进度，分季度落实和提出拟供应的住宅、商服、工业仓储和其他产业的地块（或项目），并分别于4月15日、7月15日和10月15日前，报市国土局、市发展改革委、市规划委汇总后，向社会公布。二是加强计划实施过程的沟通和协调，进一步完善市政府相关部门和区县政府共同实施计划的联动机制。市国土局、市发展改革委和市规划委等部门，主动服务，定期协调解决计划实施中存在的问题，对列入计划的项目加快审批，支持帮助区县政府和市有关行业主管部门，推进计划实施。区县政府和市有关行业主管部门要充分发挥实施土地供应计划的主体作用，加强规划设计、征地拆迁等前期工作协调，及时主动地与市国土局、市发展改革委和市规划委等部门沟通，共同研究解决计划实施过程中遇到的困难和问题，确保计划的实施。三是加强计划的动态跟踪管理和通报。市国土局、市发展改革委和市规划委及时总结计划执行情况，定期向社会通报计划执行情况，对因特殊原因影响供应计划安排的，应及时会同相关部门和相关区县政府做好计划调整工作。四是建立计划实施的考核机制。市国土局、市发展改革委和市规划委对区县土地供应计划的组织、工作绩效和计划实施效果进行综合评价，结合区县本年度内耕地保护目标责任的落实情况和违法违规用地情况，形成综合意见上报市政府并纳入市政府考核区县工作的指标内容。对计划执行好的区县在下一年度的土地储备计划的新增指标上给予倾斜，对于计划执行不好的区县相应扣减指标。四、本计划自颁布之日起执行。,http://www.landchina.com/DesktopModule/BizframeExtendMdl/workList/bulWorkView.aspx?wmguid=6506735a-142d-4bde-9674-121656045ed1&recorderguid=e7a8ea90-ebec-4328-bc06-9a21fac87efc&sitePath=,2009,5700公顷,3300公顷以内,2400公顷,200公顷,,1300公顷,,,,,,,,,,,,,a4a691be94334dddc5b818aa96bcebee,2020-04-22 18:13:23
二○一一年津南区第一批工业项目（含部分公共设施用地）供应计划公示,2011年1月18日 16:10,天津市 > 天津市市辖区 > 津南区,津南区,天津市市辖区,二○一一年津南区第一批工业项目（含部分公共设施用地）供应计划公示按照国土资源部监察部《关于落实工业用地招标拍卖挂牌出让制度有关问题的通知》、国土资源部39号令和《天津市工业用地招标拍卖挂牌出让试行办法》的要求，我局制定了二○一一年津南区第一批工业项目（含部分公共设施用地）供应计划，业经天津市津南区人民政府批准（津南政函[2011]9号），现予以发布。附表：2011年津南区第一批工业项目供应计划（含部分公共设施用地）津南区国土资源分局二一一年一月十八日,http://www.landchina.com/DesktopModule/BizframeExtendMdl/workList/bulWorkView.aspx?wmguid=6506735a-142d-4bde-9674-121656045ed1&recorderguid=a84ffa80-2f00-4173-a61d-72363f7ae6ff&sitePath=,,,,,,,,,,,,,,,,,,,,eda4ea5923a6207fb25d8c978d4936cf,2020-04-22 18:13:40
2011年津南区第一批经营性房地产开发用地供应计划公告,2010年12月22日 9:27,天津市 > 天津市市辖区 > 津南区,津南区,天津市市辖区,2011年津南区第一批经营性房地产开发用地供应计划公告按照国土资源部监察部《关于落实工业用地招标拍卖挂牌出让制度有关问题的通知》、国土资源部39号令和《天津市工业用地招标拍卖挂牌出让试行办法》的要求，我局制定了2011年津南区第一批经营性房地产开发用地供应计划，业经天津市津南区人民政府批准（津南政函[2010]406号），现予以发布。附表：2011年津南区第一批经营性房地产开发用地供应计划津南区国土资源分局二一年十二月二十二日,http://www.landchina.com/DesktopModule/BizframeExtendMdl/workList/bulWorkView.aspx?wmguid=6506735a-142d-4bde-9674-121656045ed1&recorderguid=67d9490d-c26b-4653-b4b3-09dd750949a9&sitePath=,,,,,,,,,,,,,,,,,,,,d3d8a18aa08944006a73689389c79d22,2020-04-22 18:13:46
二一年津南区第四批出让计划公告,2010年9月25日 14:01,天津市 > 天津市市辖区 > 津南区,津南区,天津市市辖区,二一年津南区第四批出让计划公告按照国土资源部监察部《关于落实工业用地招标拍卖挂牌出让制度有关问题的通知》、国土资源部39号令和《天津市工业用地招标拍卖挂牌出让试行办法》的要求，我局制定了2010年津南区第四批出让计划，业经天津市津南区人民政府批准（津南政函[2010]280号），现予以发布。附表：2010年津南区第四批出让计划津南区国土资源分局二一年九月二十五日,http://www.landchina.com/DesktopModule/BizframeExtendMdl/workList/bulWorkView.aspx?wmguid=6506735a-142d-4bde-9674-121656045ed1&recorderguid=2b6d817a-8a26-467d-8558-6ae2d0c7c597&sitePath=,,,,,,,,,,,,,,,,,,,,f69288ade11558168568ace51b454bcd,2020-04-22 18:13:54
二一年津南区第三批出让计划公告,2010年6月19日 8:51,天津市 > 天津市市辖区 > 津南区,津南区,天津市市辖区,二一年津南区第三批出让计划公告按照国土资源部监察部《关于落实工业用地招标拍卖挂牌出让制度有关问题的通知》、国土资源部39号令和《天津市工业用地招标拍卖挂牌出让试行办法》的要求，我局制定了2010年津南区第三批出让计划，业经天津市津南区人民政府批准（津南政函[2010]154号），现予以发布。附表：2010年津南区第三批出让计划津南区国土资源分局二一年六月十九日,http://www.landchina.com/DesktopModule/BizframeExtendMdl/workList/bulWorkView.aspx?wmguid=6506735a-142d-4bde-9674-121656045ed1&recorderguid=1f9a0d81-07c7-4bcc-b82b-321ebdd8a243&sitePath=,,,,,,,,,,,,,,,,,,,,0292eea9c4420a0dd8c0c6b9fc36f31e,2020-04-22 18:13:59
天津市中心城区2010年拟出让地块简介,2010年2月4日 17:17,天津市 > 天津市市辖区 > 和平区,和平区,天津市市辖区,为进一步促进天津市房地产市场的健康发展，满足广大开发企业的置地需求，结合2010年天津市土地供应计划及城市规划成果，天津市国土资源和房屋管理局选择了中心城区23宗条件成熟、配套完善、市场广阔、潜力突出的拟出让地块进行集中发布，用地总面积323公顷，建筑总规模721万平方米。其中，居住用地249公顷，建筑规模509万平方米，分占推介总量的77%、70%；商服用地74公顷，建筑规模212万平方米，分占推介总量的23%、30%。各地块具体情况如下：（最终的出让条件以天津土地交易中心发布的出让公告为准）南开区：水上公园北道地块该地块位于南开区水上公园北道以南、卫津南路以西，土地用途商业金融业，规划用地面积9.8公顷，容积率3.5。河西区：黑牛城道地块该地块位于河西区黑牛城道南侧，土地用途商业金融业，规划用地面积11.0公顷，容积率2.5。洞庭路地块该地块位于河西区洞庭路东侧，土地用途居住、商业，居住用地面积22.0公顷（按20%比例配建限价商品房），容积率2.2；商业用地面积4.0公顷，容积率2.5。宾水道地块该地块位于河西区宾水道以南，土地用途居住，规划用地面积2.55公顷，容积率2.0。河东区：新开路地块该地块位于河东区新开路北侧，土地用途居住，规划用地面积3.17公顷，容积率3.0。万新庄地块该地块位于河东区顺达路东侧、津滨大道北侧，土地用途居住、商业，居住用地面积16.0公顷（按20%比例配建限价商品房），容积率2.5；商业用地面积11.5公顷，容积率3.0。六纬路地块该地块位于河东区六纬路西侧，土地用途商业金融业，规划用地面积8.7公顷，容积率2.5。红星路地块该地块位于河东区靖江路西侧、晨阳道南侧，土地用途居住、商业，居住用地面积4.0公顷（按20%比例配建限价商品房），容积率2.0；商业用地面积1.0公顷，容积率2.2。河北区：金钟河大街地块该地块位于河北区金钟河大街北侧，土地用途居住、商业，居住用地面积18.54公顷，容积率2.6；商业用地面积9.13公顷，容积率3.5。天泰路地块该地块位于河北区子牙河以北、天泰路以西，土地用途居住、商业，居住用地面积5.0公顷（按20%比例配建限价商品房），容积率2.5；商业用地面积7.5公顷，容积率2.8。杜鹃道地块该地块位于河北区杜鹃道北侧，土地用途居住（限价商品房），规划用地面积3.04公顷，容积率2.3。红桥区：光荣道北侧地块该地块位于红桥区光荣道以北、本溪路以东，土地用途居住、商业金融业，居住用地面积6.37公顷（按20%比例配建限价商品房），容积率2.0；商业金融业用地面积3.69公顷，容积率3.4。北辰区：光荣道地块该地块位于北辰区光荣道北侧，土地用途居住，规划用地面积1.3公顷，容积率2.0。西青区：昌凌路东侧地块该地块位于西青区卫津南路西侧、昌凌路东侧，土地用途居住，规划用地面积6.5公顷（按40%比例配建限价商品房），容积率2.5。昌凌路西侧地块该地块位于西青区昌凌路西侧，土地用途居住，规划用地面积5.12公顷，容积率2.0。新津杨公路北侧地块该地块位于西青区新津杨公路北侧，土地用途居住，规划用地面积5.9公顷（按25%比例配建限价商品房），容积率1.2。新津杨公路南侧地块该地块位于西青区新津杨公路南侧，土地用途居住，规划用地面积11.0公顷（按25%比例配建限价商品房），容积率1.2。卫津南路地块该地块位于西青区卫津南路西侧，土地用途居住，规划用地面积13.0公顷（按20%比例配建限价商品房），容积率2.2。赛达路地块该地块位于西青区赛达路西侧，土地用途居住，规划用地面积54.0公顷，容积率1.8。阜锦道地块该地块位于西青区阜锦道南侧，土地用途居住、商业，居住用地面积42.0公顷（按25%比例配建限价商品房），容积率2.0；商业用地面积8.0公顷，容积率2.0。东丽区：成林道地块该地块位于东丽区成林道北侧，土地用途居住，规划用地面积12公顷（按25%比例配建限价商品房），容积率2.0。万山道地块该地块位于东丽区万山道北侧，土地用途居住（限价商品房），规划用地面积8.5公顷，容积率2.0。俞蒙道地块该地块位于东丽区俞蒙道北侧，土地用途居住（限价商品房），规划用地面积8.65公顷，容积率2.0。2010年1月,http://www.landchina.com/DesktopModule/BizframeExtendMdl/workList/bulWorkView.aspx?wmguid=6506735a-142d-4bde-9674-121656045ed1&recorderguid=5ade4e40-b2a8-4e8c-9bed-7498f54b716e&sitePath=,,,,,74公顷,,,,,,,,,,,,,,,b229836bfca870e0e804a5cecea587cc,2020-04-22 18:14:04
二一年津南区第二批出让计划公告,2010年1月26日 8:44,天津市 > 天津市市辖区 > 津南区,津南区,天津市市辖区,二一年津南区第二批出让计划公告按照国土资源部监察部《关于落实工业用地招标拍卖挂牌出让制度有关问题的通知》、国土资源部39号令和《天津市工业用地招标拍卖挂牌出让试行办法》的要求，我局制定了2010年津南区第二批出让计划，业经天津市津南区人民政府批准（津南政函[2010]22号），现予以发布。附表：2010年津南区第二批出让计划津南区国土资源分局二一年一月二十六日,http://www.landchina.com/DesktopModule/BizframeExtendMdl/workList/bulWorkView.aspx?wmguid=6506735a-142d-4bde-9674-121656045ed1&recorderguid=7c10f74f-47db-4ae6-ac8e-0018e20a08e8&sitePath=,,,,,,,,,,,,,,,,,,,,d38ea1dfd9f2216caba1f0d410863000,2020-04-22 18:14:12
二一年津南区第一批出让计划公告,2010年1月11日 16:34,天津市 > 天津市市辖区 > 津南区,津南区,天津市市辖区,二一年津南区第一批出让计划公告按照国土资源部监察部《关于落实工业用地招标拍卖挂牌出让制度有关问题的通知》、国土资源部39号令和《天津市工业用地招标拍卖挂牌出让试行办法》的要求，我局制定了2010年津南区第一批出让计划，业经天津市津南区人民政府批准（津南政函[2010]11号），现予以发布。附表：2010年津南区第一批出让计划津南区国土资源分局二一年一月十一日,http://www.landchina.com/DesktopModule/BizframeExtendMdl/workList/bulWorkView.aspx?wmguid=6506735a-142d-4bde-9674-121656045ed1&recorderguid=63e42de1-fd38-4c88-b4bf-b6dc807c19f5&sitePath=,,,,,,,,,,,,,,,,,,,,6d5bb31cc9d378cbaa3d80b00e79d1d8,2020-04-22 18:14:20
二九年津南区第五批出让计划公告,2009年12月2日 13:17,天津市 > 天津市市辖区 > 津南区,津南区,天津市市辖区,二九年津南区第五批出让计划公告按照国土资源部监察部《关于落实工业用地招标拍卖挂牌出让制度有关问题的通知》、国土资源部39号令和《天津市工业用地招标拍卖挂牌出让试行办法》的要求，我局制定了2009年津南区第五批出让计划，业经天津市津南区人民政府批准（津南政函[2009]423号），现予以发布。附表：2009年津南区第五批出让计划津南区国土资源分局二九年十二月二日,http://www.landchina.com/DesktopModule/BizframeExtendMdl/workList/bulWorkView.aspx?wmguid=6506735a-142d-4bde-9674-121656045ed1&recorderguid=f877b3b6-e03c-4fac-9f9d-7e9f6e0525c4C&sitePath=,,,,,,,,,,,,,,,,,,,,49c507a2c82560081a0f25584773bb45,2020-04-22 18:14:29
二九年津南区第四批出让计划公告,2009年9月25日 14:40,天津市 > 天津市市辖区 > 津南区,津南区,天津市市辖区,二九年津南区第四批出让计划公告按照国土资源部监察部《关于落实工业用地招标拍卖挂牌出让制度有关问题的通知》、国土资源部39号令和《天津市工业用地招标拍卖挂牌出让试行办法》的要求，我局制定了2009年津南区第四批出让计划，业经天津市津南区人民政府批准（津南政函[2009]342号），现予以发布。附表：2009年津南区第四批出让计划天津市国土资源和房屋管理局津南区国土资源分局二九年九月二十五日,http://www.landchina.com/DesktopModule/BizframeExtendMdl/workList/bulWorkView.aspx?wmguid=6506735a-142d-4bde-9674-121656045ed1&recorderguid=b33b72c0-c8c7-454d-af76-8705c21e1be1&sitePath=,,,,,,,,,,,,,,,,,,,,983ab0de5aee8e76bd79c388d8ec9720,2020-04-22 18:14:35
二九年津南区第三批出让计划公告,2009年7月31日 0:00,天津市 > 天津市市辖区 > 津南区,津南区,天津市市辖区,二九年津南区第三批出让计划公告按照国土资源部监察部《关于落实工业用地招标拍卖挂牌出让制度有关问题的通知》、国土资源部39号令和《天津市工业用地招标拍卖挂牌出让试行办法》的要求，我局制定了2009年津南区第三批出让计划，业经天津市津南区人民政府批准（津南政函[2009]250号），现予以发布。天津市国土资源和房屋管理局津南区国土资源分局二九年七月三十一日,http://www.landchina.com/DesktopModule/BizframeExtendMdl/workList/bulWorkView.aspx?wmguid=6506735a-142d-4bde-9674-121656045ed1&recorderguid=d727c6fb-a235-432b-bbe3-af0bc108c393&sitePath=,,,,,,,,,,,,,,,,,,,,c509f42df683e39455f065fc2bb463d3,2020-04-22 18:14:46
二九年津南区第二批出让计划公告,2009年7月15日 0:00,天津市 > 天津市市辖区 > 津南区,津南区,天津市市辖区,二九年津南区第二批出让计划公告按照国土资源部监察部《关于落实工业用地招标拍卖挂牌出让制度有关问题的通知》、国土资源部39号令和《天津市工业用地招标拍卖挂牌出让试行办法》的要求，我局制定了2009年津南区第二批出让计划，业经天津市津南区人民政府批准（津南政函[2009]212号），现予以发布。附：2009年津南区第二批出让计划联系单位： 天津市国土资源和房屋管理局津南区国土资源分局土地市场科联系人： 冯女士王先生联系电话：（022） 88510003天津市国土资源和房屋管理局津南区国土资源分局二九年七月十五日,http://www.landchina.com/DesktopModule/BizframeExtendMdl/workList/bulWorkView.aspx?wmguid=6506735a-142d-4bde-9674-121656045ed1&recorderguid=c073e61e-22e8-4982-905f-8843ae0f06b1&sitePath=,,,,,,,,,,,,,,,,,,,,95250018a6c86d7a8c7fc6110da35f15,2020-04-22 18:14:53
二九年津南区第一批出让计划公告,2009年4月17日 0:00,天津市 > 天津市市辖区 > 津南区,津南区,天津市市辖区,二九年津南区第一批出让计划公告按照国土资源部监察部《关于落实工业用地招标拍卖挂牌出让制度有关问题的通知》、国土资源部39号令和《天津市工业用地招标拍卖挂牌出让试行办法》的要求，我局制定了2009年津南区第一批出让计划，业经天津市津南区人民政府批准（津南政函[2009]94号），现予以发布。附：2009年津南区第一批出让计划联系单位： 天津市国土资源和房屋管理局津南区国土资源分局市场科联系人： 冯女士王先生联系电话：（022） 88510003天津市国土资源和房屋管理局津南区国土资源分局二九年四月十七日,http://www.landchina.com/DesktopModule/BizframeExtendMdl/workList/bulWorkView.aspx?wmguid=6506735a-142d-4bde-9674-121656045ed1&recorderguid=7a4112b2-0f6b-465b-939a-0be98f030758&sitePath=,,,,,,,,,,,,,,,,,,,,97f8d6dd637803f2720338a4f63940db,2020-04-22 18:15:01
二八年津南区第五批出让计划公告,2008年12月12日 9:04,天津市 > 天津市市辖区 > 津南区,津南区,天津市市辖区,二八年津南区第五批出让计划公告按照国土资源部监察部《关于落实工业用地招标拍卖挂牌出让制度有关问题的通知》和《天津市工业用地招标拍卖挂牌出让试行办法》的要求，我局制定了2008年津南区第五批出让计划，经天津市津南区人民政府批准（津南政函[2008]302号），现予以发布。附：2008年津南区第五批出让计划联系单位： 天津市国土资源和房屋管理局津南区国土资源分局市场科联系人： 冯女士王先生联系电话：（022） 88510003天津市国土资源和房屋管理局津南区国土资源分局二八年十二月十二日,http://www.landchina.com/DesktopModule/BizframeExtendMdl/workList/bulWorkView.aspx?wmguid=6506735a-142d-4bde-9674-121656045ed1&recorderguid=3069181&sitePath=,,,,,,,,,,,,,,,,,,,,a39b618da3df922cd14d2590fdb19a4f,2020-04-22 18:15:10
二八年津南区第四批出让计划公告,2008年9月18日 8:56,天津市 > 天津市市辖区 > 津南区,津南区,天津市市辖区,二八年津南区第四批出让计划公告按照国土资源部监察部《关于落实工业用地招标拍卖挂牌出让制度有关问题的通知》和《天津市工业用地招标拍卖挂牌出让试行办法》的要求，我局制定了2008年津南区第四批出让计划，经天津市津南区人民政府批准（津南政函[2008]210号），现予以发布。附：2008年津南区第四批出让计划联系单位： 天津市国土资源和房屋管理局津南区国土资源分局市场科联系人： 冯女士王先生联系电话：（022） 88510003天津市国土资源和房屋管理局津南区国土资源分局二八年九月十八日,http://www.landchina.com/DesktopModule/BizframeExtendMdl/workList/bulWorkView.aspx?wmguid=6506735a-142d-4bde-9674-121656045ed1&recorderguid=3060160&sitePath=,,,,,,,,,,,,,,,,,,,,c834819e46738b128c840774170e8a7c,2020-04-22 18:15:19
二八年津南区第三批出让计划公告,2008年7月10日 17:01,天津市 > 天津市市辖区 > 津南区,津南区,天津市市辖区,二八年津南区第三批出让计划公告按照国土资源部监察部《关于落实工业用地招标拍卖挂牌出让制度有关问题的通知》和《天津市工业用地招标拍卖挂牌出让试行办法》的要求，我局制定了2008年津南区第三批出让计划，经天津市津南区人民政府批准（津南政函[2008]156号），现予以发布。附：2008年津南区第三批出让计划联系单位： 天津市国土资源和房屋管理局津南区国土资源分局市场科联系人： 冯女士王先生联系电话：（022） 88510003天津市国土资源和房屋管理局津南区国土资源分局二八年七月十日,http://www.landchina.com/DesktopModule/BizframeExtendMdl/workList/bulWorkView.aspx?wmguid=6506735a-142d-4bde-9674-121656045ed1&recorderguid=3054355&sitePath=,,,,,,,,,,,,,,,,,,,,90c3751a846ceb15299a51bda60f24c4,2020-04-22 18:15:26
二八年津南区第二批出让计划公告,2008年5月15日 9:51,天津市 > 天津市市辖区 > 津南区,津南区,天津市市辖区,二八年津南区第二批出让计划公告按照国土资源部监察部《关于落实工业用地招标拍卖挂牌出让制度有关问题的通知》和《天津市工业用地招标拍卖挂牌出让试行办法》的要求，我局制定了2008年津南区第二批出让计划，经天津市津南区人民政府批准（津南政函[2008]103号），现予以发布。附：2008年津南区第二批出让计划联系单位： 天津市国土资源和房屋管理局津南区国土资源分局市场科联系人： 冯女士王先生联系电话：（022） 88510003天津市国土资源和房屋管理局津南区国土资源分局二八年五月十五日,http://www.landchina.com/DesktopModule/BizframeExtendMdl/workList/bulWorkView.aspx?wmguid=6506735a-142d-4bde-9674-121656045ed1&recorderguid=3048838&sitePath=,,,,,,,,,,,,,,,,,,,,1b7aae9c134785ca175cdef0b6baf99f,2020-04-22 18:15:36
二八年津南区第一批工业用地招标拍卖挂牌出让计划公告,2008年3月3日 11:15,天津市 > 天津市市辖区 > 津南区,津南区,天津市市辖区,二八年津南区第一批工业用地招标拍卖挂牌出让计划公告按照国土资源部监察部《关于落实工业用地招标拍卖挂牌出让制度有关问题的通知》和《天津市工业用地招标拍卖挂牌出让试行办法》的要求，我局制定了2008年津南区第一批工业用地招标拍卖挂牌出让计划，经天津市津南区人民政府批准（津南政函[2008]27号），现予以发布。附：2008年津南区第一批工业用地招标拍卖挂牌出让计划天津市国土资源和房屋管理局津南区国土资源分局二八年二月二十八日,http://www.landchina.com/DesktopModule/BizframeExtendMdl/workList/bulWorkView.aspx?wmguid=6506735a-142d-4bde-9674-121656045ed1&recorderguid=3042846&sitePath=,,,,,,,,,,,,,,,,,,,,999c2203d76bca469f4ec816f6fcd188,2020-04-22 18:15:47
承德市本级2020年度国有建设用地供应计划,2020年4月15日 11:39,河北省 > 承德市 > 承德市本级,承德市本级,承德市,双桥区、双滦区、营子区人民政府，承德高新区管委会，市政府有关部门：《承德市市本级2020年度国有建设用地供应计划》和《承德市市本级2020年度土地储备计划》已经市政府同意，现印发给你们，请认真组织实施。附：1.承德市市本级2020年度国有建设用地供应计划2.承德市市本级2020年度住房用地供应计划3.承德市市本级2020年度国有建设用地供应计划明细表4.承德市市本级2020年度土地储备计划承德市人民政府办公室2020年4月8日,http://www.landchina.com/DesktopModule/BizframeExtendMdl/workList/bulWorkView.aspx?wmguid=6506735a-142d-4bde-9674-121656045ed1&recorderguid=981dc4ed-e783-426e-8dc7-b5b480557e30&sitePath=,2020,,,,,,,,,,,,,,,,,,,4747c3630179ea70862c32c890acfb62,2020-04-22 18:16:01
蔚县2020年度国有建设用地供应计划,2020年4月14日 11:08,河北省 > 张家口市 > 蔚县,蔚县,张家口市,蔚县2020年度国有建设用地供应计划根据国土资源部《关于印发国有建设用地供应计划编制规范（试行）的通知》（国土资发［2010］117号）、结合《蔚县土地利用总体规划2006―2020年》、土地利用年度计划和经济社会发展计划，特制定本计划。一、指导思想和供地原则（一）指导思想。贯彻落实上级国土资源工作方针政策，严格执行国家土地供应和房地产用地调控政策规定，围绕全县经济社会发展中心任务，坚持总量适中、内部均衡、统筹兼顾、重点保障的原则，加大土地宏观调控力度，统筹城乡用地，优化供应结构，保障民生用地，促进土地集约节约利用，为促进我县经济社会可持续发展提供坚实的用地保障。（二）供地原则。1、严格执行国家土地供应政策，规范土地供应方式，统筹区域、城乡各业各类用地，确保土地的可持续利用。2、大力推进节约和集约用地，优先供应存量建设用地和闲置土地，严格保护耕地和基本农田。 3、引导工业项目投资，控制建设用地规模，优化产业布局，保障重点建设项目用地。 4、发挥市场供给的引导作用，切实稳定住房价格，保障我县房地产业持续稳定健康发展。 5、落实城市住房保障目标，优先安排廉租住房、经济适用房的土地供应。二、计划指标及配置（一）国有建设用地供应总量。2020年度全县国有建设用地供应总量控制在503公顷，其中新增建设用地控制在410公顷.（二）国有建设用地供应结构。2020年度全县国有建设用地供应总量中，工矿仓储用地55公顷；住宅用地125公顷；商服用地20公顷；公共管理与公共服务用地23公顷。三、政策导向与执行标准（一）坚持计划控制引导，统一有序、规范供应。本年度各类建设项目用地供应，必须严格按照《蔚县2020年度国有建设用地供应计划表》确定的控制指标实施。（二）认真落实房地产用地调控政策，重点保障城镇住宅用地供应。（三）突出经济发展支撑项目用地服务，充分保障招商引资、重点工业项目和优势产业用地需求。工矿仓储用地、公共管理与公共服务用地、交通运输用地、水域及水利设施用地、特殊用地均实行指导性计划控制，根据年度用地需求保障供应，不确定具体指标。（四）严格遵行土地供应方式程序。对商业、旅游、娱乐、商品住宅等经营性用地和新增工业用地严格实行以招标、拍卖或者挂牌方式有偿供地，统一在土地市场公开进行。扩大有偿使用范围，积极推进经营性基础设施用地有偿使用。逐步缩小划拨方式供地范围。其他符合国家《划拨用地目录》的建设项目用地，以划拨方式供地。（五）坚持科学发展观和节约集约用地政策，建设项目用地鼓励利用存量，严格控制增量。工业用地项目提倡和推广多层标准厂房建设。（六）严格按照各工业园区功能定位、产业政策和主导发展方向，优先安排工业建设项目用地供应，从严从紧控制开发区内经营性房地产开发用地总量，防止挤占工业项目用地指标。四、保障措施县国土资源和规划局要把握全面，突出重点，强化服务，保障供应，对年度重点大项目用地、政策性住房用地超前介入，跟踪服务，全程保障，切实满足项目建设用地需求。县住房和城乡规划建设局、发改、财政等相关部门要密切配合，共同做好建设项目用地前期准备工作。各乡镇、开发区要发挥职能优势，积极配合做好计划实施工作，保证计划指标有效落实。,http://www.landchina.com/DesktopModule/BizframeExtendMdl/workList/bulWorkView.aspx?wmguid=6506735a-142d-4bde-9674-121656045ed1&recorderguid=300ba776-a8a2-458d-9647-7563fde537eb&sitePath=,2020,503公顷,410公顷,,20公顷,55公顷,125公顷,,,,,,23公顷,,,,,,,a201652152f6b2c7fd7adcd4b004a857,2020-04-22 18:16:08
