文件标题,文章来源,更新时间,宗地编号,宗地坐落,面积,土地用途,出让年限,容积率,绿地率,建筑密度,建筑限高,竞买保证金,起始价,增价幅度,其他说明,爬取地址url,唯一标识,
（拉公共柳梧国土挂〔2019〕1号）拉萨市国有建设用地使用权公开出让公告,拉萨市公共资源交易中心,2019/6/4 11:22,|2018-（柳）12号|2018-（柳）13号,|柳梧新区中组团云慧路以南、栖慧大道以东|柳梧新区中组团通慧路以东、栖创路以北,,|工业用地|科研 用地,|50年|50年,|不小于1.0|不大于1.2,|不大于20%|不小于35%,|不小于30%|不大于35%,|不高于24米|不高于20米,,|19120660元|2321600元,|50万元|50万元,,2020/5/6 18:13,http://ggzy.lasa.gov.cn/Article/ArticleDetail?id=55315,54b97917af78091cab21ca4d5a2230ed
曲水县国有建设用地使用权挂牌出让公告（曲公共自然资源挂〔2019〕11号）,拉萨市公共资源交易中心,2019/10/10 16:58,|QSZR2019-11|备注,|聂当乡德吉村境内|,|26666.67,|工业,|50,|不小于1.0,|不大于20%,|不小于30%,,|340,|680.0001,,建筑退让、建筑间距等各项规划指标严格按照曲水县自然资源部门核定的《规划设计条件》执行。,2020/5/6 18:13,http://ggzy.lasa.gov.cn/Article/ArticleDetail?id=56156,89ad790515bb83c240aa898ef2c98827
拉萨市国有建设用地使用权公开出让公告 （拉公共柳梧国土挂〔2019〕3号）,拉萨市公共资源交易中心,2019/10/16 11:19,|2019-（柳）4号,|滨河大街以北、南环路以南,|40300m2,|公园配套商业用地,|商业40年,|不大于1.75,|不小于75%,|不大于13%,|不高于15米,|65769600元,|131539200元,|50万元,,2020/5/6 18:13,http://ggzy.lasa.gov.cn/Article/ArticleDetail?id=56187,279bf1451f336aa79fc87e12523d892b
曲水县国有建设用地使用权挂牌出让公告（曲公共自然资源挂〔2019〕12号）,拉萨市公共资源交易中心,2019/11/5 16:38,|QSZR2019-12|备注,|聂当乡德吉村境内|,|542.93,|工业,|50,|不大于1.0,|不低于20%,|不小于60%,,|5,|9.7727,,建筑退让、建筑间距等各项规划指标严格按照曲水县自然资源部门核定的《规划设计条件》执行。,2020/5/6 18:13,http://ggzy.lasa.gov.cn/Article/ArticleDetail?id=56296,df3bf3145c965792547767e4d8326dc0
曲水县国有建设用地使用权挂牌出让公告（曲公共自然资源挂〔2019〕13号）,拉萨市公共资源交易中心,2019/11/5 16:40,|QSZR2019-13|备注,|聂当乡德吉村境内|,|1694.67,|工业,|50,|不大于1.0,|不低于20%,|不小于60%,,|21,|43.2141,,建筑退让、建筑间距等各项规划指标严格按照曲水县自然资源部门核定的《规划设计条件》执行。,2020/5/6 18:13,http://ggzy.lasa.gov.cn/Article/ArticleDetail?id=56297,f6564606db45a16deb6657fd0cef1d09
（曲公共自然资源挂〔2019〕14号）曲水县国有建设用地使用权挂牌出让公告 ,拉萨市公共资源交易中心,2019/12/9 16:22,|QSZR2019-14|备注,|聂当乡德吉村境内|,|198154.83,|工业,|50,|不大于1.0,|不低于20%,|不小于60%,,|2526,|5052.9482,,建筑退让、建筑间距等各项规划指标严格按照曲水县自然资源部门核定的《规划设计条件》执行。,2020/5/6 18:13,http://ggzy.lasa.gov.cn/Article/ArticleDetail?id=56473,345e83cbb9723b4b42ce9b1191728637
（曲公共自然资源挂〔2019〕15号）曲水县国有建设用地使用权出让公告,拉萨市公共资源交易中心,2019/12/13 11:53,|QSZR2019-15|备注,|曲水镇曲水村境内|,|57439.53,|二级住宅,|70,|不大于1.2,|不小于30%,|不大于30%,,|1447.4762,|2067.8231,,建筑退让、建筑间距等各项规划指标严格按照曲水县自然资源部门核定的《规划设计条件》执行。,2020/5/6 18:13,http://ggzy.lasa.gov.cn/Article/ArticleDetail?id=56501,5b577f48fa63020dc40a6ca09ba52350
拉萨市国有建设用地使用权挂牌出让公告拉公共经开挂〔2019〕4号,拉萨市公共资源交易中心,2020/1/15 16:08,|JKQ2019―12|JKQ2019―13,|拉萨经济技术开发区A林琼岗支路以南、拉萨河河堤以西|拉萨经济技术开发区B区拉青西路以西、乃岗路以北,|36800.86|12496.02,|一类工业|二类工业,|50|50,|不小于1.0|不小于1.0,|不小于20%|不小于20%,|不小于30%|不小于30%,,|639|200,|1597.1573|499.8404,,,2020/5/6 18:14,http://ggzy.lasa.gov.cn/Article/ArticleDetail?id=56644,18aec339acb32a609d71094d19027a06
拉文创管挂〔2020〕1号西藏文化旅游创意园区管委会国有建设用地使用权挂牌出让公告,拉萨市公共资源交易中心,2020/1/20 16:08,|2019-2CT07-08|2019-3CT04-101,|宗赞路以西|文成大道以东、宗赞路以西,|4745（其中规划绿地面积167平方米）|15344,|旅游商业用地|商业设施用地,|商业40年|商业40年,|不大于1.5|不大于1.5,|不小于35%|不小于35%,|不大于30%|不大于30%,|不高于25米|不高于25米,|223.9640|1307.3088,|559.9100|3268.2720,,,2020/5/6 18:14,http://ggzy.lasa.gov.cn/Article/ArticleDetail?id=56663,2ea3d970fc77e5a31623702adc226432
拉萨市国有建设用地使用权挂牌出让公告（拉公共国土挂〔2019〕3号）,拉萨市公共资源交易中心,2019/6/20 16:28,|LSGT2018-38|备 注,|城关区加荣路以北，藏热路以西。|1、建筑退让、建筑间距等各项规划指标严格按照市自然资源部门核定的《规划设计条件》执行。,|107812.4平方米（其中地块一建设用地面积79363.95平方米含规划道路面积6021平方米；地块二建设用地面积28448.45平方米，含规划道路面积6614平方米），实际出让面积为95177.4平方米。,|二类居住用地,|70年,|不大于1.8,|不小于35%,|不大于30%,|不高于35米,|342000000,|427251348.6,|100,,2020/5/6 18:14,http://ggzy.lasa.gov.cn/Article/ArticleDetail?id=55450,0bf03a9f2925303c5d3d1a2900126409
拉经开拍字〔2019〕1号拉萨市国有建设用地使用权拍卖出让公告,拉萨市公共资源交易中心,2019/7/19 11:31,|JKQ2019-10号|JKQ2019-11号,|拉萨经济技术开发区B区拉青路以西、B区北环路以北地块内|拉萨经济技术开发区B区拉青西二路以东、波玛路以南地块内,|32229.95O|33435.78O,,|70年|40年,|不大于3.5|不大于4.0,|不小于35|不小于25,|不大于20%|不大于40%,|不大于55|不大于55,|4061万元|3026万元,|10152.4343万元|7563.1735万元,|50万元|50万元,：|该宗地为48.34亩。用途为二类居住用地，出让年限为70年。|该宗地为50.15亩。用途为金融保险用地，出让年限为40年。,2020/5/6 18:14,http://ggzy.lasa.gov.cn/Article/ArticleDetail?id=55669,00b1b5fcab20194bfad9f7a31385af58
拉公共经开挂〔2019〕2号 拉萨市国有建设用地使用权挂牌出让公告,拉萨市公共资源交易中心,2019/7/19 11:34,|JKQ2019-6|JKQ2019-7|JKQ2019-8|JKQ2019-9,|拉萨经济技术开发区B区柳东路以东、B区北环路以北地块内|拉萨经济技术开发区B区拉青西一路以东、B区南环路以北地块内|拉萨经济技术开发区B区拉青西一路以东、园区南路以北、B区南环路以南地块内|拉萨经济技术开发区B区拉青路以西、园区南路以北、B区南环路以南地块内,|25878.01|22788.59|51531.08|51564.49,|一类工业|二类工业|二类工业|二类工业,|50|50|50|50,|不小于1.0|不小于1.0|不小于1.0|不小于1.0,|不小于20%|不小于20%|不小于20%|不小于20%,|不小于30%|不小于30%|不小于30%|不小于30%,,|442|363|815|815,|1104.9911|906.9859|2035.4777|2036.7974,,,2020/5/6 18:14,http://ggzy.lasa.gov.cn/Article/ArticleDetail?id=55670,1eb28644f2067319a3389a641631c367
（拉公共柳梧国土挂〔2019〕2号）拉萨市国有建设用地使用权公开出让公告,拉萨市公共资源交易中心,2019/8/14 11:28,|2018-（柳）16号|土地价格|5262500.00元,|柳梧新区北组团北京大道以东、经四路以北|挂牌出让起始价（元）|11807650.00元,,,|商业40年；住宅70年,|不大于4.2,|不小于30%,|不大于40%,|不高于100米,,,,,2020/5/6 18:14,http://ggzy.lasa.gov.cn/Article/ArticleDetail?id=55860,b70d3e39246b4423610192113a2846b1
拉文创管挂〔2019〕5号 西藏文化旅游创意园区管委会国有建设用地使用权挂牌出让公告,拉萨市公共资源交易中心,2019/8/22 10:02,|2018―10,|文成大道以东、宝瓶路以西CT04-36,|2962,|商业设施用地,|商业40年,|不大于1.5,|不小于35%,|不大于30%,|不高于25米,|263.9720,|659.93,,,2020/5/6 18:14,http://ggzy.lasa.gov.cn/Article/ArticleDetail?id=55913,463776cc6a9579a296940891f6fe251c
当雄县国有建设用地使用权挂牌出让公告,拉萨市公共资源交易中心,2019/9/12 11:57,|DXGT2019-008|DXGT2019-010|DXGT2019-019|DXGT2019-020|备注|2、本公告自2019年9月12日起至2019年10月21日止。挂牌期自2019年10月2日至10月21日下午18：00分止,|当雄县羊八井镇桑巴萨居委会3组|当雄县通站路往火车站方向右侧|当雄县羊八井镇桑巴萨居委会三组|当雄县龙仁乡郭庆村3组|,|1333.34|930.7|6666.7|11310.66,|工业|商业|商业|商业,|50|40|40|40,|不高于2.0|不高于2.0|不高于2.0|不高于2.0,|不低于20%|不低于20%|不低于20%|不低于20%,|不高于60%|不高于60%|不高于60%|不高于60%,,|4.532|11.54|21.33344|36.194112,|11.33|28.85|53.3336|90.48528,,1、建筑限高、建筑退线、建筑间距、抗震烈度、机动车出入口等严格按照规划相关指标执行。,2020/5/6 18:14,http://ggzy.lasa.gov.cn/Article/ArticleDetail?id=56040,0b04ef331fc59995b1e2cff82336549e
拉萨市国有建设用地使用权挂牌出让公告拉公共经开挂〔2019〕3号,拉萨市公共资源交易中心,2019/9/20 16:38,|JKQ2019-8,|拉萨经济技术开发区B区拉青西一路以东、园区南路以北、B区南环路以南地块内,|51531.08,|二类工业,|50,|不小于1.0,|不小于20%,|不小于30%,,|815,|2035.4777,,,2020/5/6 18:14,http://ggzy.lasa.gov.cn/Article/ArticleDetail?id=56076,9f9b8877e87407746445b54b499e3dc0
拉萨市国有建设用地使用权挂牌出让公告（拉公共自然资源挂〔2019〕4号）,拉萨市公共资源交易中心,2019/9/27 18:03,|LSZR2019-4|LSZR2019-5|LSZR2019-6|备 注,|宗地一：城关区北绕城路以北、曲米路以西；宗地二：城关区北绕城路以南、曲米路以东|城关区纳金路以北、东四路两侧|拉萨市滨河路以南五号闸以西|建筑退让、建筑间距等各项规划指标严格按照市自然资源部门核定的《规划设计条件》执行。,|宗地一：总面积为24994O，扣除规划绿地面积358 O，实际出让面积为24636O（合36.95亩）；宗地二：总面积20437O（合30.65亩）|40230O（合60.3亩）|45580.78O（合68.37亩）,|居住用地|居住用地|商业用地,,|不大于2.0|不大于2.5|不大于2.0,|不小于30%|不小于35％|不小于30％,|不大于35%|不大于30％|不大于50％,|宗地一：地块①不高于27米、地块②不高于15米；宗地二：不高于15米|不高于50米|50％建筑不高于12米、30％建筑不高于15米、20％建筑不高于24米,|110000000|165000000|162000000,|138074600|205695990|201779011.4,|100|100|100,,2020/5/6 18:14,http://ggzy.lasa.gov.cn/Article/ArticleDetail?id=56110,8852397bc24c9d9dd439a784d364c034
拉萨市国有建设用地使用权挂牌出让公告（拉公共自然资源挂〔2019〕5号）,拉萨市公共资源交易中心,2019/10/8 16:44,|LSZR2019-6|备 注,|拉萨市滨河路以南、五号闸以西|建筑退让、建筑间距等各项规划指标严格按照市自然资源部门核定的《规划设计条件》执行。,|43580.78O（合65.37亩）,|商业用地,,|不大于1.8,|不小于30％,|不大于50％,|50％建筑不高于12米、30％建筑不高于15米、20％建筑不高于24米,|151320000,|189140586,|100,,2020/5/6 18:14,http://ggzy.lasa.gov.cn/Article/ArticleDetail?id=56141,b6e8128e62b16ae2484e8966e128c639
拉文创管挂〔2020〕2号西藏文化旅游创意园区管委会国有建设用地使用权挂牌出让公告,拉萨市公共资源交易中心,2020/3/26 18:18,|2019-3CT04-101,|文成大道以东、宗赞路以西,|15344,|商业设施用地,|商业40年,|不大于1.5,|不小于35%,|不大于30%,|不高于25米,|1307.3088,|3268.2720,,,2020/5/6 18:14,http://ggzy.lasa.gov.cn/Article/ArticleDetail?id=57840,05a89ad98775e0c0a21e6ec95af0bbbc
（拉公共柳梧国土挂〔2020〕2号）拉萨市国有建设用地使用权公开出让公告,拉萨市公共资源交易中心,2020/3/27 11:06,|2019-（柳）4号,|滨河大街以北、南环路以南,|40300m2,|公园配套商业用地,|商业40年,|不大于1.75,,,|不高于15米,|15777450元,|31554900元,|50万元,,2020/5/6 18:14,http://ggzy.lasa.gov.cn/Article/ArticleDetail?id=57842,3e8287098088ad1965db662d5232e6e1
（拉公共自然资源挂〔2020〕3号）拉萨市国有建设用地使用权挂牌出让公告,拉萨市公共资源交易中心,2020/3/27 18:35,|LSZR2019-5|LSZR2019-6|LSZR2019-7|备 注,|堆龙德庆区滨河路以北，柳东路以东|堆龙德庆区拉青路与滨河路交叉处|堆龙德庆区滨河路以北，乃加三路以西|建筑退让、建筑间距等各项规划指标严格按照市自然资源部门核定的《规划设计条件》执行。三宗土地总起始价为713168583元。本公告自2020年3月27日起至2020年4月15日止。挂牌期自2020年4月16日起至2020年4月25日止。,|114053.6m2（约171.08亩）|33409m2（约50.11亩）|19776m2（约29.66亩）,|居住|商业|商业,|70|40|40,|不大于2.2|不大于4.0|不大于4.0,|不小于30%|不小于25%|不小于25%,|不大于30%|不大于40%|不大于40%,|不高于45米|不高于60米|不高于99米,|427901100,|562284248|95649967|55234368,|100,,2020/5/6 18:14,http://ggzy.lasa.gov.cn/Article/ArticleDetail?id=57850,b22dd84f3f19a0e68d4c1d2858b7d678
（拉公共自然资源挂〔2020〕4号）拉萨市国有建设用地使用权挂牌出让公告,拉萨市公共资源交易中心,2020/3/29 16:46,|LSZR2020-3|LSZR2020-4|备 注,|城关区教育城百淀东路以东，集贤路以南|城关区教育城书山路以南，百淀东路以东|建筑退让、建筑间距等各项规划指标严格按照市自然资源部门核定的《规划设计条件》执行。两宗土地总起始价为627508012元。本公告自2020年3月29日起至2020年4月17日止。挂牌期自2020年4月18日起至2020年4月27日止。,|143523m2（约215亩）|137908m2（约206.86亩）,|居住|商住混合（居住70%，商业30%）,|70|居住70，商业40,|不大于2.2|不大于2.0,|不小于35%|不小于30%,|不大于25%|不大于35%,|不高于50米|不高于35米,|376500000,|555553134|71954878,|100,,2020/5/6 18:14,http://ggzy.lasa.gov.cn/Article/ArticleDetail?id=58850,69f4f92137e7e9b4046167aa7eec4dd4
尼自资挂〔2020〕1号尼木县国有建设用地使用权挂牌出让公告,拉萨市公共资源交易中心,2020/3/30 10:48,|2020-01,|尼木县吞巴镇吞达村,|81788.41,|工业物流仓储用地,|50,|不高于0.8,|不低于15%,|不高于40%,,|230.6433,|1153.2166,,,2020/5/6 18:14,http://ggzy.lasa.gov.cn/Article/ArticleDetail?id=58858,ce547ec095c50452f773b4877400c797
拉文创管挂〔2020〕3号西藏文化旅游创意园区管委会国有建设用地使用权挂牌出让公告,拉萨市公共资源交易中心,2020/4/30 16:51,|2019-4CT04-101,|文成大道以东、宗赞路以西,|40000,|商业设施用地,|商业40年,|不大于1.5,|不小于35%,|不大于30%,|不高于25米,|3396.80,|8492.00,,,2020/5/6 18:14,http://ggzy.lasa.gov.cn/Article/ArticleDetail?id=59035,92017506109c944fc79ccfb6c9876bcc
（当公共国土挂〔2019〕1号）当雄县国有建设用地使用权挂牌出让公告,拉萨市公共资源交易中心,2019/3/7 10:40,|DXGT2019-001|DXGT2019-002|DXGT2019-003|DXGT2019-004|备注|2、本公告自2019年3月7日起至2019年4月15日止。挂牌期自2019年3月27日至4月15日下午18：00分止,|当雄县冻精站院内|青藏铁路南侧、110千伏变电站北侧|当雄县乌玛塘乡纳龙村四组|当雄县境内八个乡镇|1、建筑限高、建筑退线、建筑间距、抗震烈度、机动车出入口等严格按照规划相关指标执行。,|32566.83|20000|117.34|7780,|工业|工业|工业|商业,|50|50|50|40,|不高于2.0|不高于2.0|不高于2.0|不高于0.8,|不低于20%|不低于20%|不低于20%|不低于20%,|不高于60%|不高于60%|不高于60%|不高于80%,,|178.4662284|64|0.35202|31.12,|446.165571|160|0.88005|77.8,,1、建筑限高、建筑退线、建筑间距、抗震烈度、机动车出入口等严格按照规划相关指标执行。,2020/5/6 18:14,http://ggzy.lasa.gov.cn/Article/ArticleDetail?id=54711,b5d7195f43778d600262666f58ab3f8c
拉文创管挂〔2018〕7 号西藏文化旅游创意园区管委会国有建设用地使用权挂牌出让公告,拉萨市公共资源交易中心,2018/9/21 12:01,|2018-2|2018-3,|望圣路以东、宗赞路以西CT07-32|望圣路以东CT07-18,|26961|5360,|旅游商业用地|旅游商业用地,|40年|40年,|不大于1.8|不大于1.5,|不小于35%|不小于35%,|不大于35%|不大于30%,|不大于32米|不大于25米,|1263.9320|237.9840,|3159.8300|594.9600,,,2020/5/6 18:14,http://ggzy.lasa.gov.cn/Article/ArticleDetail?id=51900,6d8c644f4d93657d27fbb402a503c87a
拉萨市国有建设用地使用权挂牌出让公告（拉公共国土挂〔2018〕1号）,拉萨市公共资源交易中心,2018/6/15 17:51,|LSGT2018-6号|4180|LSGT2018-8号|11146|LSGT2018-9号|6837|LSGT2018-12号|LSGT2018-13号|LSGT2018-35号|LSGT2018-36号|备注,|东嘎东路以南、拉青路以东|商业|东嘎东路以南、拉青路以东|商业|拉青路以东、滨河北路以北|商业|滨河北路以北、乃加三路以西|滨河北路以北、乃加三路以东、新村路以南|城关区教育城学子大道以东、丹翔路以北|城关区教育城圣陶南路以东、百淀大道以南|,|9554|25818|3.0|16223|3.0|31134|66144|5999|7810,|商业（兼容商务用地）|居住|40%|居住|40%|居住|居住|其他服务设施用地|其他服务设施用地,,|4.0|2.0|25%|2.0|25%|2.0|2.0|1.5|1.0,|25%|30%|30%|30%|30%|30%|30%,|40%|30%|40|30%|40|30%|30%|35%|35%,|60米|60米|60米|55米|55米|24米|  12米,|24061968|54406464|33950800|46053413|96570240|5498840|6872800,|30077460|68008080|42438500|57566766|120712800|6873550|8591000,|50|50|50|50|100|50|50,1、建筑退让、建筑间距等各项指标严格按照城乡规划部门核定的《规划设计条件》执行。,2020/5/6 18:14,http://ggzy.lasa.gov.cn/Article/ArticleDetail?id=50276,4139fb3714e5538eb75d1b5b8570457c
拉文创管挂〔2018〕5号西藏文化旅游创意园区管委会国有建设用地使用权挂牌出让公告,拉萨市公共资源交易中心,2018/6/21 17:49,|2017-16|1 其它说明：建筑限高、建筑退线、建筑间距、抗震烈度、机动车出入口等严格按照市城乡规划局下发的《规划设计条件》执行,|灵望路以北 馨园路以南CT05-19,|33413,|旅游酒店用地,|40年,|不大于2.0,|不小于35%,|不大于35%,|不大于50米,|1808.3116,|4520.7789,,,2020/5/6 18:14,http://ggzy.lasa.gov.cn/Article/ArticleDetail?id=50312,04a9fe5416afbfcfc9490981353b9c3c
（拉公共国土挂〔2018〕2号）拉萨市国有建设用地使用权挂牌出让公告,拉萨市公共资源交易中心,2018/6/23 9:00,|LSGT2018-4号|LSGT2018-10号|LSGT2018-11号|备注,|堆龙德庆区滨河北路以南、堆龙河以北|东嘎一路路以南、乃加三路以西、新村路以北|新村路以北、乃加三路以西|,|41364|11418|33342,|商业（兼容商务用地）|商业（兼容商务用地）|居住,,|3.0|3.5|2.0,|25%|25%|30%,|40%|40%|30%,|60米|55米|45米,|69855523|18515429|49879632,|87319404|23144286|62349540,|50|50|50,1、建筑退让、建筑间距等各项指标严格按照城乡规划部门核定的《规划设计条件》执行。,2020/5/6 18:14,http://ggzy.lasa.gov.cn/Article/ArticleDetail?id=50322,59374de9f9d21c9f9eb3ff00ac6160c7
（当公共国土挂〔2018〕2号）当雄县国有建设用地使用权挂牌出让公告,拉萨市公共资源交易中心,2018/6/25 12:15,|DXGT2018-002|备注|2、本公告自2018年6月25日起至2018年8月3日止。挂牌期自2018年7日15日至8月3日下午18：00分止,|当雄县格达乡羊易村2组|1、建筑限高、建筑退线、建筑间距、抗震烈度、机动车出入口等严格按照规划相关指标执行。,|53026.932,|工业,|50,|不高于1.0,|不低于30%,|不高于50%,,|101.81170944,|254.5292736,,1、建筑限高、建筑退线、建筑间距、抗震烈度、机动车出入口等严格按照规划相关指标执行。,2020/5/6 18:14,http://ggzy.lasa.gov.cn/Article/ArticleDetail?id=50329,5e8fab771ee15fecc426d408e07aff05
拉萨市国有建设用地使用权拍卖出让公告拉经开拍字〔2018〕2号,拉萨市公共资源交易中心,2018/7/20 17:27,|JKQ2018-9号,|拉萨经济技术开发区B区乃岗路以北、拉青东一路以东地块内,|18617.76O,,|40年,|不大于2.8,|不小于25,|不大于50%,|不大于36,|1042万元,|2605万元,|50万元,：|该宗地为27.93亩。用途为商业，出让年限为40年。,2020/5/6 18:14,http://ggzy.lasa.gov.cn/Article/ArticleDetail?id=51523,68be54eb698f55104605b0a8f26002fc
拉文创管挂〔2018〕6号西藏文化旅游创意园区管委会国有建设用地使用权挂牌出让公告,拉萨市公共资源交易中心,2018/7/26 15:53,|2018-1|2018-4,|文成大道以西 云天路交叉路口西北侧CT03-30|望圣路以东、宗赞路以西CT07-21,|29884|4782,|商住混合用地|旅游商业用地,|商业:40年住宅:70年|40年,|不大于2.5|不大于1.5,|不小于35%|不小于35%,|不大于40%|不大于30%,|不大于50米|不大于25米,|2626.2059|147.8594,|6565.5148|369.6486,,,2020/5/6 18:14,http://ggzy.lasa.gov.cn/Article/ArticleDetail?id=51563,2f6c8cc87688a0d04ffe7886c8dcbf0b
拉公共经开挂〔2018〕2号拉萨市国有建设用地使用权挂牌出让公告,拉萨市公共资源交易中心,2018/8/10 17:07,|JKQ2018-10|JKQ2018-11|JKQ2018-12|JKQ2018-15,|拉萨经济技术开发区B区拉青路以东、B区南环路以南地块内|拉萨经济技术开发区B区园区南路以北、龙峰生物公司用地以西|拉萨经济技术开发区B区拉青路以西、南环路以北地块内|拉萨经济技术开发区A区维色路以西、广州路以南、塔杰路以北地块内,|13287.5|11241.38|13113.55|37637.77,|工业|工业|工业|工业,|50|50|50|50,|不小于1.0|不大于1.0|1.0|不小于1.0,|不小于20%|不小于20%|不小于20%|不小于20%,|不小于30%|不大于30%|不小于30%|不小于30%,,|209|177|207|654,|522.1988|441.7863|515.3626|1633.2827,,,2020/5/6 18:14,http://ggzy.lasa.gov.cn/Article/ArticleDetail?id=51678,e15538cf75b293903cff2cea85d1f769
拉萨市国有建设用地使用权拍卖出让公告拉经开拍字〔2018〕3号,拉萨市公共资源交易中心,2018/8/10 17:08,|JKQ2018-13号|JKQ2018-14号,|拉萨经济技术开发区B区波玛路以南、柳东路以东地块内|拉萨经济技术开发区A区维色路以东、广州路以北地块内,|35847.72O|16580.23O,,|40年|40年,|不大于4.0|不大于2.8,|不低于25|不小于25,|不大于40%|不大于50%,|不大于55|不大于36,|3514万元|1211万元,|8785万元|3026万元,|50万元|备注：,：|该宗地为53.77亩。用途为零售商业，出让年限为40年。|该宗地为24.87亩。用途为零售商业，出让年限为40年。,2020/5/6 18:14,http://ggzy.lasa.gov.cn/Article/ArticleDetail?id=51679,50ad7ac74a7524f89a72b655d7c4e942
（拉公共国土挂〔2018〕3号）拉萨市国有建设用地使用权挂牌出让公告,拉萨市公共资源交易中心,2018/9/5 18:46,|LSGT2018-37号|备注,|城关区江苏大道以南、热噶曲果路以西|建筑退让、建筑间距绿地面积等各项指标严格按照城乡规划部门核定的《规划设计条件》执行。科研用地地上项目建成后不得分割销售，100%自用。本宗地使用权年限为50年，在使用权年限内，禁止变更用地性质。,|23333(其中规划绿地面积2273),|科研用地,,|2.5,|35%,|35%,|40米,|22586344,|28232930,|100,建筑退让、建筑间距绿地面积等各项指标严格按照城乡规划部门核定的《规划设计条件》执行。,2020/5/6 18:14,http://ggzy.lasa.gov.cn/Article/ArticleDetail?id=51800,8ab8876c638fc278cf742fba3d7649b2
拉萨市国有建设用地使用权公开出让公告（拉公共柳梧国土挂〔2018〕2号）,拉萨市公共资源交易中心,2018/9/12 18:07,|2018-（柳）8号|土地价格|7160000.51元,|柳梧新区团结大街以南、察古大道以东|挂牌出让起始价（元）|17305128.83元,,,|40年,|不大于1.2,|不小于30%,|不大于40%,|不高于15米,,,,,2020/5/6 18:14,http://ggzy.lasa.gov.cn/Article/ArticleDetail?id=51843,da771ffa2fef3470b96af4ff764bbff9
拉文创管挂〔2018〕8号西藏文化旅游创意园区管委会国有建设用地使用权挂牌出让公告,拉萨市公共资源交易中心,2018/9/26 16:02,|2018-1,|文成大道以西 云天路北侧CT03-30,|22346,|商住混合用地,|商业:40年住宅:70年,|不大于2.5,|不小于35%,|不大于40%,|地块一:不高于50米地块二：不高于25米,|1963.76648,|4909.4162,,,2020/5/6 18:14,http://ggzy.lasa.gov.cn/Article/ArticleDetail?id=51920,0031ee9411021ddf2f06fe99bc57ef31
拉经开拍字〔2018〕4号拉萨市国有建设用地使用权拍卖出让公告,拉萨市公共资源交易中心,2018/9/30 10:20,|JKQ2018-13号,|拉萨经济技术开发区B区波玛路以南、柳东路以东地块内,|35847.72O,,|40年,|不大于4.0,|不低于25,|不大于40%,|不大于55,|3514万元,|8785万元,|50万元,：|该宗地为53.77亩。用途为零售商业，出让年限为40年。,2020/5/6 18:14,http://ggzy.lasa.gov.cn/Article/ArticleDetail?id=51949,5ae00f69346c0ab307dead735b6faecf
拉文创管挂〔2018〕9号 西藏文化旅游创意园区管委会国有建设用地使用权挂牌出让公告,拉萨市公共资源交易中心,2018/10/18 17:15,|2018-5|2018-6|2018-7|2018-8,|云天路以南、 林卡路以东CT04-116|望圣路以西CT07-60|望圣路以西CT07-58|灵居路以北、花园路以西CT05-14,|14001|50678|47791|62739,|旅游休闲用地|旅游休闲用地|旅游休闲用地|旅游文化设施用地,|商业:40年|商业:40年|商业:40年|商业:40年,|不大于0.5|不大于0.8|不大于1.5|不大于2.0,|不小于50%|不小于50%|不小于50%|不小于35%,|不大于20%|不大于30%|不大于30%|不大于35%,|不高于25米|不高于15米|不高于15米|不高于50米,|1032.8258|2215.9240|2278.5800|4572.4000,|2582.06442|5539.8100|5696.4500|11431.0000,,,2020/5/6 18:14,http://ggzy.lasa.gov.cn/Article/ArticleDetail?id=52041,0e994993e37ccf0be8ea9890c9c265ef
拉萨市国有建设用地使用权拍卖出让公告 拉经开拍字〔2018〕5号,拉萨市公共资源交易中心,2018/10/31 11:47,|JKQ2018-16号,|拉萨经济技术开发区B区乃岗路以南、柳东路以东地块内,|29067.62O,,|70年,|不大于3.5,|不低于35,|不大于20,|不大于55,|2547万元,|6365.8万元,|50万元,：|该宗地为43.6亩。用途为居住用地，出让年限为70年。,2020/5/6 18:14,http://ggzy.lasa.gov.cn/Article/ArticleDetail?id=52099,244d5e595c00f89e4dc7aa0747f3a2f9
拉萨市国有建设用地使用权拍卖出让公告 拉经开拍字〔2018〕6号,拉萨市公共资源交易中心,2018/10/31 15:08,|JKQ2018-13号,|拉萨经济技术开发区B区波玛路以南、柳东路以东地块内,|35847.72O,,|40年,|不大于4.0,|不低于25,|不大于40%,|不大于55,|3514万元,|8785万元,|50万元,：|该宗地为53.77亩。用途为零售商业，出让年限为40年。,2020/5/6 18:14,http://ggzy.lasa.gov.cn/Article/ArticleDetail?id=52101,35bfbd37b79d273ed37609ff81aa40f3
尼国土挂〔2018〕2号尼木县国有建设用地使用权挂牌出让公告,拉萨市公共资源交易中心,2018/11/29 15:43,|2018-002,|尼木县麻江乡达琼村,|3999.96,|批发零售（加油站）,|40,|不高于0.8,|不低于15%,|不高于40%,,|20,|91.99908,,,2020/5/6 18:14,http://ggzy.lasa.gov.cn/Article/ArticleDetail?id=53568,304a53d28aba618ab1f614bb3b4178af
拉文创管挂〔2018〕10号 西藏文化旅游创意园区管委会国有建设用地使用权挂牌出让公告,拉萨市公共资源交易中心,2018/12/24 10:43,|2018-8,|灵居路以北、花园路以西CT05-14,|62739,|旅游文化设施用地,|商业:40年,|不大于2.0,|不小于35%,|不大于35%,|不高于50米,|4572.4000,|11431.0000,,,2020/5/6 18:14,http://ggzy.lasa.gov.cn/Article/ArticleDetail?id=53712,713a7db0e0f54354691fefba114983fd
（拉公共柳梧国土挂〔2018〕3号）拉萨市国有建设用地使用权公开出让公告,拉萨市公共资源交易中心,2018/12/29 16:20,|2018-（柳）9号|2018-（柳）10号|2018-（柳）11号|2018-（柳）13号|2018-（柳）14号|2018-（柳）15号,|柳梧新区中组团藏创以西、扎德路以南|柳梧新区中组团柳慧路以东、栖创路以南、栖慧大道以西、柳创路以北|柳梧新区中组团栖慧大道以西、栖创路以北|柳梧新区中组团通慧路以东、栖创路以北|柳梧新区中组团通慧路以东、栖创路以北|柳梧新区北组团北京大道北延段以东、世纪大道以北,,,|50年|50年|50年|50年|50年|商业40年 住宅70年,|不大于1.5|不大于2.2|不大于1.2|不大于1.2|不大于1.2|不大于3.6,|不小于25%|不小于35%|不小于35%|不小于35%|不小于35%|不小于30%,|不大于60%|不大于30%|不大于35%|不大于35%|不大于35%|不大于30%,|不高于18米|不高于60米|不高于20米|不高于20米|不高于20米|不高于50米,,|5001500元|10361000元|5394816元|2321600元|1518200元|6068500元,|50万元|50万元|50万元|50万元|50万元|50万元,,2020/5/6 18:14,http://ggzy.lasa.gov.cn/Article/ArticleDetail?id=53755,8c43306a624053906c7cd7057f75c34c
拉文创管挂〔2019〕1号西藏文化旅游创意园区管委会国有建设用地使用权挂牌出让公告,拉萨市公共资源交易中心,2019/2/22 18:20,|2018-5,|云天路以南、林卡路以东CT04-116,|14001,|旅游休闲用地,|商业:40年,|不大于0.5,|不小于50%,|不大于20%,|不高于25米,|1032.8258,|2582.06442,,,2020/5/6 18:14,http://ggzy.lasa.gov.cn/Article/ArticleDetail?id=54652,ac352860dcf85cb61390636c033ae53f
拉文创管挂〔2019〕2号 西藏文化旅游创意园区管委会国有建设用地使用权挂牌出让公告,拉萨市公共资源交易中心,2019/3/15 17:32,|2018-2,|望圣路以东、宗赞路以西CT07-32,|26961,|旅游商业用地,|40年,|不大于1.8,|不小于35%,|不大于35%,|不大于32米,|1263.9320,|3159.8300,,,2020/5/6 18:14,http://ggzy.lasa.gov.cn/Article/ArticleDetail?id=54751,e6d09c2c5d6f52b02e42dc438910a5de
拉公共经开挂〔2019〕1号拉萨市国有建设用地使用权挂牌出让公告,拉萨市公共资源交易中心,2019/4/2 11:35,|JKQ2019-1|JKQ2019-2|JKQ2019-3|JKQ2019-4|JKQ2019-5,|拉萨经济技术开发区B区拉青路以东、B区园区南路以北地块内|拉萨经济技术开发区B区乃岗路以南、拉青路以西块内|拉萨经济技术开发区B区南环路以北、拉青路以西地块内|拉萨综合保税区纬一路以南、巡逻道以北地块内|拉萨综合保税区纬一路以北、通勤路以南地块内,|11241.38|19925.49|26939.85|40457.66|38555.22,|工业|工业|工业|工业|物流仓储,|50|50|50|50|50,|不小于1.0|不小于1.0|不小于1.0|0.8-2.0|0.8-1.5,|不小于20%|不小于20%|不小于20%|不小于20%|不小于20%,|不小于30%|不小于30%|不小于30%|不小于30%|不小于30%,,|178|318|428|619|612,|444.0346|793.0346|1069.5121|1546.8987|1529.4086,,,2020/5/6 18:14,http://ggzy.lasa.gov.cn/Article/ArticleDetail?id=54828,6f47a829d23b6dcf87fcb988e8a76ece
（拉公共国土挂〔2019〕1号）拉萨市国有建设用地使用权挂牌出让公告,拉萨市公共资源交易中心,2019/4/3 15:55,|LSGT2018-38号|LSGT2018-39号|LSGT2018-40号|LSGT2018-41号|LSGT2019-1号|备 注,|城关区加荣路以北，藏热路以西。|城关区金珠西路以南，当巴西路以西。|城关区金珠西路以南，滨河北路以北。|城关区金珠西路以南，当雄路以西。|城关区贡布堂路以南，江冲路以西。|建筑退让、建筑间距等各项规划指标严格按照市自然资源部门核定的《规划设计条件》执行。,|73342.95|17665|6332|34544|6667,|二类居住|居住|居住|居住|居住,,|不大于1.8|不大于1.5|不大于1.5|不大于1.5|不大于2.5,|不小于35%|不小于30%|不小于30%|不小于30%|不小于35%,|不大于30%|不大于30%|不大于30%|不大于30%|不大于30%,|不高于35米|不高于32米|不高于32米|不高于32米|不高于40米,|263389203|27133440|9675296|56928512|24321216,|329236503|33916800|12094120|71160640|30401520,|100|50|50|50|50,,2020/5/6 18:14,http://ggzy.lasa.gov.cn/Article/ArticleDetail?id=54839,c2c7553f972028a7ace33aecabbf5a81
拉文创管挂〔2019〕3号西藏文化旅游创意园区管委会国有建设用地使用权挂牌出让公告,拉萨市公共资源交易中心,2019/4/10 17:19,|2018―10|2019-1,|文成大道以东、宝瓶路以西CT04-36|宝瓶路以西、文成大道以东、云天路以南CT04-34,|3618|5177（其中规划坑塘沟渠343平方米）,|商业设施用地|商业设施用地,|商业40年|商业40年,|不大于1.5|不大于1.5,|不小于35%|不小于35%,|不大于30%|不大于30%,|不高于25米|不高于25米,|304.9280|414.7800,|762.32|1036.95,,,2020/5/6 18:14,http://ggzy.lasa.gov.cn/Article/ArticleDetail?id=54878,af2a6326e1ed790392b1005aafb5ed50
拉文创管挂〔2019〕4号 西藏文化旅游创意园区管委会国有建设用地使用权挂牌出让公告,拉萨市公共资源交易中心,2019/4/26 16:24,|2018―13,|静思路以南、慧谷大道以西CT05-04,|14654,|旅游商业用地,|商业40年,|不大于1.8,|不小于35%,|不大于35%,|不高于50米,|1107.8440,|2769.61,,,2020/5/6 18:14,http://ggzy.lasa.gov.cn/Article/ArticleDetail?id=54984,62287a2dbfdb57cfa87ab67693f9394f
（拉公共国土挂〔2019〕2号）拉萨市国有建设用地使用权挂牌出让公告,拉萨市公共资源交易中心,2019/5/21 10:33,|LSGT2019-2号|备 注,|城关区西三路以西、加荣路以南。|1、建筑退让、建筑间距等各项规划指标严格按照市自然资源部门核定的《规划设计条件》执行。2、出让地块内的规划绿地1183平方米内严禁修建任何构筑物，由竞得人负责实施城市绿化。,|9121平方米（其中规划绿地面积1183平方米）,|居住,|70年,|不大于2.0,|不小于35%,|不大于30%,|不高于50米,|25300000,|31577364,|50,,2020/5/6 18:14,http://ggzy.lasa.gov.cn/Article/ArticleDetail?id=55199,adcfd52baa581509102f9e56a8c1f5c0
拉萨市国有建设用地使用权挂牌出让公告（拉公共国土挂〔2017〕4号）,拉萨市公共资源交易中心,2017/10/17 0:00,|LSGT2017-18|1、 该地块的建筑退线、建筑间距、抗震烈度、机动车出入口等严格按照《规划设计条件》执行。2、 本公告自2017年10月17日起至2017年11月5日止。挂牌期自2017年11月6日至11月15日下午18:00分止。,|城关区教育城百淀大道以北，丹圣路以西,,,|40,|不大于0.8,|不小于10,|不大于25,,|218.4,,,,2020/5/6 18:14,http://ggzy.lasa.gov.cn/Article/ArticleDetail?id=46157,63e0520d949355f3a9193d4210710a42
拉萨市国有建设用地使用权公开出让公告（拉公共柳梧国土挂〔2017〕3号）,拉萨市公共资源交易中心,2017/5/10 0:00,|2016-（柳）11号,|柳梧新区北组团察古大道以西，团结大街以南,,,|商业40年；住宅70年,|不大于4.2,|不小于30%,|不小于30%,|不大于80米,,|2533446元,|50万元,,2020/5/6 18:14,http://ggzy.lasa.gov.cn/Article/ArticleDetail?id=42661,ef39c3911bb4d8f205b0f89804b3d15a
拉公共经开挂〔2017〕2号拉萨市国有建设用地使用权挂牌出让公告,拉萨市公共资源交易中心,2017/5/18 0:00,|JKQ2017-5,|拉萨经济技术开发区A区林琼岗路以北、拉贡公路以东地块内,|7194.1,|商业(加油加气站用地),|40,|不大于0.8,|不小于25%,|不大于30%,,|311,|776.2434,,,2020/5/6 18:14,http://ggzy.lasa.gov.cn/Article/ArticleDetail?id=42734,f819d061d926573b2ee7a522caf51dc1
拉公共经开挂〔2017〕3号拉萨市国有建设用地使用权挂牌出让公告,拉萨市公共资源交易中心,2017/5/25 0:00,|JKQ2017-6,|拉萨经济技术开发区A区林琼岗路以东、青藏铁路线以南地块内,|10151.04,|工业,|50,|不小于1.0,|不小于20%,|不小于30%,,|154,|383.71,,,2020/5/6 18:14,http://ggzy.lasa.gov.cn/Article/ArticleDetail?id=42838,0e3c3f82ccf0ebd7ab997231f6be8db9
拉萨市国有建设用地使用权挂牌出让公告（拉公共国土挂〔2017〕2号）,拉萨市公共资源交易中心,2017/6/5 0:00,|LSGT2017-10|1、LSGT2017-10号地块的建筑退线、建筑间距、抗震烈度、机动车出入口等严格按照《规划设计条件》执行。,|城关区东三路以东，学府路以南，区教育厅北侧。,,,|商业40年住宅70年,|不大于3.0,|不小于30,|不大于40,,|商业：228.0005住宅：912.0019合计：1140.0024,,,,2020/5/6 18:14,http://ggzy.lasa.gov.cn/Article/ArticleDetail?id=42877,3873c2ab90f63aa793b75b2aed7c52d4
拉文创管挂〔2017〕3号西藏文化旅游创意园区管委会国有建设用地使用权挂牌出让公告,拉萨市公共资源交易中心,2017/6/16 0:00,|2017-02|2017-06|其它说明：建筑限高、建筑退线、建筑间距、抗震烈度、机动车出入口等严格按照市城乡规划局下发的《规划设计条件》执行。,|慈觉林大道以北、迎亲大桥以东、|慈觉林大道以北、迎亲大桥以东,|22922.41|12712.74,|区域交通设施用地（机场用地）|康体用地,|综合或者其他用地：50年|商业：40年,|不大于0.5|不大于1.0,|不小于30%|不小于35%,|不大于25%|不大于30%,|不大于15米(塔台不高于23米）|不大于15米(塔台不高于23米),|3575895.96|6915730.5600,|8939739.9|17289326.4,,,2020/5/6 18:14,http://ggzy.lasa.gov.cn/Article/ArticleDetail?id=43681,bc282f54df34bec8594b794eac40ee2d
（拉公共国土挂〔2017〕3号）拉萨市国有建设用地使用权挂牌出让公告,拉萨市公共资源交易中心,2017/7/4 0:00,|LSGT2017-1|LSGT2017-2|LSGT2017-4|LSGT2017-6|1、 LSGT2017-1、2、4、6号地块的建筑退线、建筑间距、抗震烈度、机动车出入口等严格按照《规划设计条件》执行。2、 LSGT2017-1号地块建筑限高不高于24米（由于周边涉及军事用地，具体建设高度需征求部队意见）。3、 本公告自2017年7月6日起至2017年7月25日止。挂牌期自2017年7月26日至8月6日下午18:00分止。,|城关区藏热南路以东，滨河路以北，贡布堂路以南|城关区藏热路以西，当热路以南|教育城集贤路以南，丹墨路以东，书山路以北，百淀东路以西|城关区纳金路以南，西三路以西,,,|40|70|70|70,|不大于2.0|不大于2.4|不大于2.4|不大于2.0,|不小于20|不小于35|不小于35|不小于35,|不大于50|不大于30|不大于30|不大于30,,|415.5417|689.4461|1691.9356|363.7920,,,,2020/5/6 18:14,http://ggzy.lasa.gov.cn/Article/ArticleDetail?id=44492,ec0a13b2dc63dcc829ceccf499c69777
拉萨市国有建设用地使用权公开出让公告（拉公共柳梧国土挂〔2017〕4号）,拉萨市公共资源交易中心,2017/7/14 0:00,|2017-（柳）1号|2017-（柳）2号|2017-（柳）3号|2017-（柳）4号,|柳梧新区中组团栖创路以南、柳慧路以西|柳梧新区中组团柳创路以南、柳慧路以东|柳梧新区中组团柳南大道以东|柳梧新区北组团站前大道以南、幸福街以北、商业东路以西,,,|70年|50年|50年|商业40年；住宅70年,|不大于2.5|不大于1.5|不大于1.5|不大于4.2,|不小于35%|不小于25%|不小于25%|不小于30%,|不小于35%|不小于30%|不小于30%|不大于40%,|不大于60米|不大于18米|不大于18米|不大于80米,,|23399280元|7583050元|19144258.6元|25816387元,|50万元|50万元|50万元|50万元,,2020/5/6 18:14,http://ggzy.lasa.gov.cn/Article/ArticleDetail?id=44580,6cbbf2f2d073ff480994daa9fbb16115
拉文创管挂〔2017〕5号西藏文化旅游创意园区管委会国有建设用地使用权挂牌出让公告,拉萨市公共资源交易中心,2017/10/19 0:00,|2016-12|2017-10| 其它说明：建筑限高、建筑退线、建筑间距、抗震烈度、机动车出入口等严格按照市城乡规划局下发的《规划设计条件》执行。,|宗赞路以东CT04-103|静思路以北CT01-51,|8794|3320,|商业设施用地|加油站气站用地,|商业：40年|商业：40年,|不大于1.5|不大于0.8,|不小于35%|不小于20%,|不大于30%|不大于30%,|不大于25米|不大于9米,|411.5592|159.8912,|1028.8980|399.7280,,,2020/5/6 18:14,http://ggzy.lasa.gov.cn/Article/ArticleDetail?id=46179,cab06eaab99d22c939e579386d4482b0
拉经开拍字〔2016〕7号拉萨市国有建设用地使用权拍卖出让公告,拉萨市公共资源交易中心,2017/10/25 0:00,|JKQ2017-15号|JKQ2017-17号,|拉萨经济技术开发区B区拉青东二路以东、B区北环路以南地块内|拉萨经济技术开发区B区园区南路以北、B区北环路以东地块内,|56904.7O|32328.7O,,|70年|70年,|不大于3.5|不大于3.5,|不低于35|不低于35,|不大于20%|不大于20%,|不大于55|不大于55,|3164万元|1742万元,|7909.7533万元|4353.0595万元,|50万元|50万元,：|该宗地为85.36亩。用途为住宅，出让年限为， 70年。|该宗地为48.49亩。用途为住宅，出让年限为， 70年。,2020/5/6 18:14,http://ggzy.lasa.gov.cn/Article/ArticleDetail?id=46254,2847a7e7ed50b142206a0c5ceae4d34b
拉公共经开挂〔2017〕6号拉萨市国有建设用地使用权挂牌出让公告,拉萨市公共资源交易中心,2017/10/25 0:00,|JKQ2017-13|JKQ2017-14|JKQ2017-16,|拉萨经济技术开发区A区格桑路以南、扎西路以东地块内|拉萨经济技术开发区B区拉青东二路以东、乃岗路以北地块内|拉萨经济技术开发区B区乃岗路以南地块内,|15940.71|24012.74|64661.96,|商业|商业|商业,|40|40|40,|不大于2.8|不大于4.0|不大于2.8,|不小于25%|不小于25%|不小于25%,|不大于50%|不大于40%|不大于50%,,|1945|1631|4074,|4861.93（含房屋1461.56）|4075.1164|10183.3535,,,2020/5/6 18:14,http://ggzy.lasa.gov.cn/Article/ArticleDetail?id=46253,6ce7c459eb251be0482f5e6dc147a097
拉文创管挂〔2017〕6号西藏文化旅游创意园区管委会国有建设用地使用权挂牌出让公告,拉萨市公共资源交易中心,2017/11/8 0:00,|2016-19|其它说明：建筑限高、建筑退线、建筑间距、抗震烈度、机动车出入口等严格按照市城乡规划局下发的《规划设计条件》执行。,|宝平路以东CT06-04,|100812,|旅游休闲用地,|商业：40年 ,|不大于1.0,|不小于40%,|不大于30%,|不大于25米,|29639024.4,|7409.7561,,,2020/5/6 18:14,http://ggzy.lasa.gov.cn/Article/ArticleDetail?id=46380,ed2a82677abe8bc882db85f653fb60a3
拉萨市国有建设用地使用权公开出让公告,拉萨市公共资源交易中心,2017/11/13 0:00,|2017-（柳）5号|2017-（柳）6号|2017-（柳）7号|2017-（柳）8号|2017-（柳）9号|2016-（柳）10号,|柳梧新区商业西路以东、商业东路以西、站前大街以北|柳梧新区商业西路以东、站前大街以南、幸福街以北|柳梧新区中组团柳创路以南、柳慧路以西|柳梧新区中组团察巴路以南、藏创大道以西|柳梧新区中组团柳创路以南、柳慧路以西|柳梧新区中组团柳创路以南、柳慧路以西,,,|商业40年；住宅70年|商业40年;住宅70年|50年|50年|50年|50年,|不大于4.2|不大于4.2|1.0-1.5|1.0-1.5|1.0-1.5|1.0-1.5,|不小于30%|不小于30%|不大于25%|不大于25%|不大于25%|不大于25%,|不大于40%|不大于40%|30%-60%|30%-60%|30%-60%|30%-60%,|不高于80米|不高于80米|不高于18米|不高于18米|不高于18米|不高于18米,,|37121350元|22221020元|1433405元|2999925元|2891091元|1551544.24元,|50万元|50万元|50万元|50万元|50万元|50万元,,2020/5/6 18:14,http://ggzy.lasa.gov.cn/Article/ArticleDetail?id=46429,6e81ee3c7ac13fe28e2b604abb1e9073
拉萨市国有建设用地使用权挂牌出让公告（拉公共国土挂〔2017〕6号）,拉萨市公共资源交易中心,2017/11/20 0:00,|LSGT2017-22号|LSGT2017-23号|LSGT2017-24号|LSGT2017-25号|备注,|城关区教育城书山路以北、丹圣路以西|城关区劳动路以北、东一支路以东、东三路以西|城关区纳金路以南、东二支路以东|城关区东二路以东、劳动路以南、江苏大道以北|2、本公告自2017年11月20日起 2017年12月9日止。挂牌期自2017年12月10日至12月19日下午18:00分止,|62139|12944|29795|16899,|居住|居住|商业|商业,,|不大于1.5|不大于2.0|不大于3.0|不大于2.5,|不小于35%|不小于35%|不小于20%|不小于25%,|不大于30%|不大于30%|不大于50%|不大于45%,|不高于24米|不高于40米|不高于55米|不高于40米,|60010000|44455000|107024000|52928000,|75001773|55568592|133779550|66159585,|50|50|50|50,1、建筑退让、建筑间距等各项指标严格按照城乡规划部门核定的《规划设计条件》执行。,2020/5/6 18:14,http://ggzy.lasa.gov.cn/Article/ArticleDetail?id=46498,aebf1321324b60f8d1d6db154990a44e
拉萨市国有建设用地使用权公开出让公告（拉公共柳梧国土挂〔2017〕6号）,拉萨市公共资源交易中心,2017/11/25 0:00,|2017-(柳)11号|柳梧新区柳梧大道以东（地块二）|备注,|柳梧新区柳梧大道以东（地块一）|103640.46|本公告自2017年11月25日起 2017年12月14日止。挂牌期自2017年12月15日至12月24日下午18:00分止,|83917.21|居住,|居住|不大于1.2,,|不大于0.8|不大于35%,|不小于35%,|不大于35%|高于35米,|不高于15米|不小于35%,|80724964,|201812408,|50,1、建筑退让、建筑间距等各项指标严格按照城乡规划部门核定的《规划设计条件》执行。,2020/5/6 18:14,http://ggzy.lasa.gov.cn/Article/ArticleDetail?id=46570,2d6880e42695922ac3742e839d437f2f
拉萨市国有建设用地使用权挂牌出让公告,拉萨市公共资源交易中心,2017/12/1 0:00,|LSGT2017-20号|备注,|城关区教育城百淀东路以东，书山路以北。|2、本公告自2017年12月1日起 2017年12月20日止。挂牌期自2017年12月21日至12月30日下午18:00分止,|75334,|居住,|70年,|不大于1.8,|不小于35%,|不大于30%,|不高于40米,|80215644,|100269554,|50,1、建筑退让、建筑间距等各项指标严格按照城乡规划部门核定的《规划设计条件》执行。,2020/5/6 18:14,http://ggzy.lasa.gov.cn/Article/ArticleDetail?id=46635,412f09f3f6748f9a799830896bf45a77
西藏文化旅游创意园区管委会国有建设用地使用权挂牌出让公告,拉萨市公共资源交易中心,2018/1/17 0:00,|2017-11|2017-12|2017-13|2017-14|其它说明：建筑限高、建筑退线、建筑间距、抗震烈度、机动车出入口等严格按照市城乡规划局下发的《规划设计条件》执行,|灵望路以南、慧谷大道以西(CT05-08 )|牧园以南、妙光大道以西(CT01-34)|灵望路以东、慧谷大道以西(CT05-10)|馨同路以东、灵望路以北(CT05-21),|4937|6659|3914|13333,|旅游商业用地|商业设施用地|旅游商业用地|旅游文化设施用地,|商业：40年 |商业:40年 |商业:40年 |商业:40年,|不大于1.2|不大于2.5|不大于1.2|不大于、2.0,|不小于35%|不小于35%|不小于35%|不小于35%,|不大于30%|不大于40%|不大于30%|不大于35%,|不大于15米|不大于25米|不大于15米|不大于50米,|259.6862|602.9858|206.1895|662.9168,|649.2155|1507.4644|515.4738|1657.2919,,,2020/5/6 18:14,http://ggzy.lasa.gov.cn/Article/ArticleDetail?id=48460,45475e310082eb16b4f0944c83bfab07
西藏文化旅游创意园区管委会国有建设用地使用权挂牌出让公告,拉萨市公共资源交易中心,2018/3/6 0:00,|2017-20|1 其它说明：建筑限高、建筑退线、建筑间距、抗震烈度、机动车出入口等严格按照市城乡规划局下发的《规划设计条件》执行,|达瓦路以北、林卡路以东CT04-23,|8148,|商务用地,|居住：40年,|不大于1.5,|不小于35%,|不大于40%,|不大于15米,|436.7328,|1091.8320,,,2020/5/6 18:14,http://ggzy.lasa.gov.cn/Article/ArticleDetail?id=48708,499320be4f20085f07a8280daba16cce
（当公共国土挂〔2018〕1号）当雄县国有建设用地使用权挂牌出让公告,拉萨市公共资源交易中心,2018/4/9 0:00,|DXGT2018-001|备注|2、本公告自2018年4月9日起至2018年5月18日止。挂牌期自2018年4月29日至5月18日下午18：00分止,|当雄县纳木湖乡乡政府大院围墙北侧|1、建筑限高、建筑退线、建筑间距、抗震烈度、机动车出入口等严格按照规划相关指标执行。,|212001.1,|商服,|40,|不高于1.0,|不低于30%,|不高于50%,,|1263.096,|3157.74,,1、建筑限高、建筑退线、建筑间距、抗震烈度、机动车出入口等严格按照规划相关指标执行。,2020/5/6 18:14,http://ggzy.lasa.gov.cn/Article/ArticleDetail?id=48985,380edf1c142b465de2452c0ea462724a
（拉公共柳梧国土挂〔2018〕1号）拉萨市国有建设用地使用权公开出让公告,拉萨市公共资源交易中心,2018/4/9 0:00,|2018-（柳）1号|2018-（柳）2号|2018-（柳）3号|2018-（柳）4号|2018-（柳）5号,|柳梧新区柳梧大道以西、奥体大街以北、林荫大道以东|柳梧新区新村北路以南、团结大街东延段以西|柳梧新区新村北路以北、团结大街东延段以西|柳梧新区中组团藏创大道以西、察巴路以南|柳梧新区中组团藏创大道以西、察巴路以南,,,|40年|40年|40年|50年|50年,|不大于2.4|不大于1.5|不大于1.5|不小于1.0|不小于1.0,|不小于30%|不小于30%|不小于30%|不大于25%|不大于25%,|不大于30%|不大于40%|不大于40%|不小于30%|不小于30%,|不高于50米|不高于15米|不高于15米|不高于18米|不高于18米,,|122929920.00元|14022840.00元|40879728.64元|1500075.00元|2250000.00元,|50万元|50万元|50万元|50万元|50万元,,2020/5/6 18:14,http://ggzy.lasa.gov.cn/Article/ArticleDetail?id=48984,0ef322615ebbaeb71aff460453efb62e
尼国土挂〔2018〕1号尼木县国有建设用地使用权挂牌出让公告,拉萨市公共资源交易中心,2018/5/3 0:00,|2018-001,|尼木县吞巴乡吞达村,|90927.1213,|仓储,|50,|不高于0.8,|不低于15%・,|不高于40%,,|155,|772.88,,,2020/5/6 18:14,http://ggzy.lasa.gov.cn/Article/ArticleDetail?id=49911,d53862903ecfbb83c183e742f8a1746c
拉文创管挂〔2018〕3号西藏文化旅游创意园区管委会国有建设用地使用权挂牌出让公告,拉萨市公共资源交易中心,2018/5/10 0:00,|2017-15|1 其它说明：建筑限高、建筑退线、建筑间距、抗震烈度、机动车出入口等严格按照市城乡规划局下发的《规划设计条件》执行,|灵居路以东、馨园路以南CT05-18,|23573,|旅游文化设施用地,|40年,|不大于2.5,|不小于35%,|不大于35%,|不大于50米,|1280.4854,|3201.2134,,,2020/5/6 18:14,http://ggzy.lasa.gov.cn/Article/ArticleDetail?id=49967,f41a911cf778342ca34879aa5a806094
拉公共经开挂〔2018〕1号拉萨市国有建设用地使用权挂牌出让公告,拉萨市公共资源交易中心,2018/5/11 0:00,|JKQ2018-1|JKQ2018-2|JKQ2018-3|JKQ2018-4|JKQ2018-5|JKQ2018-6|JKQ2018-7,|拉萨经济技术开发区A区拉萨河堤以西、林琼岗支路以北地块内|拉萨经济技术开发区A区林琼岗路以东、林琼岗支路以南地块内|拉萨市综合保税区纬一路以南地块内|拉萨经济技术开发区B区西环路以东、北环路以南地块内|拉萨经济技术开发区B区柳东路以西、北环路以南地块内|拉萨经济技术开发区B区乃岗路以南、拉青路以西地块内|拉萨市综合保税区纬一路以南、经一路以西地块内,|33492.92|24667.85|33326.22|22332.71|83566.69|13330.76|20000.03,|工业|商业|工业|物流仓储|物流仓储|工业|工业,|50|40|50|50|50|50|50,|不小于1.0|不大于2.8|0.8-2.0|不小于1.0|不小于1.0|不小于1.0|0.8-2.0,|不小于20%|不小于25%|不小于20%|不小于25%|不小于25%|不小于20%|不小于20%,|不小于30%|不大于50%|不小于30%|不小于30%|不小于30%|不小于30%|不小于30%,,|515|1938|510|368|1421|206|305,|1287.1329|4843.7543|1273.0616|919.1401|3551.5843|513.2343|760.4211,,,2020/5/6 18:14,http://ggzy.lasa.gov.cn/Article/ArticleDetail?id=49982,693ddb25fb704e066bab4c70e430a90d
拉文创管挂〔2018〕4号 西藏文化旅游创意园区管委会国有建设用地使用权挂牌出让公告,拉萨市公共资源交易中心,2018/5/14 0:00,|2017-18|2017-19|1 其它说明：建筑限高、建筑退线、建筑间距、抗震烈度、机动车出入口等严格按照市城乡规划局下发的《规划设计条件》执行,|馨园路以东、灵望路以北CT05-21|灵望路以北、慧谷大道路以西CT05-06,|71237|53054,|旅游文化设施用地|旅游休闲用地,|40年|40年,|不大于2.0|不大于2.0,|不小于35%|不小于40%,|不大于35%|不大于35%,|不大于50米|不大于50米,|4211.53144|3456.99864,|10528.8286|8642.4966,,,2020/5/6 18:14,http://ggzy.lasa.gov.cn/Article/ArticleDetail?id=49992,20fd0dc97cba42b3d515af688c814da9
拉萨市国有建设用地使用权拍卖出让公告拉经开拍字〔2018〕1号,拉萨市公共资源交易中心,2018/5/30 17:04,|JKQ2018-9号,|拉萨经济技术开发区B区乃岗路以北、拉青东一路以东地块内,|18617.76O,,|40年,|不大于2.8,|不小于25,|不大于50%,|不大于36,|1042万元,|2605万元,|50万元,：|该宗地为27.93亩。用途为商业，出让年限为40年。,2020/5/6 18:14,http://ggzy.lasa.gov.cn/Article/ArticleDetail?id=50139,876afb26254d582d83cfbfa346765c90
拉文创管挂〔2016〕4号西藏文化旅游创意园区管委会国有建设用地使用权挂牌出让公告,拉萨市公共资源交易中心,2016/11/21 0:00,|2016-14|其它说明：建筑限高、建筑退线、建筑间距、抗震烈度、机动车出入口等严格按照市城乡规划局下发的《规划设计条件》执行。,|文成大道以西、达瓦路以北,|32367,|旅游休闲用地,|商业：40年,|不大于1.5,|不小于40%,|不大于30%,|不大于25米,|818.36724,|2045.9181,,,2020/5/6 18:14,http://ggzy.lasa.gov.cn/Article/ArticleDetail?id=41874,83cc6ac5fac82c65911493e0214592b3
拉文创管挂〔2016〕1号西藏文化旅游创意园区管委会国有建设用地使用权挂牌出让公告,拉萨市公共资源交易中心,2016/6/20 0:00,|2016-1|2016-2|2016-3|2016-4|2016-5|2016-6|2016-7|2016-8|其它说明：建筑限高、建筑退线、建筑间距、抗震烈度、机动车出入口等严格按照市城乡规划局下发的《规划设计条件》执行。,|达瓦路以西、林卡路以北|林卡路以东、云天路以南|格桑路以北|格桑路以南|妙光大道以西、牧园路以南|牧园路以南、格桑路以东|妙光大道以东、云天路以南、林卡路以西|文成大道以东、宗赞路以西,|55361|24241|43935|3757|169516|5554|10230|12480,|商业、住宅(商住建筑面积比例7:3)|商业、住宅（商住建筑面积比例5:5）|旅游休闲用地|商业设施用地|商业、住宅（商住建筑面积比例3:7）|商业设施用地|商业设施用地（商住建筑面积比例8:2）|商业设施用地,|商业：40年，住宅70年|商业：40年，住宅70年|商业40年|商业40年|商业：40年，住宅70年|商业40年|商业：40年，住宅70年|商业40年,,|不小于35%|不小于35%|不小于35%|不小于40%|不小于35%|不小于35%|不小于35%|不小于35%,|不大于35%|不大于35%|不大于30%|不大于30%|不大于40%|不大于30%|不大于40%|不大于30%,|不大于36米|不大于25米|不大于25米|不大于25米|不大于50米|不大于25米|不大于25米|不大于15米,|1999.63932|1047.2112|1586.9322|135.70284|6122.91792|200.61048|429.6600|503.1936,|4999.0983|2618.0280|3967.3305|339.2571|15307.2948|501.5262|1074.1500|1257.9840,,,2020/5/6 18:14,http://ggzy.lasa.gov.cn/Article/ArticleDetail?id=39770,20fb0850c6e3a0f4d004303c64a1c97b
拉公共国土挂〔2016〕5号拉萨市国有建设用地使用权挂牌出让公告,拉萨市公共资源交易中心,2016/3/17 0:00,|2015-8,|曲水县聂当乡（自治区危险废弃物处置中心东南侧）,|66667平方米,|工业,|50,|不小于0.7,|不大于20%,|不低于30%,,|160.0008,|400.0020,,,2020/5/6 18:14,http://ggzy.lasa.gov.cn/Article/ArticleDetail?id=32213,fd6ca7c04c6e191931a94305f4654c56
拉公共国土挂〔2016〕13号拉萨市国有建设用地使用权挂牌出让公告,拉萨市公共资源交易中心,2016/4/14 0:00,|2015-14,|城关区夺底路以西,|7111(合：10.67亩),|商业用地,|40年,|不大于2.0,|不小于25% ,|不大于45%,,|167.8196,|419.5490,,,2020/5/6 18:14,http://ggzy.lasa.gov.cn/Article/ArticleDetail?id=33364,61d5729799194da2672fd1626035c1b4
拉公共国土挂〔2016〕12号拉萨市国有建设用地使用权挂牌出让公告,拉萨市公共资源交易中心,2016/4/14 0:00,|2015-2,|西藏文化旅游创意园区花园路以东，慧谷大道以西、静思路以南CT05-30,|65003(合：97.51亩),|旅游休闲用地（商业和住宅）,|40年70年,|不大于2.0,|不小于40%,|不大于35%,,|2730.2800,|6825.7000,,,2020/5/6 18:14,http://ggzy.lasa.gov.cn/Article/ArticleDetail?id=33363,9db81602055d8eef1269f2b6eeed9b56
拉公共国土挂〔2016〕11号拉萨市国有建设用地使用权挂牌出让公告,拉萨市公共资源交易中心,2016/4/19 0:00,|2016-8,|西藏文化旅游创意园区妙光大道以东、林卡路以西（CT04--77）,|6667,|商业设施,|40,|不大于2.0,|不小于35%,|不大于35%,,|264.0132,|660.0330,,,2020/5/6 18:14,http://ggzy.lasa.gov.cn/Article/ArticleDetail?id=33396,ad8536041714fc6d4bfee1909ed0bab8
拉公共国土挂〔2016〕10号拉萨市国有建设用地使用权挂牌出让公告,拉萨市公共资源交易中心,2016/4/19 0:00,|2016-7,|西藏文化旅游创意园区妙光大道以西、牧园路以南（CT01--34）,|6667,|商业设施,|40,|不大于2.5,|不小于35%,|不大于40%,,|288.0144,|720.0360,,,2020/5/6 18:14,http://ggzy.lasa.gov.cn/Article/ArticleDetail?id=33395,c6218c5b14d1d61cee36d417591619c8
拉公共国土挂〔2016〕9号拉萨市国有建设用地使用权挂牌出让公告,拉萨市公共资源交易中心,2016/4/19 0:00,|2016-6,|西藏文化旅游创意园区林卡路以东、云天路以南（CT04--20）,|16125,|商业（旅游文化设施）,|40,|不大于2.0,|不小于35%,|不大于35%,,|677.2500,|1693.1250,,,2020/5/6 18:14,http://ggzy.lasa.gov.cn/Article/ArticleDetail?id=33394,3990190702dc5ad681f4e4bd74d0f805
拉公共国土挂〔2016〕8号拉萨市国有建设用地使用权挂牌出让公告,拉萨市公共资源交易中心,2016/4/19 0:00,|2016-3,|西藏文化旅游创意园区文成大道以西、云天路以南（CT04―59）,|15228,|商业设施,|40,|不大于2.0,|不小于35%,|不大于40%,,|730.9440,|1827.3600,,,2020/5/6 18:14,http://ggzy.lasa.gov.cn/Article/ArticleDetail?id=33393,84c10e53c97c7c04117ea675d91363da
拉公共国土挂〔2016〕7号拉萨市国有建设用地使用权挂牌出让公告,拉萨市公共资源交易中心,2016/4/19 0:00,|2016-2,|高新区栖慧大道以东，栖创路以南，柳南大道以西、柳创路以北（G―04―38）,|67951,|工业,|50,|不大于1.5不小于1.0,|不小于25%,|不大于60%不小于30%,,|625.1492,|1562.8730,,,2020/5/6 18:14,http://ggzy.lasa.gov.cn/Article/ArticleDetail?id=33392,283dbf8299d51fc3a3db0380e77e9fda
拉公共国土挂〔2016〕6号拉萨市国有建设用地使用权挂牌出让公告,拉萨市公共资源交易中心,2016/4/19 0:00,|2016-1,|察古大道以东、新村南路以南、纬四路以西、北京大道以北（C―11―03）,|12291,|商业,|40,|不大于1.2,|不小于35%,|不大于30%,,|501.4728,|1253.6820,,,2020/5/6 18:15,http://ggzy.lasa.gov.cn/Article/ArticleDetail?id=33391,f9e065b36a287dda16ca2cad57eae5a3
拉公共国土挂〔2016〕14号拉萨市国有建设用地使用权公开出让公告,拉萨市公共资源交易中心,2016/6/6 0:00,|2015-16|2016―9|2016―17|2016―18|2016―19|2016―20|2016―21,|城关区北绕城路以西，西二路以东，加荣路以北|城关区扎基东路以南，夺底路以东|高新区柳创路以南，栖慧大道以东(G-02-49)|高新区扎德路以南，栖慧大道以东(G-02-57)|高新区通慧路以西，栖琼路以北，藏创大道以东(G-03-03)|高新区栖慧大道以东，柳南大道以西，云慧路以北、南外环快速路以南(G-04-02)|城关区东三路以东，学府路以南，区教育厅北侧,,,|70年|70年|50年|50年|50年|50年|居住70年商业40年,|不大于1.5―2.0|不大于1.0―1.5|不大于1.5|不大于1.5|不大于1.5|不大于1.5|不大于3.0,|不小于35%|不小于35%|不大于20%|不大于20%|不大于20%|不大于20%|不小于30%,|不大于30%|不大于30%|不大于50%|不大于50%|不大于50%|不大于50%|不大于40%,|不大于50米|不大于18米|不大于18米|不大于18米|不大于18米|不大于18米|不高于50米,|1028.1240|513.68016|184.9584|177.3596|318.7712|511.6232|居住：2237.3760商业：559.3440总保证金2796.7200,,|50万元|50万元|50万元|50万元|50万元|50万元|50万元,,2020/5/6 18:15,http://ggzy.lasa.gov.cn/Article/ArticleDetail?id=38706,70b8460fbf499d97433ee5b553df260b
（拉公共国土挂〔2016〕15号）拉萨市国有建设用地使用权公开出让公告,拉萨市公共资源交易中心,2016/8/23 0:00,|2016-22号|2016-23号|2016-24号|2016-25号|2016-26号|2015-15号,|城关区纳金路以南，江冲路以东|城关区纳金路以北，热嘎曲国路以|城关区纳金路以南，江冲路以东|城关区纳金路以北，热嘎曲国路以西|城关区纳金路以北，热嘎曲国路以西，团结路以南|城关区劳动路以北，江冲路以西,,,|70|70|40|40|70|70,|不大于3.0|不大于3.0|不大于3.0|不大于2.5|不大于3.0|不大于1.5,|不小于35|不小于35|不小于30|不小于20|不小于35|不小于35,|不大于30|不大于30|不大于40|不大于30|不大于30|不大于30,|不高于50|不高于50|不高于50|不高于50|不高于50|不大于50,|160.0320|1138.5271|72.4800|336.0000|340.1190|611.4720,,|50|50|50|50|50|50,,2020/5/6 18:15,http://ggzy.lasa.gov.cn/Article/ArticleDetail?id=41144,f2261bb7acfe94659a219c48c08a9c7c
拉公共经开挂〔2016〕1号拉萨市国有建设用地使用权挂牌出让公告,拉萨市公共资源交易中心,2016/8/26 0:00,|JKQ2016-1|JKQ2016-2|JKQ2016-3|JKQ2016-4|JKQ2016-5|JKQ2016-6|JKQ2016-7,|拉萨经济技术开发区B区园区南路以北、拉青路以东地块内|拉萨经济技术开发区B区乃岗路以北、拉青西一路以西地块内|拉萨经济技术开发区B区乃岗路以北、拉青西二路以东地块内|拉萨经济技术开发区B区乃岗路以北、拉青西二路以东地块内|拉萨经济技术开发区B区拉青西一路以西、乃岗路以南地块内|拉萨经济技术开发区B区拉青西一路以西、乃岗路以南地块内|拉萨经济技术开发区B区乃岗路以北、拉青东二路以西,|6667|23334|6667|6667|10000|4667|13334,|工业|工业|工业|工业|工业|工业|工业,|50|50|50|50|50|50|50,|不低于1.0|不低于1.0|不低于1.0|不低于1.0|不低于1.0|不低于1.0|不低于1.0,|15%―20%|15%―20%|15%―20%|15%―20%|15%―20%|15%―20%|15%―20%,|不低于35%|不低于35%|不低于35%|不低于35%|不低于35%|不低于35%|不低于35%,,|101.605|355.61778|101.605|101.605|152.4076|71.1250|204.2768,|254.0127|889.04445|254.0127|254.0127|381.01905|177.8127|510.6922,,,2020/5/6 18:15,http://ggzy.lasa.gov.cn/Article/ArticleDetail?id=41194,5ea407c6b483cb8955055f65fb92832f
西藏文化旅游创意园区管委会国有建设用地使用权挂牌出让公告,拉萨市公共资源交易中心,2016/9/22 0:00,|2016-9|其它说明：建筑限高、建筑退线、建筑间距、抗震烈度、机动车出入口等严格按照市城乡规划局下发的《规划设计条件》执行。,|文成大道以西、慧谷大道以北（CT04--75）,|30382,|商业设施用地,|40年,,|不小于35%,|不大于35%,|不大于25米,|1421.8776,|3554.6940,,,2020/5/6 18:15,http://ggzy.lasa.gov.cn/Article/ArticleDetail?id=41352,254f94a93d0a098ab7a1dca324aa3ede
（拉公共国土挂〔2016〕16号）拉萨市国有建设用地使用权公开出让公告,拉萨市公共资源交易中心,2016/10/14 0:00,|2016-27|2016-28|2016-29|2016-31|2016-32|2016-33|2016-34|2016-35|2016-36|2016-37|2016-44|2016-46|2016-47|2016-48,|北绕城路以北，藏热北路以西|拉萨顿珠金融产业园发展路以南，金融路以北，格桑路以北|拉萨顿珠金融产业园创业路以南，发展路以西，格桑路以东|拉萨顿珠金融产业园318国道以南，发展路以西，奋进路以北|拉萨顿珠金融产业园创业路以北，发展路以西，奋进路以南|拉萨顿珠金融产业园发展路以南，金融路以西，格桑路以北|拉萨顿珠金融产业园望寺路以东，格桑路以南|拉萨顿珠金融产业园格桑路以南，观山路以东|拉萨顿珠金融产业园格桑路以南，观山路以东，望寺路以西|拉萨顿珠金融产业园观山路与望寺路交接口东南侧|拉萨顿珠金融产业园318国道以南，格桑路以西|拉萨顿珠金融产业园望寺路以西|拉萨顿珠金融产业园望寺路以东|拉萨顿珠金融产业园318国道以南，奋进路以北，腾飞路以西,,,|70|40|40|40|40|40|40|40|40|40|70|40|40|40,|不大于1.8|不大于2.5|不大于4.5|不大于4.5|不大于4.5|不大于4.5|不大于0.8|不大于1.2|不大于4.0|不大于0.8|不大于2.5|不大于1.2|不大于0.8|不大于4.5,|不小于30|不小于25|不小于25|不小于25|不小于25|不小于25|不小于20|不小于25|不小于25|不小于20|不小于35|不小于25|不小于20|不小于25,|不大于35|不大于50|不大于35|不大于35|不大于35|不大于35|不大于40|不大于35|不大于35|不大于40|不大于28|不大于35|不大于40|不大于35,|不大于21|不大于24|不大于50|不大于50|不大于50|不大于50|不大于12|不大于24|不高于60|不大于12|不高于50|不高于24|不高于12|不高于50,|2310.7980|781.0276|4236.2040|4822.5548|6191.3964|3540.6040|397.4400|2398.4160|4081.0536|544.4280|3133.0416|934.9942|525.6962|3461.2908,,|50|50|50|50|50|50|50|50|50|50|50|50|50|50,,2020/5/6 18:15,http://ggzy.lasa.gov.cn/Article/ArticleDetail?id=41539,8aa43cd1e386aa2a6980cbb295ae04f5
拉公共经开挂〔2016〕2号拉萨市国有建设用地使用权挂牌出让公告,拉萨市公共资源交易中心,2016/10/27 0:00,|JKQ2016-8|JKQ2016-9|JKQ2016-10|JKQ2016-11|JKQ2016-12|JKQ2016-13,|拉萨经济技术开发区A区拉贡公路以东、林琼岗路以北地块内|拉萨经济技术开发区A区堆龙河以北、污水处理厂用地以西地块内|拉萨经济技术开发区A区污水处理厂路以南、污水处理厂用地以西地块内|拉萨经济技术开发区B区北环路以东、拉青东四路以南地块内|拉萨经济技术开发区B区拉青路以东、园区南路以北地块内|拉萨经济技术开发区B区柳东路以东、B区南环路以北、拉青西二路以西地块内,|30800|13333.33|8000|40000|21534|86671,|商业|商业|商业|居住|工业|居住,|40|40|40|70|50|70,|不大于2.5|不大于2.0|不低于2.0|不大于3.5|不低于1.0|不大于3.5,|不小于30%|不小于30%|不小于30%|不小于30%|15%―20%|不小于30%,|不大于45%|不大于45%|不大于45%|不大于20%|不低于35%|不大于25%,,|1650.8883|608.0030|368.0184|1830.4092|334.2077|3966.0650,|4127.2207|1520.0076|920.0460|4576.0229|835.5192|9915.1624,,,2020/5/6 18:15,http://ggzy.lasa.gov.cn/Article/ArticleDetail?id=41668,9a4f27aadf9c4e9576212d8630eb3138
（拉公共国土挂〔2016〕17号）拉萨市国有建设用地使用权公开出让公告,拉萨市公共资源交易中心,2016/10/28 0:00,|2016―49|2016―50,|城关区夺底路以西，环城路（北段）以南|城关区藏热北路以西，城关区建筑总公司以北,,,|40|70,|不大于1.2|不大于1.8,|不小于30|不小于30,|不大于25|不大于35,|不高于32|不高于21,|2207.5357|807.1496,,|50|50,,2020/5/6 18:15,http://ggzy.lasa.gov.cn/Article/ArticleDetail?id=41680,f1530781b9ffa9fca7d3a02dae9cb54a
拉文创管挂〔2016〕3号西藏文化旅游创意园区管委会国有建设用地使用权挂牌出让公告,拉萨市公共资源交易中心,2016/11/11 0:00,|2016-10|2016-11|2016-12|2016-13|其它说明：建筑限高、建筑退线、建筑间距、抗震烈度、机动车出入口等严格按照市城乡规划局下发的《规划设计条件》执行。,|文成大道以西、云天路以南（CT04--59）|达瓦路以南、林卡路以东（CT04--69）|文成大道以西、达瓦路以南（CT04--93）|慧谷大道以南、香巴拉逸心谷2#片区（CT06--05）,|15228|70746|38766|14878,|商业设施用地|旅游休闲用地|旅游休闲用地|旅游休闲用地,|商业40年|商业40年|商业40年|商业40年,,|不小于35%|50%|40%|40%,|不大于40%|20%|30%|30%,|不大于25米|25|25|36,|730.9440|2079.9324|1139.7204|437.4132,|1827.3600|5199.8310|2849.3010|1093.5330,,,2020/5/6 18:15,http://ggzy.lasa.gov.cn/Article/ArticleDetail?id=41809,8bef04ff4a644efbd496b9909aee0918
拉萨市国有建设用地使用权挂牌出让公告,国土局、交易中心,2016/11/14 0:00,|2016-28|2016-29|2016―30|2016-31|2016-32|2016-33|2016-34|2016-35|2016-36|2016-37|2016-38|2016-39|2016-40|2016-41|2016-42|2016-43|2016-44|2016―45|2016-46|2016-47|2016-48|以上21宗土地共477703平方米（合716.55亩）|以上地块的建筑退线、建筑间距、抗震烈度、机动车出入口等严格按照《规划设计条件》执行。2、本公告自2016年11月14日起至2016年12月3日止。挂牌期自2016年12月4日至2016年12月13日下午18:00分止。,|拉萨顿珠金融产业园发展路以南，金融路以西，格桑路以北|拉萨顿珠金融产业园创业路以南，发展路以西，格桑路以东|拉萨顿珠金融产业园创业路以北，腾飞路以东，奋进路以南|拉萨顿珠金融产业园318国道以南，发展路以西，奋进路以北|拉萨顿珠金融产业园创业路以北，发展路以西，奋进路以南|拉萨顿珠金融产业园发展路以南，金融路以西，格桑路以北|拉萨顿珠金融产业园望寺路以东，格桑路以南|拉萨顿珠金融产业园格桑路以南，观山路以东|拉萨顿珠金融产业园格桑路以南，观山路以东，望寺路以西|拉萨顿珠金融产业园观山路与望寺路交接口东南侧|拉萨顿珠金融产业园金融路以东，创业路以南，腾飞路以西|拉萨顿珠金融产业园格桑路以北，腾飞路以南，金融路以东|拉萨顿珠金融产业园格桑路以西，创业路以南，腾飞路以东|拉萨顿珠金融产业园创业路以南，腾飞路以北，金融路以东|拉萨顿珠金融产业园腾飞路以南，格桑路以北，金融路以东|拉萨顿珠金融产业园318国道以南，腾飞路以东|拉萨顿珠金融产业园318国道以南，格桑路以西|拉萨顿珠金融产业园奋进路以南，格桑路以东|拉萨顿珠金融产业园望寺路以西|拉萨顿珠金融产业园望寺路以东|拉萨顿珠金融产业园318国道以南，奋进路以北，腾飞路以西|125137.7703,,,|40|40|40|40|40|40|40|40|40|40|40|40|40|40|40|40|70|70|40|40|40,|不大于2.5|不大于4.5|不大于4.5|不大于4.5|不大于4.5|不大于4.5|不大于0.8|不大于1.2|不大于4.0|不大于0.8|不大于5.0|不大于4.5|不大于4.5|不大于2.5|不大于2.5|不大于4.5|不大于2.5|不大于2.5|不大于1.2|不大于0.8|不大于4.5,|不小于25|不小于25|不小于25|不小于25|不小于25|不小于25|不小于20|不小于25|不小于25|不小于20|不小于25|不小于25|不小于25|不小于25|不小于25|不小于25|不小于35|不小于35|不小于25|不小于20|不小于25,|不大于50|不大于35|不大于35|不大于35|不大于35|不大于35|不大于40|不大于35|不大于35|不大于40|不大于35|不大于35|不大于35|不大于50|不大于50|不大于35|不大于28|不大于28|不大于35|不大于40|不大于35,|不大于24|不大于50|不大于50|不大于50|不大于50|不大于50|不大于12|不大于24|不大于60|不大于12|不大于100|不大于50|不大于50|不大于24|不大于24|不大于50|不大于50|不大于50|不高于24|不高于12|不高于50,|1321.3760|7556.4720|8505.5520|8605.2056|11047.7208|6315.6720|753.6640|4521.1520|7332.0624|1032.3968|5162.8320|5933.8733|4261.3863|1625.4720|1420.1006|7375.0747|5527.2672|2934.6463|1723.8168|927.4038|6182.0695,,|50|50|50|50|50|50|50|50|50|50|50|50|50|50|50|50|50|50|50|50|50,,2020/5/6 18:15,http://ggzy.lasa.gov.cn/Article/ArticleDetail?id=41816,aa3f1e192b695872cf5f55deaea98c2e
拉经开拍字〔2016〕4号拉萨市国有建设用地使用权拍卖出让公告,拉萨市公共资源交易中心,2016/11/22 0:00,|JKQ2016-16号,|拉萨经济技术开发区B区拉青路以东、B区北环路以北地块内,|31863平方米,,|居住70年,|不高于2.4,|不低于30,|不高于28,|不大于36,|1083.3420万元,|27083550元,|50万元,：|该宗地为47.8亩。用途为住宅，出让年限为，住宅70年。,2020/5/6 18:15,http://ggzy.lasa.gov.cn/Article/ArticleDetail?id=41881,0de063109ed5bde913a6f9d9e2d582c0
拉公共经开挂〔2016〕3号拉萨市国有建设用地使用权挂牌出让公告,拉萨市公共资源交易中心,2016/11/22 0:00,|JKQ2016-15|JKQ2016-17,|拉萨经济技术开发区B区柳东路以东、园区南路以北、B区南环路以南地块内|拉萨经济技术开发区A区漕河泾路以北、林琼岗东一路以西地块内,|64666.67|6667,|工业|商业,|50|40,|不低于1.0|不大于2.0,|15%―20%|不小于30%,|不低于35%|不大于50%,,|982.9825|311.2156,|2457.4562|778.0389,,,2020/5/6 18:15,http://ggzy.lasa.gov.cn/Article/ArticleDetail?id=41880,6bca62589263032591c07b172fd89e24
(拉公共柳梧国土挂(2016)1号)拉萨市柳梧新区国有建设用地使用权公开出让公告,柳梧,2016/12/7 0:00,|2016-（柳）3号|2016-（柳）4号|2016-（柳）5号|2016-（柳）6号|2016-（柳）7号|2016-（柳）8号|2016-（柳）9号|2016-（柳）10号,|柳梧中组团纳慧路以西、栖琼路以北、通慧路以东、南环快速通道以南|柳梧中组团栖慧大道以西、栖琼路以北、纳慧路以东、南环快速通道以南|柳梧中组团通慧路以西、云慧路以北、藏创大道以东、栖琼路以南|柳梧中组团纳慧路以西、云慧路以北、通慧路以东、栖琼路以南|柳梧中组团栖慧大道以西、云慧路以北、纳慧路以东、栖琼路以南|柳梧中组团通慧路以西、西慧路以北、藏创大道以东、云慧路以南南(G-04-02)|柳梧中组团南环快速路以北|柳梧中组团南外环快速通道以北,,,|50年|50年|50年|50年|50年|50年|50年|50年,|1.0-1.5|1.0-1.5|1.0-1.5|1.0-1.5|1.0-1.5|1.0-1.5|1.0-1.5|1.0-1.5,|不小于25%|不小于25%|不小于25%|不小于25%|不小于25%|不小于25%|不小于25%|不小于25%,|30%-60%|30%-60%|30%-60%|30%-60%|30%-60%|30%-60%|30%-60%|30%-60%,|不大于18米|不大于18米|不大于18米|不大于18米|不大于18米|不大于18米|不大于18米|不大于18米,,|8094570元|7827270元|5707900元|6690640元|7887440元|4300340元|3623730元|11245850元,|50万元|50万元|50万元|50万元|50万元|50万元|50万元|50万元,,2020/5/6 18:15,http://ggzy.lasa.gov.cn/Article/ArticleDetail?id=41986,d458bdb990969f0f27eb56ac89d41459
（拉公共柳梧国土挂〔2017〕1号）拉萨市国有建设用地使用权公开出让公告,拉萨市公共资源交易中心,2017/1/4 0:00,|2016-（柳）1号|2016-（柳）12号|2016-（柳）13号,|柳梧高新区扎德路以南、栖慧大道以东|柳梧北组团柳梧大道以东，新村北路以北|柳梧北组团柳梧大道以东，新村北路以南,,,|50年|40年|40年,|1.0-1.5|不大于1.5|不大于1.5,|不小于25%|不小于30%|不小于30%,|30%-60%|不大于40%|不大于40%,|不大于18米|不大于15米|不大于15米,,|6530058元|29245440元|12403040元,|50万元|50万元|50万元,,2020/5/6 18:15,http://ggzy.lasa.gov.cn/Article/ArticleDetail?id=42113,da73daa22164d50be8a73e01037f48ee
拉萨市国有建设用地使用权公开出让公告,拉萨市公共资源交易中心,2017/2/24 0:00,|2016-（柳）14号|2016-（柳）15号|2016-（柳）16号|2016-（柳）17号|2016-（柳）18号|2016-（柳）19号|2016-（柳）20号|2016-（柳）21号|2016-（柳）22号|2016-（柳）23号,|柳梧新区北组团世纪大道以北，察古大道以东|柳梧北组团柳梧大道延伸段南侧、武警一支队以西|柳梧新区中组团柳创路以南、栖慧大道以西|柳梧新区中组团扎德路以南、柳慧路以西|柳梧新区中组团柳南大道以东|柳梧新区中组团藏创大道以东、柳创路以南、柳慧路以西|柳梧新区中组团藏创大道以东、柳创路以南、柳慧路以西|柳梧新区中组团扎德路以南、栖慧大道以西|柳梧新区中组团扎德路以南、栖慧大道以西|柳梧新区中组团扎德路以南、栖慧大道以西,,,|商业40年；住宅70年|40年|50年|50年|50年|50年|50年|50年|50年|50年,|不大于2.4|不大于1.5|1.0-1.5|1.0-1.5|1.0-1.5|1.0-1.5|1.0-1.5|1.0-1.5|1.0-1.5|1.0-1.5,|不小于30%|不小于30%|不小于25%|不小于25%|不小于25%|不小于25%|不小于25%|不小于25%|不小于25%|不小于25%,|不小于30%|不大于40%|30%-60%|30%-60%|30%-60%|30%-60%|30%-60%|30%-60%|30%-60%|30%-60%,|不大于32米|不大于15米|不大于18米|不大于18米|不大于18米|不大于18米|不大于18米|不大于18米|不大于18米|不大于18米,,|93108760元|59911470元|5661893.1元|4960571元|2066770元|1066560元|2133440元|529239.16元|2116480.42元|3357668.48元,|50万元|50万元|50万元|50万元|50万元|50万元|50万元|50万元|50万元|50万元,,2020/5/6 18:15,http://ggzy.lasa.gov.cn/Article/ArticleDetail?id=42268,bec3a525f09277638f63e537184471f3
拉公共经开挂〔2017〕1号拉萨市国有建设用地使用权挂牌出让公告,拉萨市公共资源交易中心,2017/3/15 0:00,|JKQ2017-1|JKQ2017-2|JKQ2017-3|JKQ2017-4,|拉萨经济技术开发区A区林琼岗路以西、广州路以北地块内|拉萨经济技术开发区B区拉青西一路以西、B区北环路以北地块内|拉萨经济技术开发区B区乃岗路以南、拉青西一路以西地块内|拉萨经济技术开发区B区柳东路以西、西环路以南地块内,|24667|11856.9|20000|68887.2,|工业|工业|工业|仓储物流,|50|50|50|50,|不低于1.0|不低于1.0|不低于1.0|不低于1.0,|15%―20%|15%―20%|15%―20%|15%―20%,|不低于35%|不低于35%|不低于35%|不低于30%,,|372|180|301|1152,|927.59|448.1909|752.1|2879.8071,,,2020/5/6 18:15,http://ggzy.lasa.gov.cn/Article/ArticleDetail?id=42313,d5474dd23f4110795473aebb7ccd2b3c
拉萨市国有建设用地使用权挂牌出让公告（拉公共国土挂〔2017〕1号）,拉萨市公共资源交易中心,2017/5/9 0:00,|LSGT2017-7|LSGT2017-8|1、LSGT2017-7号地块建筑限高不高于15米（局部不得超过20米，超过15米部分正投影占地面积不得大于用地面积的5%）。2、LSGT2017-7号、LSGT2017-8号地块的建筑退线、建筑间距、抗震烈度、机动车出入口等严格按照《规划设计条件》执行。,|城关区东三路以东，学府路以北，会展路以西|城关区会展路以南，学府路以北，滨河路以西,,,|40|70,|不大于1.2|不大于2.0,|不小于30|不小于30,|不大于35|不大于30,|不高于15|不高于40,|1940.5809|3776.0174,,,,2020/5/6 18:15,http://ggzy.lasa.gov.cn/Article/ArticleDetail?id=42657,2e593dca67a0d7d9ed8846cd2dc42fe9
拉公共国土挂〔2015〕27号拉萨市国有建设用地使用权挂牌出让公告,拉萨市公共资源交易中心,2015/12/4 0:00,|2015-30,|318国道以南，蔡公堂寺以西,|52087.9平方米（合78.1亩）,|居住用地,|70,|不大于2.0,|不小于35%,|不大于30%,,|2187.6918,|5469.2295,,,2020/5/6 18:15,http://ggzy.lasa.gov.cn/Article/ArticleDetail?id=29492,eec111104a4b1d6baa20cde773f52ba1
拉公共国土挂〔2015〕7号拉萨市国有建设用地使用权挂牌出让公告,拉萨市公共资源交易中心,2015/7/23 0:00,|2015-11,|夺底路以西，规划支路以南（原市公安局国保支队）,|8243(合：12.36亩),|商业,|40年,|不大于2.2,|不小于25%,|不大于45%,,|1041.9152,|2604.7880,,,2020/5/6 18:15,http://ggzy.lasa.gov.cn/Article/ArticleDetail?id=23836,b3bdf4a1ca71de101ed804d9103e37af
拉萨市国有建设用地使用权挂牌出让公告,拉萨市公共资源交易中心,2015/3/27 0:00,|2014-11,|慈松堂路以北，娘热路以西，曲米路以东,|14869,|居住,|70,|不大于1.2,|不小于30%,|不大于30%,,|236.4171,|788.057,,,2020/5/6 18:15,http://ggzy.lasa.gov.cn/Article/ArticleDetail?id=20344,16e1f4c7f800a4be544c790e9dffaa27
拉公共国土挂〔2015〕4号拉萨市国有建设用地使用权挂牌出让公告,拉事实上公告资源交易中心,2015/5/13 0:00,|2014-7,|教育城学子梅香路以东、学海路以南,|114733(合：172.10亩),|居住用地,|70,|不大于2.4,|不小于40%,|不大于30%,,|5507 1840,|13767 9600,,,2020/5/6 18:15,http://ggzy.lasa.gov.cn/Article/ArticleDetail?id=21222,57a494fb9f4a71ac241e7afecdd57440
拉公共国土挂〔2015〕3号拉萨市国有建设用地使用权挂牌出让公告,拉萨市公共资源交易中心,2015/5/13 0:00,|2014-6,|教育城学子路以东，318国道以北,|97976(合：146.97亩),|居住用地,|70,|不大于2.4,|不小于40%,|不大于30%,,|4702 8480,|11757，1200,,,2020/5/6 18:15,http://ggzy.lasa.gov.cn/Article/ArticleDetail?id=21221,6e700b77a5fed68e4c931857cca0d542
拉公共国土挂〔2015〕15号拉萨市国有建设用地使用权挂牌出让公告,拉萨市公共资源交易中心,2015/7/23 0:00,|2015-7,|西藏文化旅游创意园区文成大道以东，宝瓶路以西CT03-44,|3000(合：4.5亩),|商业设施用地,|40年,|不大于1.5,|不小于15%,|不大于55%,,|126.0000,|315.0000,,,2020/5/6 18:15,http://ggzy.lasa.gov.cn/Article/ArticleDetail?id=23844,3263371979e441410f2469c77994d614
拉公共国土挂〔2015〕14号拉萨市国有建设用地使用权挂牌出让公告,拉萨市公共资源交易中心,2015/7/23 0:00,|2015-6,|西藏文化旅游创意园区文成大道以东，宝瓶路以西CT03-52,|2029(合：3.05亩),|商业设施用地,|40年,|不大于1.5,|不小于35%,|不大于40%,,|85.2180,|213.0450,,,2020/5/6 18:15,http://ggzy.lasa.gov.cn/Article/ArticleDetail?id=23843,1841dceee12ad0a689caedc92e0c3c24
拉公共国土挂〔2015〕13号拉萨市国有建设用地使用权挂牌出让公告,拉萨市公共资源交易中心,2015/7/23 0:00,|2015-5,|西藏文化旅游创意园区文成大道以东，宝瓶路以西CT03-41,|6728(合：10.1亩),|商业设施用地,|40年,|不大于1.6,|不小于15%,|不大于45%,,|282.5760,|706.4400,,,2020/5/6 18:15,http://ggzy.lasa.gov.cn/Article/ArticleDetail?id=23842,de79a0f3438ce0249f2cdfe6e55732aa
拉公共国土挂〔2015〕12号拉萨市国有建设用地使用权挂牌出让公告,拉萨市公共资源交易中心,2015/7/23 0:00,|2015-4,|西藏文化旅游创意园区文成大道以东，宝瓶路以西CT03-43,|13045(合：19.57亩),|娱乐用地,|40年,|不大于1.8,|不小于15%,|不大于55%,,|547.8900,|1369.7250,,,2020/5/6 18:15,http://ggzy.lasa.gov.cn/Article/ArticleDetail?id=23841,124a2341e67c131d3b78991c175d4ca5
拉公共国土挂〔2015〕11号拉萨市国有建设用地使用权挂牌出让公告,拉萨市公共资源交易中心,2015/7/23 0:00,|2015-3,|西藏文化旅游创意园区宝瓶路以东CT03-50,|13954(合：20.93亩),|商业设施用地,|40年,|不大于2.0,|不小于35%,|不大于35%,,|586.0680,|1465.1700,,,2020/5/6 18:15,http://ggzy.lasa.gov.cn/Article/ArticleDetail?id=23840,3a04fe599d4c929cbb65fc1cc3334eaf
拉公共国土挂〔2015〕9号拉萨市国有建设用地使用权挂牌出让公告,拉萨市公共资源交易中心,2015/7/23 0:00,|2015-13,|林聚路以东，规划支路以北（原市人民检察院）,|10050(合：15.08亩),|居住,|70年,|不大于2.0,|不小于30%,|不大于35%,,|683.8020,|1709.5050,,,2020/5/6 18:15,http://ggzy.lasa.gov.cn/Article/ArticleDetail?id=23838,e887282fc01365b8301fc39c452ab040
拉公共国土挂〔2015〕8号拉萨市国有建设用地使用权挂牌出让公告,拉萨市公共资源交易中心,2015/7/23 0:00,|2015-12,|扎基东路以南，夺底路以东,|26459(合：39.69亩),|居住,|70年,|不大于1.0――1.5,|不小于35%,|不大于30%,,|1022.3758,|2555.9394,,,2020/5/6 18:15,http://ggzy.lasa.gov.cn/Article/ArticleDetail?id=23837,e3a16f8772b62373a08398e1fa660f09
拉公共国土挂〔2015〕6号拉萨市国有建设用地使用权挂牌出让公告,拉萨市公共资源交易中心,2015/7/23 0:00,|2015-10,|娘热路北段以东，色拉北路以南（原市公安局交警支队车辆管理所）,|18098(合：27.15亩),|居住用地,|70年,|不大于1.5,|不小于30%,|不大于35%,,|238.8936,|597.2340,,,2020/5/6 18:15,http://ggzy.lasa.gov.cn/Article/ArticleDetail?id=23835,bea5a102397b261cdf9518939f4af148
拉公共国土挂〔2015〕5号拉萨市国有建设用地使用权挂牌出让公告,拉萨市公共资源交易中心,2015/7/23 0:00,|2015-9,|柳梧新区金山南路以东，银山南路以西，民安街以北,|16326.5(合：24.49亩),|商住混合用地,|商业40年，居住70年,|不大于4.2,|不小于30%,|不大于35%,,|522.4480,|1306.1200,,,2020/5/6 18:15,http://ggzy.lasa.gov.cn/Article/ArticleDetail?id=23834,e9151fe8c043f737ecd435353c92796e
拉公共国土挂〔2015〕22号拉萨市国有建设用地使用权挂牌出让公告,拉萨市公共资源交易中心,2015/11/25 0:00,|2015-25,|学府路南侧，江冲路以东、藏大路以北,|49926(合：74.00亩),|居住用地,|70,|不大于2.8,|不小于35%,|不大于25%,,|2544.22896,|6360.5724,,,2020/5/6 18:15,http://ggzy.lasa.gov.cn/Article/ArticleDetail?id=28419,e3e7b625fdeab70d849ef48870f2cf95
拉公共国土挂〔2015〕21号拉萨市国有建设用地使用权挂牌出让公告,拉萨市公共资源交易中心,2015/11/25 0:00,|2015-24,|书山路以北，滨河路以南,|111512(合：167.20亩),|居住用地,|70,|不大于2.4,|不小于35%,|不大于30%,,|5147.39392,|12868.4848,,,2020/5/6 18:15,http://ggzy.lasa.gov.cn/Article/ArticleDetail?id=28418,b90a4cd108a7a0df5ee2461153908bc8
拉公共国土挂〔2015〕20号拉萨市国有建设用地使用权挂牌出让公告,拉萨市公共资源交易中心,2015/11/25 0:00,|2015-23,|书山路以北，滨河路以南,|98534(合：147.8亩),|居住用地,|70,|不大于2.4,|不小于35%,|不大于30%,,|4311.84784,|10779.6196,,,2020/5/6 18:15,http://ggzy.lasa.gov.cn/Article/ArticleDetail?id=28417,8c03849c06a94797c3f2d7473b8b937f
拉公共国土挂〔2015〕19号拉萨市国有建设用地使用权挂牌出让公告,拉萨市公共资源交易中心,2015/11/25 0:00,|2015-22,|书山路以北，滨河路以南,|169448(合：254.10亩),|居住用地,|70,|不大于2.4,|不小于35%,|不大于30%,,|7618.38208,|19045.9552,,,2020/5/6 18:15,http://ggzy.lasa.gov.cn/Article/ArticleDetail?id=28416,8d41dc48678500701b6531912f102b29
拉公共国土挂〔2015〕23号拉萨市国有建设用地使用权挂牌出让公告,拉萨市公共资源交易中心,2015/11/25 0:00,|2015-26,|滨河路以北,|181905(合：273.00亩),|居住用地,|70,|不大于2.8,|不小于35%,|不大于25%,,|9269.8788,|23174.6970,,,2020/5/6 18:15,http://ggzy.lasa.gov.cn/Article/ArticleDetail?id=28415,fb347855fc7f9ab21d55b9fcc634e801
拉公共国土挂〔2015〕29号拉萨市国有建设用地使用权挂牌出让公告,拉萨市公共资源交易中心,2015/12/4 0:00,|2015-31,|纳金路以北、热嘎曲果路以西,|2638平方米（合4亩）,|商业用地,|40,|不大于2.0,|不小于20%,|不大于50%,,|158.28,|395.7,,,2020/5/6 18:15,http://ggzy.lasa.gov.cn/Article/ArticleDetail?id=29494,ac9960489bf4a98d9beee16e047590d5
拉公共国土挂〔2015〕28号拉萨市国有建设用地使用权挂牌出让公告,拉萨市公共资源交易中心,2015/12/4 0:00,|2015-31,|318国道以南，蔡公堂寺以西,|38236.6平方米（合57.4亩）,|居住用地,|70,|不大于2.0,|不小于35%,|不大于30%,,|1720.6470,|4301.6175,,,2020/5/6 18:15,http://ggzy.lasa.gov.cn/Article/ArticleDetail?id=29493,acf9375ebf133884695e1c93c64fe39f
拉公共国土挂〔2015〕26号拉萨市国有建设用地使用权挂牌出让公告,拉萨市公共资源交易中心,2015/12/4 0:00,|2015-29,|318国道以南，蔡公堂寺以西,|45189.6平方米（合67.8亩）,|商业用地,|40,|不大于3.5,|不小于30%,|不大于35%,,|1897.9632,|4744.9080,,,2020/5/6 18:15,http://ggzy.lasa.gov.cn/Article/ArticleDetail?id=29491,167d3598686890d5e6549c3d9591ebd0
拉公共国土挂〔2015〕25号拉萨市国有建设用地使用权挂牌出让公告,拉萨市公共资源交易中心,2015/12/4 0:00,|2015-28,|318国道以南，蔡公堂寺以西,|52790.7平方米（合79.2亩）,|商业用地,|40,|不大于3.5,|不小于30%,|不大于35%,,|2692.32572,|6730.8143,,,2020/5/6 18:15,http://ggzy.lasa.gov.cn/Article/ArticleDetail?id=29490,a2c3acfb4e51d2881d8b9a4faa1450f8
拉公共国土挂〔2015〕24号拉萨市国有建设用地使用权挂牌出让公告,拉萨市公共资源交易中心,2015/12/4 0:00,|2015-27,|318国道以南，蔡公堂寺以西,|147627.8平方米（合221.4亩）,|商业用地,|40,|不大于3.5,|不小于30%,|不大于35%,,|7529.0178,|18822.5445,,,2020/5/6 18:15,http://ggzy.lasa.gov.cn/Article/ArticleDetail?id=29489,d357649b8dbf77ba2345d2604678961c
拉公共国土挂〔2015〕31号拉萨市国有建设用地使用权挂牌出让公告,拉萨市公共资源交易中心,2015/12/21 0:00,|2015-21,|柳梧新区海湾路（1-7）路以西（C-09-01）,|40639平方米（60.958亩）,|工业用地,|50,|不大于0.8,|不小于40%,|不大于30%,,|1072.8696,|2682.1740,,,2020/5/6 18:15,http://ggzy.lasa.gov.cn/Article/ArticleDetail?id=29587,329995c078679e25589d1ddd9b143a22
拉公共国土挂〔2015〕30号拉萨市国有建设用地使用权挂牌出让公告,拉萨市公共资源交易中心,2015/12/21 0:00,|2015-17,|劳动路以北、东三路以西,|6469平方米（合9.7亩）,|居住用地,|70,|不大于2.0,|不小于35%,|不大于30%,,|175.9568,|439.8920,,,2020/5/6 18:15,http://ggzy.lasa.gov.cn/Article/ArticleDetail?id=29586,16341e32cb96365e690755ad17851a7f
拉公共国土挂〔2016〕1号拉萨市国有建设用地使用权挂牌出让公告,拉萨市公共资源交易中心,2016/3/17 0:00,|2016-10,|拉萨市经济技术开发区A区格桑路以东，塔杰路以北，维色路以西，广州路以南,|71336,|工业,|50,|不低于1.0,|15%―20%,|不低于35%,,|1072.8935,|2682.2336,,,2020/5/6 18:15,http://ggzy.lasa.gov.cn/Article/ArticleDetail?id=32217,bc0f42d9bb32e1fa357b620f0c698cf7
拉公共国土挂〔2016〕2号拉萨市国有建设用地使用权挂牌出让公告,拉萨市公共资源交易中心,2016/3/17 0:00,|2016-11,|拉萨市经济技术开发区B区拉青东四路以南，B区北环路以西，园区南路以北，乃岗路以东,|93338,|工业,|50,|不低于1.0,|15%―20%,|不低于35%,,|1403.8035,|3509.5088,,,2020/5/6 18:15,http://ggzy.lasa.gov.cn/Article/ArticleDetail?id=32216,1114b7c049b4f98f96f9015e7f1b0126
拉公共国土挂〔2016〕3号拉萨市国有建设用地使用权挂牌出让公告,拉萨市公共资源交易中心,2016/3/17 0:00,|2016-12,|拉萨市经济技术开发区A区格桑路以南，西藏五彩金幡实业有限公司用地以北，开发区税务局用地以西，西藏金泰工贸有限公司用地以西北,|14000,|商业,|40,|不高于4.0,|不低于30%,|不低于35%,,|594.7200,|1486.8000,,,2020/5/6 18:15,http://ggzy.lasa.gov.cn/Article/ArticleDetail?id=32215,8aaefa6f002d0878df5b9b0357a07f6f
拉公共国土挂〔2016〕4号拉萨市国有建设用地使用权挂牌出让公告,拉萨市公共资源交易中心,2016/3/17 0:00,|2016-13,|拉萨市经济技术开发区A区苏州路以北，扎西路以东，西藏金凯新能源有限公司用地以西，西藏圣华堂有限公司用地以南,|13333,|商业,|40,|不高于4.0,|不低于30%,|不低于35%,,|566.3858,|1415.9646,,,2020/5/6 18:15,http://ggzy.lasa.gov.cn/Article/ArticleDetail?id=32214,352fd6b2c32566b2feba2374425ccb7b
西藏文化旅游创意园区管委会国有建设用地使用权挂牌出让公告(拉文创管挂〔2017〕7号),拉萨市公共资源交易中心,2017/11/25 21:51,|2017-08|2017-09|1、 其它说明：建筑限高、建筑退线、建筑间距、抗震烈度、机动车出入口等严格按照市城乡规划局下发的《规划设计条件》执行 2、本公告自2017年11月25日起 2017年12月14日止。挂牌期自2017年12月15日至12月24日下午16:30分止,|静思路以南，灵居路以北|静思路以南，灵居路以北,|59440|20000,|居住用地|居住用地,|居住：70年|居住：70年,|不大于1.8|不大于1.8,|不小于35%|不小于35%,|不大于30%|不大于30%,|不大于32米|不大于50米,|1859.2832|625.6000,|4648.2080|1564.0000,,,2020/5/6 18:15,http://ggzy.lasa.gov.cn/Article/ArticleDetail?id=46569,876833b9037684cbe15063697dd53700
拉萨市国有建设用地使用权拍卖出让公告（拉公共国土拍〔2017〕1号）,拉萨市公共资源交易中心,2017/10/17 17:37,,|城关区教育城书山路以南，百淀东路以西|城关区教育城书山路以南，丹墨路以东|城关区教育城百淀大道以北，,|32634平方米|46562平方米|92417平方米,,|70年|70年|70年,|不大于2.4|不大于2.4|不大于2.4,|不小于35|不小于35|不小于35,|不大于30|不大于30|不大于30,|不高于40|不高于40|不高于40,|44904384元|64777055元|130862472元,|56130480元|80971318元|163578090元,|100万元|100万元|100万元,：|建筑退让、建筑间距、机动车出口等严格按照《规划设计条件》执行。|建筑退让、建筑间距、机动车出口等严格按照《规划设计条件》执行。|① 该宗地必须配套建设幼儿园一所。,2020/5/6 18:15,http://ggzy.lasa.gov.cn/Article/ArticleDetail?id=46156,be46d215ed0852183cefe53b2a5f04da
拉文创管挂〔2017〕4号西藏文化旅游创意园区管委会国有建设用地使用权挂牌出让公告,拉萨市公共资源交易中心,2017/8/20 12:44,|2017-07|其它说明：建筑限高、建筑退线、建筑间距、抗震烈度、机动车出入口等严格按照市城乡规划局下发的《规划设计条件》执行。,|宝平路以东CT03-49,|22826,|商业设施用地,|商业：40年,|不大于1.5,|不小于20%,|不大于50%,|不大于15米,|1457.2120,|3643.0300,,,2020/5/6 18:15,http://ggzy.lasa.gov.cn/Article/ArticleDetail?id=44970,ed55bab804f15402009c085eb5d0f099
拉公共经开挂〔2017〕4号拉萨市国有建设用地使用权挂牌出让公告,拉萨市公共资源交易中心,2017/6/21 17:02,|JKQ2017-7,|拉萨经济技术开发区A区林琼岗东一路以西、漕河泾路延伸段以北地块内,|33059.1,|工业,|50,|不小于1.0,|不小于20%,|不小于30%,,|498,|1243.0222,,,2020/5/6 18:15,http://ggzy.lasa.gov.cn/Article/ArticleDetail?id=43701,7ef0e67aa7d22095e8ad7149e276ad38
