文件标题,信息时间,正文标题,公告编号,出让时间,公告类型,宗地编号,地块编号,宗地位置,宗地坐落,土地用途,规划土地用途,出让年限,使用年限,批准机关及文号,规划用地面积〔m2),规划面积(m2),出让面积(m2),出让用地面积(m2),宗地出让面积,建筑密度,容积率,绿地率,绿地率(%),建筑控制高度(m),建筑控制高度(米),建筑系数(%),投资强度(万元/公顷),土地估价备案号,是否省重点,现状土地条件,竞买保证金,竟买保证金(万元),起叫价,出让起始价(万元),加价幅度,是否设置保留价,挂牌开始时间,挂牌截止时间,获取出让文件时间,提交竞买申请时间,保证金截止时间,确认竞买资格时间,联系地址,联系电话,联系人,保证金账户开户单位/户名,保证金账户账号,保证金账户开户行,出让金账户开户单位/户名,出让金账户开户行,出让金账户账号,爬取地址url,唯一标识,
连城县自然资源局国有土地使用权拍卖出让公告,2019/10/25,连城县自然资源局国有土地使用权拍卖出让公告,,,出让公告,P2018-17,,,,商服用地―旅馆用地（旅馆，不可销售）,,,40年,连政综〔2018〕18号,6666,,,,,≤30,1.0＜＜1.35,,≥35,,,,,,,,160,,760,760,,,,,,,,,连城县莲峰镇东环北路28号,0597-3320230 ,揭业镔,,,,,,,2020/5/21,https://www.lyggzy.com.cn/lyztb/InfoDetail/?InfoID=fdb077d7-0925-4bf9-a13b-0c966b39e3e9&CategoryNum=084002,6c96c0bb7b189d089702d6593f25b1c7
龙岩市永定区自然资源局国有建设用地使用权挂牌出让公告,2019/12/31,龙岩市永定区自然资源局国有建设用地使用权挂牌出让公告,永自然资〔2019〕302号,,出让公告,2019-挂-19,,永定区大溪乡大溪村,,,工矿仓储用地-工业用地（通用设备制造业）,50年,,,,7648,7648,,,,1.0≤FAR≤3.0,,10%≤G≤20%,,,,,,,,,,,,,,2020年1月21日 8时0分0秒, 2020年2月11日17时0分0秒,,2019年12月31日 8时0分0秒至 2020年2月7日,2019年12月31日 8时0分0秒至 2020年2月7日,2019年12月31日 8时0分0秒至 2020年2月7日,龙岩市永定区自然资源局管制利用股 ；,0597-3011915 ；,土地利用股工作人员 ；,,,,,,,2020/5/21,https://www.lyggzy.com.cn/lyztb/InfoDetail/?InfoID=cbc55732-5045-45a5-b5d6-c6a7a2aebcc5&CategoryNum=084002,1774dfea3e5f304d80596c08d4f395e7
龙岩市永定区自然资源局国有建设用地使用权挂牌出让公告,2019/12/31,龙岩市永定区自然资源局国有建设用地使用权挂牌出让公告,永自然资〔2019〕302号,,出让公告,2019-挂-20,,永定区抚市镇基安村,,,工矿仓储用地-工业用地（橡胶和塑料制品业）,50年,,,,4000,4000,,,,1.1≤FAR≤3.0,,10%≤G≤20%,,,,,,,,,,,,,,2020年1月21日 8时0分0秒, 2020年2月11日17时0分0秒,,2019年12月31日 8时0分0秒至 2020年2月7日,2019年12月31日 8时0分0秒至 2020年2月7日,2019年12月31日 8时0分0秒至 2020年2月7日,龙岩市永定区自然资源局管制利用股 ；,0597-3011915 ；,土地利用股工作人员 ；,,,,,,,2020/5/21,https://www.lyggzy.com.cn/lyztb/InfoDetail/?InfoID=cbc55732-5045-45a5-b5d6-c6a7a2aebcc5&CategoryNum=084002,1774dfea3e5f304d80596c08d4f395e7
龙岩市永定区自然资源局国有建设用地使用权挂牌出让公告,2019/12/31,龙岩市永定区自然资源局国有建设用地使用权挂牌出让公告,永自然资〔2019〕302号,,出让公告,2019-挂-21,,永定区抚市镇中湖村,,,工矿仓储用地-工业用地（非金属矿物制品业）,50年,,,,25927,25927,,,,0.9≤FAR≤3.0,,10%≤G≤20%,,,,,,,,,,,,,,2020年1月21日 8时0分0秒, 2020年2月11日17时0分0秒,,2019年12月31日 8时0分0秒至 2020年2月7日,2019年12月31日 8时0分0秒至 2020年2月7日,2019年12月31日 8时0分0秒至 2020年2月7日,龙岩市永定区自然资源局管制利用股 ；,0597-3011915 ；,土地利用股工作人员 ；,,,,,,,2020/5/21,https://www.lyggzy.com.cn/lyztb/InfoDetail/?InfoID=cbc55732-5045-45a5-b5d6-c6a7a2aebcc5&CategoryNum=084002,1774dfea3e5f304d80596c08d4f395e7
龙岩市永定区自然资源局国有建设用地使用权挂牌出让公告,2019/12/31,龙岩市永定区自然资源局国有建设用地使用权挂牌出让公告,永自然资〔2019〕302号,,出让公告,2019-挂-22,,永定工业园南部园区,,,工矿仓储用地―工业用地（其他制造业）,50年,,,,4291,4291,,,,1.3≤FAR≤3.0,,10%≤G≤20%,,,,,,,,,,,,,,2020年1月21日 8时0分0秒, 2020年2月11日17时0分0秒,,2019年12月31日 8时0分0秒至 2020年2月7日,2019年12月31日 8时0分0秒至 2020年2月7日,2019年12月31日 8时0分0秒至 2020年2月7日,龙岩市永定区自然资源局管制利用股 ；,0597-3011915 ；,土地利用股工作人员 ；,,,,,,,2020/5/21,https://www.lyggzy.com.cn/lyztb/InfoDetail/?InfoID=cbc55732-5045-45a5-b5d6-c6a7a2aebcc5&CategoryNum=084002,1774dfea3e5f304d80596c08d4f395e7
龙岩市永定区自然资源局国有建设用地使用权挂牌出让公告,2020/1/8,龙岩市永定区自然资源局国有建设用地使用权挂牌出让公告,永自然资发〔2020〕6号,,出让公告,2020-挂-01,,洪山乡田梓村、樟罗村,,,工矿仓储用地―工业用地（非金属矿物制品业）,50年,,,,45032,45032,,,,0.9≤FAR≤3.0,,10%≤G≤20%,,,,,,,,,,,,,,2020年2月1日 8时0分0秒, 2020年2月14日17时0分0秒,,2020年1月9日 8时0分0秒至 2020年2月10日,2020年1月9日 8时0分0秒至 2020年2月10日,2020年1月9日 8时0分0秒至 2020年2月10日,福建省龙岩市永定区凤城街道南通路70号 ；,0597-3011915 ；,土地利用股工作人员 ；,,,,,,,2020/5/21,https://www.lyggzy.com.cn/lyztb/InfoDetail/?InfoID=d0cae1cf-1cb7-4834-a65a-acdd1bc236fe&CategoryNum=084002,bb6cc86ebf100af205ee5cc9e0cf300c
龙岩市永定区自然资源局国有建设用地使用权挂牌出让公告,2020/1/8,龙岩市永定区自然资源局国有建设用地使用权挂牌出让公告,永自然资发〔2020〕6号,,出让公告,2020-挂-02,,洪山乡田梓村、樟罗村,,,工矿仓储用地―工业用地（非金属矿物制品业）,50年,,,,12092,12092,,,,0.9≤FAR≤3.0,,10%≤G≤20%,,,,,,,,,,,,,,2020年2月1日 8时0分0秒, 2020年2月14日17时0分0秒,,2020年1月9日 8时0分0秒至 2020年2月10日,2020年1月9日 8时0分0秒至 2020年2月10日,2020年1月9日 8时0分0秒至 2020年2月10日,福建省龙岩市永定区凤城街道南通路70号 ；,0597-3011915 ；,土地利用股工作人员 ；,,,,,,,2020/5/21,https://www.lyggzy.com.cn/lyztb/InfoDetail/?InfoID=d0cae1cf-1cb7-4834-a65a-acdd1bc236fe&CategoryNum=084002,bb6cc86ebf100af205ee5cc9e0cf300c
连城县自然资源局国有土地使用权拍卖出让公告,2020/1/10,连城县自然资源局国有土地使用权拍卖出让公告,连自然资告字（2020）1号,,出让公告,P2020-1,,,,住宅用地-城镇住宅用地（普通住宅）,,,70年,闽政地[2013]117号,3279.75,,,,,≤22,1.0＜≤2.3,,≥35,,,,,,,,525,,1050,1050,,,,,,,,,连城县莲峰镇东环北路28号,0597-8912803）开具竞买保证金缴交票据，账户名称：龙岩市公共资源交易中心有限公司连城分公司,揭业镔,,,,,,,2020/5/21,https://www.lyggzy.com.cn/lyztb/InfoDetail/?InfoID=9f61a253-8e20-4f25-bd25-8e49a846beae&CategoryNum=084002,bba83b471317d082cb613dc950caae62
连城县自然资源局国有土地使用权拍卖出让公告,2020/1/10,连城县自然资源局国有土地使用权拍卖出让公告,连自然资告字（2020）1号,,出让公告,P2020-5,,,,住宅用地-城镇住宅用地（普通住宅）,,,70年,闽政地[2014]373号闽政地[2019]1275号,14709.26,,,,,≤30,1.0＜＜1.6,,≥35%，人均集中绿地面积不低于0.5O,,,,,,,,1000,,3300,3300,,,,,,,,,连城县莲峰镇东环北路28号,0597-8912803）开具竞买保证金缴交票据，账户名称：龙岩市公共资源交易中心有限公司连城分公司,揭业镔,,,,,,,2020/5/21,https://www.lyggzy.com.cn/lyztb/InfoDetail/?InfoID=9f61a253-8e20-4f25-bd25-8e49a846beae&CategoryNum=084002,bba83b471317d082cb613dc950caae62
连城县自然资源局国有土地使用权挂牌出让公告,2020/1/15,连城县自然资源局国有土地使用权挂牌出让公告,连自然资告字（2020）2号,,出让公告,G2020-2,,,,工矿仓储用地-工业用地（非金属矿物制品业*粘土砖瓦及建筑切块制造）,,,50年,,30889.02,,,,,,≥1.0,,20≤绿地率≤25,,,,1088,,,,110,,353,353,1,,,,,,,,连城县莲峰镇东环北路28号,0597-8912803）开具竞买保证金缴交票据， 账户名称：龙岩市公共资源交易中心有限公司连城分公司, 揭先生 ,,,,,,,2020/5/21,https://www.lyggzy.com.cn/lyztb/InfoDetail/?InfoID=e52f5853-89ef-4564-813d-917bac20e3eb&CategoryNum=084002,6a1b9d3520b17fcf1d32949a8bef6c93
连城县自然资源局国有土地使用权挂牌出让公告,2020/1/15,连城县自然资源局国有土地使用权挂牌出让公告,连自然资告字（2020）2号,,出让公告,G2020-3,,,,工矿仓储用地-仓储用地（物流仓储设施、配送中心等）,,,50年,,10857.78,,,,,,≥1.0,,≤20,,,,/,,,,45,,140,140,1,,,,,,,,连城县莲峰镇东环北路28号,0597-8912803）开具竞买保证金缴交票据， 账户名称：龙岩市公共资源交易中心有限公司连城分公司, 揭先生 ,,,,,,,2020/5/21,https://www.lyggzy.com.cn/lyztb/InfoDetail/?InfoID=e52f5853-89ef-4564-813d-917bac20e3eb&CategoryNum=084002,6a1b9d3520b17fcf1d32949a8bef6c93
连城县自然资源局国有土地使用权协议出让公示,2020/1/16,连城县自然资源局国有土地使用权协议出让公示,连自然资事前告字（2020）4号,,出让公告,X2020-4,,,,公共管理与公共服务用地-公用设施用地（垃圾处理）,,,50年,闽政地[2019]1084号,9995.95,,,,,≤25,0.2≤＜0.8,,≥20,,,,,,,,,,,,,,,,,,,,连城县莲峰镇东环北路28号,0597-3320230 ,揭业镔,,,,,,,2020/5/21,https://www.lyggzy.com.cn/lyztb/InfoDetail/?InfoID=3ee88e3a-f2f2-454b-9480-202d327fc4b5&CategoryNum=084002,e6eadc4ac2b817b60c0c06ff01b498f5
长汀县自然资源局国有建设用地使用权拍卖出让公告,2020/1/19,长汀县自然资源局国有建设用地使用权拍卖出让公告,,2020年2月12日上午10时,出让公告,2019P32,2019P32,策武镇麻陂（火车南站）,,商服用地―零售商业用地（商铺、商场）；住宅用地―城镇住宅用地（普通商品房）,,,商服40年、住宅70年,长汀县人民政府汀政综〔2020〕3号,33933,,,,,,1.8-2.2,,≥30%,檐口高度≤54米,,,,,,,1360万元,,,,10万元及10万元的整倍数,,,,,,,,长汀县行政服务中心自然资源窗口,0597-6801615,董先生、王先生,,,,,,,2020/5/21,https://www.lyggzy.com.cn/lyztb/InfoDetail/?InfoID=4794561f-10a4-46de-8c60-0bd50209238f&CategoryNum=084002,6205a5ae3077ec355f914bb4b6ba6d8b
龙岩市自然资源局国有建设用地使用权挂牌出让公告(龙自然告字[2020]1号),2020/1/21,龙岩市自然资源局国有建设用地使用权挂牌出让公告(龙自然告字[2020]1号),,,出让公告,2020挂-G01,,,新罗区雁石镇大吉村,工矿仓储用地-工业用地（医药制造业）,,50年,,,,,,,,,≥1.0且＜1.5,,,,,,(万元/公顷)：,3505319BA0019,,,189万元,,942万元,,2万元,,2020年01月22日08时00分,2020年02月07日15时00分,,2020年01月22日08时00分至 2020年02月07日,2020年01月22日08时00分至 2020年02月07日,2020年01月22日08时00分至 2020年02月07日,,0597-2291438,谢先生、陈女士,,,,,,,2020/5/21,https://www.lyggzy.com.cn/lyztb/InfoDetail/?InfoID=c5d00223-fa2d-43fa-bccf-dd44fcb9b8bc&CategoryNum=084002,0dc9c47d8e65a2a455a8b5050cb15f6e
龙岩市自然资源局国有建设用地使用权挂牌出让公告(龙自然告字[2020]1号),2020/1/21,龙岩市自然资源局国有建设用地使用权挂牌出让公告(龙自然告字[2020]1号),,,出让公告,2020挂-G02,,,龙州工业园硬质合金园，江山公路西侧,工矿仓储用地-工业用地（专用设备制造业）,,50年,,,,,,,,,≥1.0且＜1.2,,,,,,(万元/公顷)：,3505219BB0003,,,105万元,,521万元,,2万元,,2020年01月22日08时00分,2020年02月07日15时00分,,2020年01月22日08时00分至 2020年02月07日,2020年01月22日08时00分至 2020年02月07日,2020年01月22日08时00分至 2020年02月07日,,0597-2291438,谢先生、陈女士,,,,,,,2020/5/21,https://www.lyggzy.com.cn/lyztb/InfoDetail/?InfoID=c5d00223-fa2d-43fa-bccf-dd44fcb9b8bc&CategoryNum=084002,0dc9c47d8e65a2a455a8b5050cb15f6e
龙岩市自然资源局国有建设用地使用权挂牌出让公告(龙自然告字[2020]2号),2020/1/21,龙岩市自然资源局国有建设用地使用权挂牌出让公告(龙自然告字[2020]2号),,,出让公告,2020挂-G03,,,新罗区西陂街道园田塘村,工矿仓储用地-工业用地（非金属矿物制品业）,,50年,,,,,,,,,≥1.6且＜2.0,,,,,,(万元/公顷)：,3505320BA0001,,,209万元,,1045万元,,2万元,,2020年02月3日08时00分,2020年02月14日15时00分,,2020年02月3日08时00分至 2020年02月14日,2020年02月3日08时00分至 2020年02月14日,2020年02月3日08时00分至 2020年02月14日,,0597-2291438,谢先生、陈女士,,,,,,,2020/5/21,https://www.lyggzy.com.cn/lyztb/InfoDetail/?InfoID=5a48d78c-70d5-401a-adb1-b9344da7b958&CategoryNum=084002,81a42fe62cf71726c459dec0dd93986c
龙岩市自然资源局国有建设用地使用权挂牌出让公告(龙自然告字[2020]2号),2020/1/21,龙岩市自然资源局国有建设用地使用权挂牌出让公告(龙自然告字[2020]2号),,,出让公告,2020挂-G04,,,新罗区西陂街道园田塘村,工矿仓储用地-工业用地（专用设备制造业）,,50年,,,,,,,,,≥1.0且＜2.0,,,,,,(万元/公顷)：,3505320BA0002,,,284万元,,1416万元,,2万元,,2020年02月3日08时00分,2020年02月14日15时00分,,2020年02月3日08时00分至 2020年02月14日,2020年02月3日08时00分至 2020年02月14日,2020年02月3日08时00分至 2020年02月14日,,0597-2291438,谢先生、陈女士,,,,,,,2020/5/21,https://www.lyggzy.com.cn/lyztb/InfoDetail/?InfoID=5a48d78c-70d5-401a-adb1-b9344da7b958&CategoryNum=084002,81a42fe62cf71726c459dec0dd93986c
龙岩市自然资源局国有建设用地使用权挂牌出让公告(龙自然告字[2020]2号),2020/1/21,龙岩市自然资源局国有建设用地使用权挂牌出让公告(龙自然告字[2020]2号),,,出让公告,2020挂-G05,,,铁山镇林邦村,工矿仓储用地-工业用地（通用设备制造业）,,50年,,,,,,,,,≥1.2且＜2.0,,,,,,(万元/公顷)：,3511620BA0002,,,627万元,,3134万元,,2万元,,2020年02月3日08时00分,2020年02月14日15时00分,,2020年02月3日08时00分至 2020年02月14日,2020年02月3日08时00分至 2020年02月14日,2020年02月3日08时00分至 2020年02月14日,,0597-2291438,谢先生、陈女士,,,,,,,2020/5/21,https://www.lyggzy.com.cn/lyztb/InfoDetail/?InfoID=5a48d78c-70d5-401a-adb1-b9344da7b958&CategoryNum=084002,81a42fe62cf71726c459dec0dd93986c
龙岩市自然资源局国有建设用地使用权挂牌出让公告(龙自然告字[2020]2号),2020/1/21,龙岩市自然资源局国有建设用地使用权挂牌出让公告(龙自然告字[2020]2号),,,出让公告,2020挂-G06,,,铁山镇林邦村,工矿仓储用地-工业用地（通用设备制造业）,,50年,,,,,,,,,≥1.2且＜2.0,,,,,,(万元/公顷)：,3509220BA0002,,,587万元,,2932万元,,2万元,,2020年02月3日08时00分,2020年02月14日15时00分,,2020年02月3日08时00分至 2020年02月14日,2020年02月3日08时00分至 2020年02月14日,2020年02月3日08时00分至 2020年02月14日,,0597-2291438,谢先生、陈女士,,,,,,,2020/5/21,https://www.lyggzy.com.cn/lyztb/InfoDetail/?InfoID=5a48d78c-70d5-401a-adb1-b9344da7b958&CategoryNum=084002,81a42fe62cf71726c459dec0dd93986c
龙岩市自然资源局国有建设用地使用权挂牌出让公告(龙自然告字[2020]2号),2020/1/21,龙岩市自然资源局国有建设用地使用权挂牌出让公告(龙自然告字[2020]2号),,,出让公告,2020挂-G07,,,西陂街道紫阳村,工矿仓储用地-工业用地（化学药品原料药制造）,,50年,,,,,,,,,≥0.9且＜2.0,,,,,,(万元/公顷)：,3505220BA0003,,,242万元,,1210万元,,2万元,,2020年02月3日08时00分,2020年02月14日15时00分,,2020年02月3日08时00分至 2020年02月14日,2020年02月3日08时00分至 2020年02月14日,2020年02月3日08时00分至 2020年02月14日,,0597-2291438,谢先生、陈女士,,,,,,,2020/5/21,https://www.lyggzy.com.cn/lyztb/InfoDetail/?InfoID=5a48d78c-70d5-401a-adb1-b9344da7b958&CategoryNum=084002,81a42fe62cf71726c459dec0dd93986c
龙岩市自然资源局国有建设用地使用权挂牌出让公告(龙自然告字[2020]3号),2020/1/21,龙岩市自然资源局国有建设用地使用权挂牌出让公告(龙自然告字[2020]3号),,,出让公告,2020挂-G08,,,龙溪邦中路东侧，龙埔路南侧,工矿仓储用地-工业用地（物资储备）,,50年,,,,,,,,,≥1.0且＜1.5,,,,,,(万元/公顷)：,3505420BB0003,,,102万元,,506万元,,2万元,,2020年02月10日08时00分,2020年02月21日15时00分,,2020年02月10日08时00分至 2020年02月21日,2020年02月10日08时00分至 2020年02月21日,2020年02月10日08时00分至 2020年02月21日,,0597-2291438,谢先生、陈女士,,,,,,,2020/5/21,https://www.lyggzy.com.cn/lyztb/InfoDetail/?InfoID=e3b02d0c-0640-4d4d-ae3c-3109ff0bba6c&CategoryNum=084002,e426554e63ddeb33e891ff6f6ffc0f79
龙岩市自然资源局国有建设用地使用权挂牌出让公告(龙自然告字[2020]3号),2020/1/21,龙岩市自然资源局国有建设用地使用权挂牌出让公告(龙自然告字[2020]3号),,,出让公告,2020挂-G09,,,大池镇红斜村,工矿仓储用地-工业用地（非金属矿物制品业）,,50年,,,,,,,,,≥0.9且＜1.4,,,,,,(万元/公顷)：,3505120BA0002,,,191万元,,955万元,,2万元,,2020年02月10日08时00分,2020年02月21日15时00分,,2020年02月10日08时00分至 2020年02月21日,2020年02月10日08时00分至 2020年02月21日,2020年02月10日08时00分至 2020年02月21日,,0597-2291438,谢先生、陈女士,,,,,,,2020/5/21,https://www.lyggzy.com.cn/lyztb/InfoDetail/?InfoID=e3b02d0c-0640-4d4d-ae3c-3109ff0bba6c&CategoryNum=084002,e426554e63ddeb33e891ff6f6ffc0f79
龙岩市自然资源局国有建设用地使用权挂牌出让公告(龙自然告字[2020]3号),2020/1/21,龙岩市自然资源局国有建设用地使用权挂牌出让公告(龙自然告字[2020]3号),,,出让公告,2020挂-G10,,,兴盛路北侧、南三龙铁路南侧,工矿仓储用地-工业用地（电气机械和器材制造业）,,50年,,,,,,,,,≥1.1且＜1.3,,,,,,(万元/公顷)：,3505020BA0006,,,81万元,,401万元,,2万元,,2020年02月10日08时00分,2020年02月21日15时00分,,2020年02月10日08时00分至 2020年02月21日,2020年02月10日08时00分至 2020年02月21日,2020年02月10日08时00分至 2020年02月21日,,0597-2291438,谢先生、陈女士,,,,,,,2020/5/21,https://www.lyggzy.com.cn/lyztb/InfoDetail/?InfoID=e3b02d0c-0640-4d4d-ae3c-3109ff0bba6c&CategoryNum=084002,e426554e63ddeb33e891ff6f6ffc0f79
龙岩市自然资源局国有建设用地使用权挂牌出让公告(龙自然告字[2020]3号),2020/1/21,龙岩市自然资源局国有建设用地使用权挂牌出让公告(龙自然告字[2020]3号),,,出让公告,2020挂-G11,,,兴盛路北侧、南三龙铁路南侧,工矿仓储用地-工业用地（汽车制造业）,,50年,,,,,,,,,≥1.0且＜1.3,,,,,,(万元/公顷)：,3501820BA0008,,,63万元,,313万元,,2万元,,2020年02月10日08时00分,2020年02月21日15时00分,,2020年02月10日08时00分至 2020年02月21日,2020年02月10日08时00分至 2020年02月21日,2020年02月10日08时00分至 2020年02月21日,,0597-2291438,谢先生、陈女士,,,,,,,2020/5/21,https://www.lyggzy.com.cn/lyztb/InfoDetail/?InfoID=e3b02d0c-0640-4d4d-ae3c-3109ff0bba6c&CategoryNum=084002,e426554e63ddeb33e891ff6f6ffc0f79
长汀县自然资源局国有建设用地使用权拍卖出让公告,2020/2/21,长汀县自然资源局国有建设用地使用权拍卖出让公告,,2020年3月12日上午10时,出让公告,2019P32,2019P32,策武镇麻陂（火车南站）,,商服用地―零售商业用地（商铺、商场）；住宅用地―城镇住宅用地（普通商品房）,,,商服40年、住宅70年,长汀县人民政府汀政综〔2020〕3号,33933,,,,,,1.8-2.2,,≥30%,檐口高度≤54米,,,,,,,1360万元,,,,10万元及10万元的整倍数,,,,,,,,长汀县行政服务中心自然资源窗口,0597-6801615,董先生、王先生,,,,,,,2020/5/21,https://www.lyggzy.com.cn/lyztb/InfoDetail/?InfoID=920cd307-2354-4c1d-9284-ef33b0c57763&CategoryNum=084002,ecd1cf66a8015ca804575b31239d3dc0
龙岩市自然资源局国有建设用地使用权拍卖出让公告,2019/11/11,龙岩市自然资源局国有建设用地使用权拍卖出让公告,(龙自然告字[2019]11号),2019年11月29日上午9时,出让公告,2019拍-16,2019拍-16,龙跃路东侧（龙跃路以东1号地块）,,住宅用地-城镇住宅用地（普通商品房）,,,住宅：70年,龙政地[2018] 174号龙政地[2019] 175号,78656,,,77747,,12月22日,≥1.5且<2.0,,30-40,≥24且≤80,,,,,,,,,40820,,,,,,,,,,,,廖先生、林先生,,,,,,,2020/5/21,https://www.lyggzy.com.cn/lyztb/InfoDetail/?InfoID=2c036368-2d03-411c-a832-45a4dae0fb5e&CategoryNum=084002,fcb3e143b1d0c13d613ff26555c5cce8
武平县自然资源局关于武平县工业园区H06-2A等3幅地块国有土地使用权挂牌出让公告,2019/11/13,武平县自然资源局关于武平县工业园区H06-2A等3幅地块国有土地使用权挂牌出让公告,武自然告字〔2019〕19号,,出让公告,G2019-10,,,,,,,,,,,20000,,,,≥1.0,,15-20,,,≥40,,,,,,42,,206,2万元/次,,2019年12月2日8时0分0秒 , 2019年12月12日16时0分0秒,,2019年11月12日8时0分0秒 至 2019年12月9日,2019年11月12日8时0分0秒 至 2019年12月9日,2019年11月12日8时0分0秒 至 2019年12月9日,平川街道西环路21-4号 ,,潘女士、童先生,龙岩市公共资源交易中心有限公司武平分公司,中国建设银行股份有限公司武平支行|武平农村信用合作联社营业部|泉州银行股份有限公司武平支行|中国邮政储蓄银行股份有限公司武平县支行,35050169740709188888；|9090610010010000097292；|0000014652956012；|935001010010930012,,,,2020/5/21,https://www.lyggzy.com.cn/lyztb/InfoDetail/?InfoID=b90b4bf7-f03b-4877-a841-ead1d518c73a&CategoryNum=084002,155120f815c65f516927702454f92f98
武平县自然资源局关于武平县工业园区H06-2A等3幅地块国有土地使用权挂牌出让公告,2019/11/13,武平县自然资源局关于武平县工业园区H06-2A等3幅地块国有土地使用权挂牌出让公告,武自然告字〔2019〕19号,,出让公告,G2019-11,,,,,,,,,,,7195,,,,≥0.9,,15-20,,,≥40,,,,,,14,,66,1万元/次,,2019年12月2日8时0分0秒 , 2019年12月12日16时0分0秒,,2019年11月12日8时0分0秒 至 2019年12月9日,2019年11月12日8时0分0秒 至 2019年12月9日,2019年11月12日8时0分0秒 至 2019年12月9日,平川街道西环路21-4号 ,,潘女士、童先生,龙岩市公共资源交易中心有限公司武平分公司,中国建设银行股份有限公司武平支行|武平农村信用合作联社营业部|泉州银行股份有限公司武平支行|中国邮政储蓄银行股份有限公司武平县支行,35050169740709188888；|9090610010010000097292；|0000014652956012；|935001010010930012,,,,2020/5/21,https://www.lyggzy.com.cn/lyztb/InfoDetail/?InfoID=b90b4bf7-f03b-4877-a841-ead1d518c73a&CategoryNum=084002,155120f815c65f516927702454f92f98
武平县自然资源局关于武平县工业园区H06-2A等3幅地块国有土地使用权挂牌出让公告,2019/11/13,武平县自然资源局关于武平县工业园区H06-2A等3幅地块国有土地使用权挂牌出让公告,武自然告字〔2019〕19号,,出让公告,G2019-12,,,,,,,,,,,19879,,,,≥0.9,,15-20,,,≥40,,,,,,36,,180,2万元/次,,2019年12月2日8时0分0秒 , 2019年12月12日16时0分0秒,,2019年11月12日8时0分0秒 至 2019年12月9日,2019年11月12日8时0分0秒 至 2019年12月9日,2019年11月12日8时0分0秒 至 2019年12月9日,平川街道西环路21-4号 ,,潘女士、童先生,龙岩市公共资源交易中心有限公司武平分公司,中国建设银行股份有限公司武平支行|武平农村信用合作联社营业部|泉州银行股份有限公司武平支行|中国邮政储蓄银行股份有限公司武平县支行,35050169740709188888；|9090610010010000097292；|0000014652956012；|935001010010930012,,,,2020/5/21,https://www.lyggzy.com.cn/lyztb/InfoDetail/?InfoID=b90b4bf7-f03b-4877-a841-ead1d518c73a&CategoryNum=084002,155120f815c65f516927702454f92f98
武平县自然资源局国有土地使用权拍卖出让公告,2019/11/13,武平县自然资源局国有土地使用权拍卖出让公告,武自然告字〔2019〕20号,,出让公告,P2019-7,,,,住宅用地-城镇住宅用地（普通商品房）,,住宅70年,,武政文〔2019〕208号,6346,,,,,15-25,2.2-2.5,,≥30,,,,,,,,360,,1800,,10,,,,,,,,,,潘女士、童先生,龙岩市公共资源交易中心有限公司武平分公司,中国建设银行股份有限公司武平支行|武平农村信用合作联社营业部|泉州银行股份有限公司武平支行|中国邮政储蓄银行股份有限公司武平县支行,35050169740709188888；|9090610010010000097292；|0000014652956012；|935001010010930012,,,,2020/5/21,https://www.lyggzy.com.cn/lyztb/InfoDetail/?InfoID=c07c8aa3-fed0-4c72-bc55-e19b33f92944&CategoryNum=084002,aeb49e49ea683dc2d62c62f8ccdc0cd5
武平县自然资源局国有土地使用权拍卖出让公告,2019/11/13,武平县自然资源局国有土地使用权拍卖出让公告,武自然告字〔2019〕20号,,出让公告,P2019-8,,,,商服用地-零售商业用地（商场、商店，不含商业办公）住宅用地-城镇住宅用地（普通商品房）,,商服40年住宅70年,,武政文〔2019〕208号,1294,,,,,35-50,2.2-2.5,,5月8日,,,,,,,,152,,760,,10,,,,,,,,,,潘女士、童先生,龙岩市公共资源交易中心有限公司武平分公司,中国建设银行股份有限公司武平支行|武平农村信用合作联社营业部|泉州银行股份有限公司武平支行|中国邮政储蓄银行股份有限公司武平县支行,35050169740709188888；|9090610010010000097292；|0000014652956012；|935001010010930012,,,,2020/5/21,https://www.lyggzy.com.cn/lyztb/InfoDetail/?InfoID=c07c8aa3-fed0-4c72-bc55-e19b33f92944&CategoryNum=084002,aeb49e49ea683dc2d62c62f8ccdc0cd5
龙岩市永定区自然资源局国有建设用地使用权拍卖出让公告,2019/11/15,龙岩市永定区自然资源局国有建设用地使用权拍卖出让公告,,2019年12月13日上午10时整,出让公告,2019-拍-14,,永定区北环路圆通寺旁（世纪华泰住宅小区南侧）,,,住宅用地-城镇住宅用地（普通住宅）、商服用地-零售商业用地（商店，不含商业办公）、公共管理与公共服务用地-教育用地（幼儿园）,,,,,41929,36705,,,,1.0＜FAR≤2.3,,≥30%,,,,,,,,1899.6,,9498,9498,,,2019年11月16日,12月12日的正常上班时间，,2019年11月16日至12月12日的正常上班时间，,,,,福建省龙岩市永定区凤城街道南通路70号 ；,0597-3011915 ；,管制利用股工作人员 ；,,,,,,,2020/5/21,https://www.lyggzy.com.cn/lyztb/InfoDetail/?InfoID=d0420112-73f9-4d84-b5e0-e6ab994b52ab&CategoryNum=084002,7715fe35964ba6ebcafd400e45096c34
龙岩市永定区自然资源局国有建设用地使用权拍卖出让公告,2019/11/15,龙岩市永定区自然资源局国有建设用地使用权拍卖出让公告,,2019年12月13日上午10时整,出让公告,2019-拍-15,,永定城区下坑片区,,,住宅用地-城镇住宅用地（普通住宅）、商服用地-零售商业用地（商店，不含商业办公）,,,,,7525,7525,,,,1.0＜FAR≤2.3,,≥30%,,,,,,,,563.6,,2818,2818,,,2019年11月16日,12月12日的正常上班时间，,2019年11月16日至12月12日的正常上班时间，,,,,福建省龙岩市永定区凤城街道南通路70号 ；,0597-3011915 ；,管制利用股工作人员 ；,,,,,,,2020/5/21,https://www.lyggzy.com.cn/lyztb/InfoDetail/?InfoID=d0420112-73f9-4d84-b5e0-e6ab994b52ab&CategoryNum=084002,7715fe35964ba6ebcafd400e45096c34
龙岩市永定区自然资源局国有建设用地使用权拍卖出让公告,2019/11/15,龙岩市永定区自然资源局国有建设用地使用权拍卖出让公告,,2019年12月13日上午10时整,出让公告,2019-拍-16,,双永高速公路永定区下洋镇出口右侧,,,住宅用地-城镇住宅用地（普通住宅）、商服用地-零售商业用地（商店，不含商业办公）,,,,,10459,10459,,,,2.0＜FAR≤2.5,,≥30%,,,,,,,,396,,1980,1980,,,2019年11月16日,12月12日的正常上班时间，,2019年11月16日至12月12日的正常上班时间，,,,,福建省龙岩市永定区凤城街道南通路70号 ；,0597-3011915 ；,管制利用股工作人员 ；,,,,,,,2020/5/21,https://www.lyggzy.com.cn/lyztb/InfoDetail/?InfoID=d0420112-73f9-4d84-b5e0-e6ab994b52ab&CategoryNum=084002,7715fe35964ba6ebcafd400e45096c34
上杭县自然资源局国有土地使用权拍卖出让公告,2019/11/20,上杭县自然资源局国有土地使用权拍卖出让公告,杭自然资告字[2019]06号,2019年12月12日09时30分,出让公告,2019拍02号,,,上杭龙翔大道黄泥潭公园北侧,住宅用地-城镇住宅用地（普通商品房）、商服用地-零售商业用地（商店、不含商业办公）、公共管理与公共服务用地-教育用地（幼儿园）,,住宅70年、商业40年、公共管理与公共服务用地50年,,,,,,,36576平方米,小于或等于25,大于1并且小于或等于2,,大于30,,大于或等于24并且小于或等于54,,万元/公顷,3508619BB0003,,,2200万元,,11000万元,,10万元,,,,2019年11月22日至2019年12月10日,,,,上杭县北环中路171号,0597-3132818,王先生、邓女士,,,,,,,2020/5/21,https://www.lyggzy.com.cn/lyztb/InfoDetail/?InfoID=7f613275-98b6-49d0-a0d7-945310804b92&CategoryNum=084002,e9be7ccfaef0655034e26e2491ca96a6
漳平市自然资源局国有土地使用权拍卖出让公告,2019/11/28,漳平市自然资源局国有土地使用权拍卖出让公告,,2019年12月30日10时00分,出让公告,2019拍-6号,,,,,,商服40年,,,,,,,6154平方米,,大于或等于2.2并且小于或等于2.5,,大于或等于35,,,,万元/公顷,3511619BB0034,,净地,400万元,,1400万元,,10万元,,,,2019年12月23日 至 2019年12月27日,2019年12月23日 至 2019年12月27日,2019年12月23日 至 2019年12月27日,2019年12月23日 至 2019年12月27日,漳平市自然资源局自然资源开发利用与国土空间用途管制股,0597-7538821,李女士，张女士,,,,,,,2020/5/21,https://www.lyggzy.com.cn/lyztb/InfoDetail/?InfoID=1fe4ea5c-a594-4da3-9994-70d0ab9ebc77&CategoryNum=084002,4cb86b859a6174209f6323768a5b75eb
上杭县自然资源局国有土地使用权拍卖出让公告,2019/12/3,上杭县自然资源局国有土地使用权拍卖出让公告,杭自然资告字[2019]08号 ,2019年12月25日09时30分,出让公告,2019拍04,,,客家新城龙翔大道南侧实验中学西侧,商服用地-旅馆用地（旅馆）,,40年,,,,,,,39010平方米,,大于1并且小于或等于1.5,,大于30,,小于或等于36,,万元/公顷,3508619BA0009,,,1033万元,,5162万元,,2万元,,,,2019年12月03日至2019年12月23日,,,,上杭县北环中路171号,0597-3132818,王先生、邓女士,,,,,,,2020/5/21,https://www.lyggzy.com.cn/lyztb/InfoDetail/?InfoID=2b4757bf-7345-4ccc-8f5d-7034e978eee3&CategoryNum=084002,b58c53ff38d15c0bb7bb2ca1c831c432
连城县自然资源局国有土地使用权挂牌出让公告,2019/12/3,连城县自然资源局国有土地使用权挂牌出让公告,,,出让公告,G2019-11,,,,公共管理与公共服务用地--公共设施用地（供气用地）,,,50年,,6998,,,,,,0.1≤≤1.0,,≥25,,,,/,,,,17,,84,84,1,,,,,,,,连城县莲峰镇东环北路28号,0597-8912803）开具竞买保证金缴交票据， 账户名称：龙岩市公共资源交易中心有限公司连城分公司, 揭先生 ,,,,,,,2020/5/21,https://www.lyggzy.com.cn/lyztb/InfoDetail/?InfoID=89886f23-83ce-4848-8f35-8c27ac44834c&CategoryNum=084002,5a90ba8d5963b0a4cafba7c21ad859f1
连城县自然资源局国有土地使用权挂牌出让公告,2019/12/3,连城县自然资源局国有土地使用权挂牌出让公告,,,出让公告,G2019-12,,,,工矿仓储用地-工业用地（非金属矿物制品业*水泥及石膏制品制造）,,,50年,,20118,,,,,,≥0.9,,10≤绿地率≤20,,,,1088,,,,47,,231,231,1,,,,,,,,连城县莲峰镇东环北路28号,0597-8912803）开具竞买保证金缴交票据， 账户名称：龙岩市公共资源交易中心有限公司连城分公司, 揭先生 ,,,,,,,2020/5/21,https://www.lyggzy.com.cn/lyztb/InfoDetail/?InfoID=89886f23-83ce-4848-8f35-8c27ac44834c&CategoryNum=084002,5a90ba8d5963b0a4cafba7c21ad859f1
连城县自然资源局国有土地使用权挂牌出让公告,2019/12/3,连城县自然资源局国有土地使用权挂牌出让公告,,,出让公告,G2019-14,,,,工矿仓储用地-工业用地（金属制品业-金属制日用品制造*其他金属制日用品制造）,,,50年,,9913.6,,,,,,≥1.0,,10≤绿地率≤20,,,,1538,,,,25,,124,124,1,,,,,,,,连城县莲峰镇东环北路28号,0597-8912803）开具竞买保证金缴交票据， 账户名称：龙岩市公共资源交易中心有限公司连城分公司, 揭先生 ,,,,,,,2020/5/21,https://www.lyggzy.com.cn/lyztb/InfoDetail/?InfoID=89886f23-83ce-4848-8f35-8c27ac44834c&CategoryNum=084002,5a90ba8d5963b0a4cafba7c21ad859f1
连城县自然资源局国有土地使用权挂牌出让公告,2019/12/3,连城县自然资源局国有土地使用权挂牌出让公告,,,出让公告,G2019-15,,,,工矿仓储用地-工业用地（金属制品业-金属制日用品制造*其他金属制日用品制造）,,,50年,,13333.33,,,,,,≥1.0,,10≤绿地率≤20,,,,1538,,,,34,,166,166,1,,,,,,,,连城县莲峰镇东环北路28号,0597-8912803）开具竞买保证金缴交票据， 账户名称：龙岩市公共资源交易中心有限公司连城分公司, 揭先生 ,,,,,,,2020/5/21,https://www.lyggzy.com.cn/lyztb/InfoDetail/?InfoID=89886f23-83ce-4848-8f35-8c27ac44834c&CategoryNum=084002,5a90ba8d5963b0a4cafba7c21ad859f1
连城县自然资源局国有土地使用权协议出让公示,2019/12/3,连城县自然资源局国有土地使用权协议出让公示,,,出让公告,X2019-10,,,,公共管理与公共服务用地--社会福利用地（经济型养老院）,,,50年,闽政地[2015]101号,6377,,,,,≤30,1.2＜＜2.5,,≥35,,,,,,,,,,,,,,,,,2019年12月02日 至 2019年12月16日,2019年12月02日 至 2019年12月16日,2019年12月02日 至 2019年12月16日,连城县莲峰镇东环北路28号,0597-3320230,揭业镔,,,,,,,2020/5/21,https://www.lyggzy.com.cn/lyztb/InfoDetail/?InfoID=e1fff46c-ae1e-4f26-a734-ed642cc76ea2&CategoryNum=084002,867c18fccd546ff34a8456dff06f0cad
龙岩市自然资源局国有建设用地使用权拍卖出让公告(龙自然告字[2019]12号),2019/12/6,龙岩市自然资源局国有建设用地使用权拍卖出让公告(龙自然告字[2019]12号),,2019年12月27日上午9时,出让公告,2019拍-17,2019拍-17,金鸡路与岩龙路交叉口东北侧（湖东花园地块）,,住宅用地-城镇住宅用地（普通商品房、安置房）,,,住宅：70年,龙政地[2019] 188号,20907(含安置地）,,,20907(含安置地）,,15-20,≥3.2且<3.4,,30-35,≤80,,,,,,,,,29740,,,,,,,,,,,,廖先生、林先生,,,,,,,2020/5/21,https://www.lyggzy.com.cn/lyztb/InfoDetail/?InfoID=c08dbc89-dfe4-4af0-9f65-d146602a4ca1&CategoryNum=084002,180438a0d526810557038fe9e9a3cfd8
龙岩市自然资源局国有建设用地使用权拍卖出让公告(龙自然告字[2019]12号),2019/12/6,龙岩市自然资源局国有建设用地使用权拍卖出让公告(龙自然告字[2019]12号),,2019年12月27日上午9时,出让公告,2019拍-18,2019拍-18,龙岩紫金山体育公园内，紫金山南环路北侧(紫金山6号商住地块),,住宅用地-城镇住宅用地（普通商品房）、商服用地-零售商业用地（商铺，不含商业办公）,,,住宅：70年 商服：40年,龙政地[2019] 188号,85384,,,85384,,10月20日,≥1.7且<1.9,,35-40,≤80(其中住宅建筑≥24米）,,,,,,,,,76850,,,,,,,,,,,,廖先生、林先生,,,,,,,2020/5/21,https://www.lyggzy.com.cn/lyztb/InfoDetail/?InfoID=c08dbc89-dfe4-4af0-9f65-d146602a4ca1&CategoryNum=084002,180438a0d526810557038fe9e9a3cfd8
龙岩市自然资源局国有建设用地使用权拍卖出让公告(龙自然告字[2019]12号),2019/12/6,龙岩市自然资源局国有建设用地使用权拍卖出让公告(龙自然告字[2019]12号),,2019年12月27日上午9时,出让公告,2019拍-19,2019拍-19,龙岩市交通公路管理中心东侧，金鸡路北侧(龙岩大道东片区B地块),,住宅用地-城镇住宅用地（普通商品房）商服用地-零售商业用地（商店、不含商业办公）,,,住宅：70年商服：40年,龙政地[2019] 193号,32413,,,32413,,10月20日,≥2.5且<2.8,,35-45,≤100(其中住宅建筑≥18米，底商≤12米）,,,,,,,,,44730,,,,,,,,,,,,廖先生、林先生,,,,,,,2020/5/21,https://www.lyggzy.com.cn/lyztb/InfoDetail/?InfoID=c08dbc89-dfe4-4af0-9f65-d146602a4ca1&CategoryNum=084002,180438a0d526810557038fe9e9a3cfd8
龙岩市自然资源局国有建设用地使用权拍卖出让公告(龙自然告字[2019]12号),2019/12/6,龙岩市自然资源局国有建设用地使用权拍卖出让公告(龙自然告字[2019]12号),,2019年12月27日上午9时,出让公告,2019拍-21,2019拍21,铁山龙津河北侧(铁山龙津河北侧B地块),,住宅用地-城镇住宅用地（普通商品房）,,,住宅：70年,龙政地[2019] 188号,26187,,,26187,,20-30,≥1.1且<1.3,,30-40,≤36(其中住宅建筑≥12米）,,,,,,,,,5450,,,,,,,,,,,,廖先生、林先生,,,,,,,2020/5/21,https://www.lyggzy.com.cn/lyztb/InfoDetail/?InfoID=c08dbc89-dfe4-4af0-9f65-d146602a4ca1&CategoryNum=084002,180438a0d526810557038fe9e9a3cfd8
龙岩市自然资源局国有建设用地使用权拍卖出让公告(龙自然告字[2019]12号),2019/12/6,龙岩市自然资源局国有建设用地使用权拍卖出让公告(龙自然告字[2019]12号),,2019年12月27日上午9时,出让公告,2019拍-22,2019拍-22,铁山龙津河北侧(铁山龙津河北侧C地块),,住宅用地-城镇住宅用地（普通商品房）,,,住宅：70年,龙政地[2019] 188号,38849,,,38849,,20-30,≥1.1且<1.3,,30-40,≤18(其中住宅建筑≥12米）,,,,,,,,,8080,,,,,,,,,,,,廖先生、林先生,,,,,,,2020/5/21,https://www.lyggzy.com.cn/lyztb/InfoDetail/?InfoID=c08dbc89-dfe4-4af0-9f65-d146602a4ca1&CategoryNum=084002,180438a0d526810557038fe9e9a3cfd8
连城县自然资源局国有土地使用权拍卖出让公告,2019/12/18,连城县自然资源局国有土地使用权拍卖出让公告,,,出让公告,P2019-16,,,,住宅用地-城镇住宅用地（普通住宅）商服用地-零售商业用地（商铺，不含商业办公用地且不可销售）商服用地-批发市场用地（农贸市场，不可销售）商服用地-商务金融用地（商业性办公场所，不可销售）,,,住宅用地70年，商服用地40年,连政综〔2019〕243号,8684,,,,,≤55,1.0＜≤3.2,,≥15,,,,,,,,1050,,5200,5200,,,,,,,,,连城县莲峰镇东环北路28号,0597-8912803）开具竞买保证金缴交票据，账户名称：龙岩市公共资源交易中心有限公司连城分公司,揭业镔,,,,,,,2020/5/21,https://www.lyggzy.com.cn/lyztb/InfoDetail/?InfoID=83bb1cb6-c3d9-4140-9d75-ccf77aca7912&CategoryNum=084002,1b1f2fa5de49529b5ef175cee8736405
连城县自然资源局国有土地使用权挂牌出让公告,2019/12/16,连城县自然资源局国有土地使用权挂牌出让公告,,,出让公告,G2019-13,,,,工矿仓储用地―工业用地（酒、饮料和精制茶制造业*果菜汁及果菜汁饮料制造）,,,50年,,13333.33,,,,,,≥1.3,,10≤绿地率≤20,,,,,,,,33,,165,165,1,,,,,,,,连城县莲峰镇东环北路28号,0597-8912803）开具竞买保证金缴交票据， 账户名称：龙岩市公共资源交易中心有限公司连城分公司, 揭先生 ,,,,,,,2020/5/21,https://www.lyggzy.com.cn/lyztb/InfoDetail/?InfoID=01c06dca-751a-4cd6-82c3-88643c6848a3&CategoryNum=084002,aa0d35fbd635f34643eae9d2713dd140
龙岩市永定区自然资源局国有建设用地使用权拍卖出让公告,2019/12/24,龙岩市永定区自然资源局国有建设用地使用权拍卖出让公告,,2020年1月15日上午10时整,出让公告,2019-拍-17,,古竹乡大德村古竹中心小学校园旁,,,住宅用地-城镇住宅用地（普通住宅）,,,,,,546,,,,1.0＜FAR≤3.0,,/,,,,,,,,10.4,,52,52,,,2019年12月25日,2020年1月14日的正常上班时间，,2019年12月25日至2020年1月14日的正常上班时间，,,,,福建省龙岩市永定区凤城街道南通路70号 ；,0597-3011915 ；,管制利用股工作人员 ；,,,,,,,2020/5/21,https://www.lyggzy.com.cn/lyztb/InfoDetail/?InfoID=e1c0123f-39b6-46c6-a8a4-b9839f412972&CategoryNum=084002,53dada9869c05491cff0bd99549beca8
龙岩市永定区自然资源局国有建设用地使用权拍卖出让公告,2019/12/24,龙岩市永定区自然资源局国有建设用地使用权拍卖出让公告,,2020年1月15日上午10时整,出让公告,2019-拍-18,,仙师乡集镇,,,住宅用地-城镇住宅用地（普通住宅）,,,,,,76.2,,,,1.0＜FAR≤4.0,,/,,,,,,,,3.06,,15.3,15.3,,,2019年12月25日,2020年1月14日的正常上班时间，,2019年12月25日至2020年1月14日的正常上班时间，,,,,福建省龙岩市永定区凤城街道南通路70号 ；,0597-3011915 ；,管制利用股工作人员 ；,,,,,,,2020/5/21,https://www.lyggzy.com.cn/lyztb/InfoDetail/?InfoID=e1c0123f-39b6-46c6-a8a4-b9839f412972&CategoryNum=084002,53dada9869c05491cff0bd99549beca8
上杭县自然资源局国有土地使用权拍卖出让公告,2019/12/29,上杭县自然资源局国有土地使用权拍卖出让公告,,2020年1月19日上午9时30分,出让公告,2020拍01号,,,上杭县临城镇金山路东侧,住宅用地-城镇住宅用地（普通商品房）,,商业用地40年、住宅用地70年,,,,,,,69994平方米,≤55%（其中：住宅部分≤25%）,2.7≤FAR≤3.0,,≥15%（其中：住宅部分≥30%，,,≤80米（其中住宅≥18米）,,,,,,7934万元,,39666万,,10万元,,,,2019年12月30日至2020年01月17日,,,,上杭县北环中路171号,0597-3132818,王先生、邓女士联系电话：0597-3132818,,,,,,,2020/5/21,https://www.lyggzy.com.cn/lyztb/InfoDetail/?InfoID=60b54860-4e25-4dc0-8e47-48038952758b&CategoryNum=084002,d1d27f3fdc4de9659bea65c8398d4a6d
上杭县自然资源局国有土地使用权拍卖出让公告,2019/12/29,上杭县自然资源局国有土地使用权拍卖出让公告,,2020年1月19日上午9时30分,出让公告,2020拍02号,,,上杭县临城镇二环路南侧，西环路西侧,住宅用地-城镇住宅用地（普通商品房）,,商业用地40年、住宅用地70年,,,,,,,52221平方米,≤25%,2.7≤FAR≤3.0,,≥30%,,≤80米（其中住宅≥18米）,,,,,,6381万元,,31902万元,,10万元,,,,2019年12月30日至2020年01月17日,,,,上杭县北环中路171号,0597-3132818,王先生、邓女士联系电话：0597-3132818,,,,,,,2020/5/21,https://www.lyggzy.com.cn/lyztb/InfoDetail/?InfoID=60b54860-4e25-4dc0-8e47-48038952758b&CategoryNum=084002,d1d27f3fdc4de9659bea65c8398d4a6d
上杭县自然资源局国有土地使用权拍卖出让公告,2019/12/29,上杭县自然资源局国有土地使用权拍卖出让公告,,2020年1月19日上午9时30分,出让公告,2020拍03号,,,上杭县临城镇二环路南侧，西环路西侧,住宅用地-城镇住宅用地（普通商品房）,,住宅用地70年、商业用地40年、,,,,,,,67377平方米,≤25%,2.3≤FAR≤2.7,,≥30%,,≤80米（其中住宅≥18米）,,,3505319BA0026,,,9265万元,,46322万元,,10万元,,,,2019年12月30日至2020年01月17日,,,,上杭县北环中路171号,0597-3132818,王先生、邓女士联系电话：0597-3132818,,,,,,,2020/5/21,https://www.lyggzy.com.cn/lyztb/InfoDetail/?InfoID=60b54860-4e25-4dc0-8e47-48038952758b&CategoryNum=084002,d1d27f3fdc4de9659bea65c8398d4a6d
龙岩市永定区自然资源局国有建设用地使用权挂牌出让公告,2020/3/13,龙岩市永定区自然资源局国有建设用地使用权挂牌出让公告,永自然资发〔2020〕25号,,出让公告,2020-挂-05,,永定区抚市镇基安村,,,工矿仓储用地-工业用地（橡胶和塑料制品业）,50年,,,,4000,4000,,,,1.1≤FAR≤3.0,,10%≤G≤20%,,,,,,,,,,,,,,2020年3月5日 8时0分0秒, 2020年3月18日17时0分0秒,,2020年2月14日 8时0分0秒至 2020年3月13日,2020年2月14日 8时0分0秒至 2020年3月13日,2020年2月14日 8时0分0秒至 2020年3月13日,福建省龙岩市永定区凤城街道南通路70号 ；,0597-3011915 ；,土地利用股工作人员 ；,,,,,,,2020/5/21,https://www.lyggzy.com.cn/lyztb/InfoDetail/?InfoID=d6b0c401-871f-454f-8a07-9ff6609c361f&CategoryNum=084002,d69f70576e5d35d615e5636fd85a2afe
龙岩市永定区自然资源局国有建设用地使用权挂牌出让公告,2020/3/13,龙岩市永定区自然资源局国有建设用地使用权挂牌出让公告,永自然资发〔2020〕31号,,出让公告,2020-挂-06,,永定区高陂镇石门甲,,,工矿仓储用地-工业用地（计算机、通信和其他电子设备制造业）,50年,,,,43108,43108,,,,1.4≤FAR≤3.0,,10%≤G≤20%,,,,,,,,,,,,,,2020年3月16日8时0分0秒,2020年3月30日17时0分0秒,,,,,福建省龙岩市永定区凤城街道南通路70号 ；,0597-3011915 ；,土地利用股工作人员 ；,,,,,,,2020/5/21,https://www.lyggzy.com.cn/lyztb/InfoDetail/?InfoID=c889bc1a-1047-4189-9add-c1d21d4958a0&CategoryNum=084002,3548b9aef5720f715552cbb7fb08ab8b
龙岩市永定区自然资源局国有建设用地使用权挂牌出让公告,2020/3/13,龙岩市永定区自然资源局国有建设用地使用权挂牌出让公告,永自然资发〔2020〕31号,,出让公告,2020-挂-07,,永定区高陂镇石门甲,,,工矿仓储用地-工业用地（计算机、通信和其他电子设备制造业）,50年,,,,11705,11705,,,,1.4≤FAR≤3.0,,10%≤G≤20%,,,,,,,,,,,,,,2020年3月16日8时0分0秒,2020年3月30日17时0分0秒,,,,,福建省龙岩市永定区凤城街道南通路70号 ；,0597-3011915 ；,土地利用股工作人员 ；,,,,,,,2020/5/21,https://www.lyggzy.com.cn/lyztb/InfoDetail/?InfoID=c889bc1a-1047-4189-9add-c1d21d4958a0&CategoryNum=084002,3548b9aef5720f715552cbb7fb08ab8b
龙岩市永定区自然资源局国有建设用地使用权挂牌出让公告,2020/3/13,龙岩市永定区自然资源局国有建设用地使用权挂牌出让公告,永自然资发〔2020〕31号,,出让公告,2020-挂-08,,永定区高陂镇富岭村,,,工矿仓储用地-工业用地（计算机、通信和其他电子设备制造业）,50年,,,,7088,7088,,,,1.4≤FAR≤3.0,,10%≤G≤20%,,,,,,,,,,,,,,2020年3月16日8时0分0秒,2020年3月30日17时0分0秒,,,,,福建省龙岩市永定区凤城街道南通路70号 ；,0597-3011915 ；,土地利用股工作人员 ；,,,,,,,2020/5/21,https://www.lyggzy.com.cn/lyztb/InfoDetail/?InfoID=c889bc1a-1047-4189-9add-c1d21d4958a0&CategoryNum=084002,3548b9aef5720f715552cbb7fb08ab8b
龙岩市永定区自然资源局国有建设用地使用权挂牌出让公告,2020/3/13,龙岩市永定区自然资源局国有建设用地使用权挂牌出让公告,永自然资发〔2020〕28号,,出让公告,2020-挂-03,,南部园区C组团内,,,工矿仓储用地―工业用地（计算机、通讯和其他电子设备制造业）,50年,,,,45816,45816,,,,1.4≤FAR≤3.0,,10%≤G≤20%,,,,,,,,,,,,,,2020年3月10日 8时0分0秒, 2020年3月20日17时0分0秒,,2020年2月19日 8时0分0秒至 2020年3月17日,2020年2月19日 8时0分0秒至 2020年3月17日,2020年2月19日 8时0分0秒至 2020年3月17日,福建省龙岩市永定区凤城街道南通路70号 ；,0597-3011915 ；,管制利用股工作人员 ；,,,,,,,2020/5/21,https://www.lyggzy.com.cn/lyztb/InfoDetail/?InfoID=3bf3a04b-129d-4d98-a4f8-774885f862bd&CategoryNum=084002,0f591fad6006469df751db8583e71e8a
龙岩市永定区自然资源局国有建设用地使用权挂牌出让公告,2020/3/13,龙岩市永定区自然资源局国有建设用地使用权挂牌出让公告,永自然资发〔2020〕28号,,出让公告,2020-挂-04,,南部园区C组团内,,,工矿仓储用地―工业用地（计算机、通讯和其他电子设备制造业）,50年,,,,22017,20867,,,,1.4≤FAR≤3.0,,10%≤G≤20%,,,,,,,,,,,,,,2020年3月10日 8时0分0秒, 2020年3月20日17时0分0秒,,2020年2月19日 8时0分0秒至 2020年3月17日,2020年2月19日 8时0分0秒至 2020年3月17日,2020年2月19日 8时0分0秒至 2020年3月17日,福建省龙岩市永定区凤城街道南通路70号 ；,0597-3011915 ；,管制利用股工作人员 ；,,,,,,,2020/5/21,https://www.lyggzy.com.cn/lyztb/InfoDetail/?InfoID=3bf3a04b-129d-4d98-a4f8-774885f862bd&CategoryNum=084002,0f591fad6006469df751db8583e71e8a
龙岩市自然资源局国有建设用地使用权挂牌出让公告(龙自然告字[2020]8号),2020/3/18,龙岩市自然资源局国有建设用地使用权挂牌出让公告(龙自然告字[2020]8号),,,出让公告,2020挂-G18,,,双永高速北出口东侧、北外环南侧、蒋武溪路西侧、瓦绕溪北侧,工矿仓储用地-工业用地（专用设备制造业）,,50年,,,,,,,,,≥1.0且＜2.0,,,,,,(万元/公顷)：,3505120BA0006,,,1856万元,,9278万元,,2万元,,2020年4月7日08时00分,2020年4月20日15时00分,,2020年4月7日08时00分至 2020年4月20日,2020年4月7日08时00分至 2020年4月20日,2020年4月7日08时00分至 2020年4月20日,,0597-2291438,谢先生、陈女士,,,,,,,2020/5/21,https://www.lyggzy.com.cn/lyztb/InfoDetail/?InfoID=d4d7776c-9854-413a-b91a-72412699d02f&CategoryNum=084002,812f54c883a3028ae156421844ecd2d3
龙岩市永定区自然资源局国有建设用地使用权挂牌出让公告,2020/3/27,龙岩市永定区自然资源局国有建设用地使用权挂牌出让公告,永自然资发〔2020〕43号,,出让公告,2020-挂-09,,坎市镇洽溪村,,,工矿仓储用地-工业用地（造纸和纸制品业）,50年,,,,342,342,,,,1.2≤FAR≤3.0,,10%≤G≤20%,,,,,,,,,,,,,,2020年4月16日8时0分0秒,2020年4月27日17时0分0秒,,,,,福建省龙岩市永定区凤城街道南通路70号 ；,0597-3011915 ；,土地利用股工作人员 ；,,,,,,,2020/5/21,https://www.lyggzy.com.cn/lyztb/InfoDetail/?InfoID=e48e142f-1795-4a58-9deb-f8c137a64544&CategoryNum=084002,6454cd4df32b074779bc892d3e537e45
龙岩市永定区自然资源局国有建设用地使用权挂牌出让公告,2020/3/27,龙岩市永定区自然资源局国有建设用地使用权挂牌出让公告,永自然资发〔2020〕43号,,出让公告,2020-挂-10,,坎市镇洽溪村,,,工矿仓储用地-工业用地（造纸和纸制品业）,50年,,,,1395,1395,,,,1.2≤FAR≤3.0,,10%≤G≤20%,,,,,,,,,,,,,,2020年4月16日8时0分0秒,2020年4月27日17时0分0秒,,,,,福建省龙岩市永定区凤城街道南通路70号 ；,0597-3011915 ；,土地利用股工作人员 ；,,,,,,,2020/5/21,https://www.lyggzy.com.cn/lyztb/InfoDetail/?InfoID=e48e142f-1795-4a58-9deb-f8c137a64544&CategoryNum=084002,6454cd4df32b074779bc892d3e537e45
龙岩市永定区自然资源局国有建设用地使用权挂牌出让公告,2020/3/27,龙岩市永定区自然资源局国有建设用地使用权挂牌出让公告,永自然资发〔2020〕43号,,出让公告,2020-挂-11,,坎市镇文馆村,,,工矿仓储用地-工业用地（饮料制造业）,50年,,,,6926,6926,,,,1.3≤FAR≤3.0,,10%≤G≤20%,,,,,,,,,,,,,,2020年4月16日8时0分0秒,2020年4月27日17时0分0秒,,,,,福建省龙岩市永定区凤城街道南通路70号 ；,0597-3011915 ；,土地利用股工作人员 ；,,,,,,,2020/5/21,https://www.lyggzy.com.cn/lyztb/InfoDetail/?InfoID=e48e142f-1795-4a58-9deb-f8c137a64544&CategoryNum=084002,6454cd4df32b074779bc892d3e537e45
漳平市自然资源局国有土地使用权拍卖出让公告,2020/3/30,漳平市自然资源局国有土地使用权拍卖出让公告,漳出让告字[2020]5号 ,2020年04月27日10时00分,出让公告,2020拍-1号,,,,:,,40年,,,,,,,1966平方米,,大于或等于0.,,大于或等于30,,,,万元/公顷,3511619BB0029,,净地,44万元,,145万元,,10万元,,,,2020年4月20日 至 2020年4月24日,2020年4月20日 至 2020年4月24日,2020年4月20日 至 2020年4月24日,2020年4月20日 至 2020年4月24日,漳平市自然资源局自然资源开发利用与国土空间用途管制股,0597-7538821,张女士，李女士,,,,,,,2020/5/21,https://www.lyggzy.com.cn/lyztb/InfoDetail/?InfoID=2db7811b-a35b-4c9f-ba06-381f5c4017a2&CategoryNum=084002,db4eaed648c70f5cc0e4e87c99c0ab62
上杭县自然资源局国有土地使用权拍卖出让公告,2020/4/3,上杭县自然资源局国有土地使用权拍卖出让公告,杭自然资告字[2020]3号,2020年4月27日上午9时30分,出让公告,2020拍06号,,,上杭县临城镇二环路南侧 金山路东侧,住宅用地-城镇住宅用地（普通商品房）、商服用地-娱乐用地(电影院、儿童（亲子）乐园、网络科技、游戏电玩等)、商服用地-餐饮用地（饭店、餐厅、酒吧等）、商服用地-零售商业用地（商铺、商场等),,商业用地40年、住宅用地70年,,,,,,,69994平方米,≤55%（其中：住宅部分≤25%）,2.7≤FAR≤3.0,,≥15%（其中：住宅部分≥30%，,,≤80米（其中住宅≥18米）,,,,,,7442万元,,37210万元,,10万元,,,,于2020年04月08日至2020年04月24日,,,,上杭县北环中路171号,0597-3132818,王先生、邓女士联系电话：0597-3132818,,,,,,,2020/5/21,https://www.lyggzy.com.cn/lyztb/InfoDetail/?InfoID=27797bd4-3ffb-4d4d-a242-d401be2cb48e&CategoryNum=084002,5114c18ea33e84c7c27af8644c8082fe
长汀县自然资源局国有建设用地使用权拍卖出让公告,2020/4/7,长汀县自然资源局国有建设用地使用权拍卖出让公告,,,出让公告,2020P05,2020P05,策武镇陈坊村,,住宅用地―城镇住宅用地,,,住宅70年,长汀县人民政府汀政综〔2019〕274号,61682,,,,,,1.8-2.2,,≥30%,≤54米(住宅高度≥18米）,,,,,,,4200万元,,,,10万元及10万元的整倍数,,,,,,,,长汀县行政服务中心自然资源窗口,0597-6801615,董先生、王先生,,,,,,,2020/5/21,https://www.lyggzy.com.cn/lyztb/InfoDetail/?InfoID=bb70c9ad-629e-43b7-aec8-5618633ee12c&CategoryNum=084002,d9df8997e39ce434af9099d76cd65bc3
龙岩市永定区自然资源局国有建设用地使用权挂牌出让公告,2020/4/9,龙岩市永定区自然资源局国有建设用地使用权挂牌出让公告,永自然资-高新〔2020〕2号,,出让公告,2020-高新挂-01,,永定区高陂镇,,,工矿仓储用地―工业用地（非金属矿物制品业）,50年,,,,36677,36677,,,,1.0≤FAR＜2.0,,10%≤G ＜20%,,,,,,,,,,,,,,2020年4月14日 8时0分0秒, 2020年4月26日17时0分0秒,,2020年4月14日 8时0分0秒至 2020年4月26日,2020年4月14日 8时0分0秒至 2020年4月26日,2020年4月14日 8时0分0秒至 2020年4月26日,龙岩市自然资源局龙岩经济技术开发区（龙岩高新区）分局 ；,0597-2961580 ；,用途管制股工作人员 ；,,,,,,,2020/5/21,https://www.lyggzy.com.cn/lyztb/InfoDetail/?InfoID=0561d88a-c14b-41c9-9331-c32c88cdfacd&CategoryNum=084002,852a35ff984e85ab6ecab2d6ec108c3c
上杭县自然资源局国有土地使用权拍卖出让公告,2020/4/10,上杭县自然资源局国有土地使用权拍卖出让公告,杭自然资告字[2020]5号 2020-4-8,2020年4月30日上午9时30分,出让公告,2020拍04号,,,上杭县古田镇八甲村梅花山路北侧，古田干部学院西侧,商服用地-旅馆用地（酒店）,,商业用地40年,,,,,,,43482平方米,15%≤建筑密度≤25%,0.5≤FAR＜1,,30%≤绿化率≤40%,,≤15米,,,3505520BA0004,,,1006万元,,5030万元,,2万元,,,,2020年04月13日至 2020年04月29日,2020年04月09日至 2020年04月29日,2020年04月09日至 2020年04月29日,2020年04月09日至 2020年04月29日,上杭县北环中路171号,0597-3132818,王先生、邓女士,,,,,,,2020/5/21,https://www.lyggzy.com.cn/lyztb/InfoDetail/?InfoID=77fa175d-0660-4c23-9def-6d3ea23c78f4&CategoryNum=084002,29979a41fe3a5dc5a703c9bdf9da4788
上杭县自然资源局国有土地使用权拍卖出让公告,2020/4/10,上杭县自然资源局国有土地使用权拍卖出让公告,杭自然资告字[2020]5号 2020-4-8,2020年4月30日上午9时30分,出让公告,2020拍05号,,,古田镇梅花山路西侧，竹岭路东侧,商服用地-旅馆用地（旅馆）,,商业用地40年,,,,,,,67616平方米,18%≤建筑密度≤28%,0.3≤FAR＜0.8,,30%≤绿化率≤40%,,≤15米,,,3505520BA0003,,,1549万元,,7743万元,,2万元,,,,2020年04月13日至 2020年04月29日,2020年04月09日至 2020年04月29日,2020年04月09日至 2020年04月29日,2020年04月09日至 2020年04月29日,上杭县北环中路171号,0597-3132818,王先生、邓女士,,,,,,,2020/5/21,https://www.lyggzy.com.cn/lyztb/InfoDetail/?InfoID=77fa175d-0660-4c23-9def-6d3ea23c78f4&CategoryNum=084002,29979a41fe3a5dc5a703c9bdf9da4788
龙岩市永定区自然资源局国有建设用地使用权挂牌出让公告,2020/4/17,龙岩市永定区自然资源局国有建设用地使用权挂牌出让公告,永自然资发〔2020〕58号,,出让公告,2020-挂-12,,南部园区,,,工矿仓储用地-工业用地（酒、饮料和精制茶制造业）,50年,,,,16349,14008,,,,1.3≤FAR≤3.0,,10%≤G≤20%,,,,,,,,44,,220,220,,,2020年5月7日8时0分0秒,2020年5月19日17时0分0秒,,,,,福建省龙岩市永定区凤城街道南通路70号 ；,0597-3011915 ；,土地利用股工作人员 ；,,,,,,,2020/5/21,https://www.lyggzy.com.cn/lyztb/InfoDetail/?InfoID=f75ed02a-d79f-4aa7-9f66-8c982e059db9&CategoryNum=084002,f1f223323ffe9562e1615a9f33c136af
龙岩市永定区自然资源局国有建设用地使用权挂牌出让公告,2020/4/17,龙岩市永定区自然资源局国有建设用地使用权挂牌出让公告,永自然资发〔2020〕58号,,出让公告,2020-挂-13,,坎市镇文秀产业园,,,工矿仓储用地-工业用地（通用厂房）,50年,,,,167265,167265,,,,1.2≤FAR＜2.0,,10%≤G≤20%,,,,,,,,593,,2965,2965,,,2020年5月7日8时0分0秒,2020年5月19日17时0分0秒,,,,,福建省龙岩市永定区凤城街道南通路70号 ；,0597-3011915 ；,土地利用股工作人员 ；,,,,,,,2020/5/21,https://www.lyggzy.com.cn/lyztb/InfoDetail/?InfoID=f75ed02a-d79f-4aa7-9f66-8c982e059db9&CategoryNum=084002,f1f223323ffe9562e1615a9f33c136af
龙岩市永定区自然资源局国有建设用地使用权挂牌出让公告,2020/4/17,龙岩市永定区自然资源局国有建设用地使用权挂牌出让公告,永自然资发〔2020〕58号,,出让公告,2020-挂-14,,坎市镇文秀产业园,,,工矿仓储用地-工业用地（通用设备制造）,50年,,,,66642,66642,,,,1.0≤FAR＜2.0,,10%≤G≤20%,,,,,,,,260,,1300,1300,,,2020年5月7日8时0分0秒,2020年5月19日17时0分0秒,,,,,福建省龙岩市永定区凤城街道南通路70号 ；,0597-3011915 ；,土地利用股工作人员 ；,,,,,,,2020/5/21,https://www.lyggzy.com.cn/lyztb/InfoDetail/?InfoID=f75ed02a-d79f-4aa7-9f66-8c982e059db9&CategoryNum=084002,f1f223323ffe9562e1615a9f33c136af
武平县自然资源局国有土地使用权拍卖出让公告,2020/4/27,武平县自然资源局国有土地使用权拍卖出让公告,武自然告字〔2020〕8号,,出让公告,P2020-1,,,,商服用地-零售商业用地（商场、商店，不含商业办公）、住宅用地-城镇住宅用地（普通商品房）,,商服40年住宅70年,,武政文〔2020〕60号,883,,,,,25-35,1.5-1.8,,≥30,,,,,,,,19,,95,,1,,,,,,,,,,潘女士、童先生,龙岩市公共资源交易中心有限公司武平分公司,中国建设银行股份有限公司武平支行|武平农村信用合作联社营业部|泉州银行股份有限公司武平支行|中国邮政储蓄银行股份有限公司武平县支行,35050169740709188888；|9090610010010000097292；|0000014652956012；|935001010010930012,,,,2020/5/21,https://www.lyggzy.com.cn/lyztb/InfoDetail/?InfoID=b019d5dd-d3b4-4198-8eef-7d0d69b3a5c6&CategoryNum=084002,bc3f4acee052a28af02a5bf0913067f8
武平县自然资源局关于武平县工业园区F05-2等5幅地块国有土地使用权挂牌出让公告,2020/4/27,武平县自然资源局关于武平县工业园区F05-2等5幅地块国有土地使用权挂牌出让公告,武自然告字〔2020〕7号,,出让公告,G2020-1,,,,,,,,,,,10868,,,,≥1.2,,10月20日,,,≥40,,,,,,24,,116,1万元/次,,2020年5月15日8时0分0秒 , 2020年5月25日16时0分0秒,,2020年4月25日8时0分0秒 至 2020年5月22日,2020年4月25日8时0分0秒 至 2020年5月22日,2020年4月25日8时0分0秒 至 2020年5月22日,平川街道西环路21-4号 ,,潘女士、童女士,龙岩市公共资源交易中心有限公司武平分公司,中国建设银行股份有限公司武平支行|武平农村信用合作联社营业部|泉州银行股份有限公司武平支行|中国邮政储蓄银行股份有限公司武平县支行,35050169740709188888；|9090610010010000097292；|0000014652956012；|935001010010930012,,,,2020/5/21,https://www.lyggzy.com.cn/lyztb/InfoDetail/?InfoID=64643843-0bf9-48ba-b055-b9ef34bcc741&CategoryNum=084002,6c02390ea69a81f23106ec5875e57a5c
武平县自然资源局关于武平县工业园区F05-2等5幅地块国有土地使用权挂牌出让公告,2020/4/27,武平县自然资源局关于武平县工业园区F05-2等5幅地块国有土地使用权挂牌出让公告,武自然告字〔2020〕7号,,出让公告,G2020-2,,,,,,,,,,,20005,,,,≥1.2,,10月20日,,,≥40,,,,,,38,,190,1万元/次,,2020年5月15日8时0分0秒 , 2020年5月25日16时0分0秒,,2020年4月25日8时0分0秒 至 2020年5月22日,2020年4月25日8时0分0秒 至 2020年5月22日,2020年4月25日8时0分0秒 至 2020年5月22日,平川街道西环路21-4号 ,,潘女士、童女士,龙岩市公共资源交易中心有限公司武平分公司,中国建设银行股份有限公司武平支行|武平农村信用合作联社营业部|泉州银行股份有限公司武平支行|中国邮政储蓄银行股份有限公司武平县支行,35050169740709188888；|9090610010010000097292；|0000014652956012；|935001010010930012,,,,2020/5/21,https://www.lyggzy.com.cn/lyztb/InfoDetail/?InfoID=64643843-0bf9-48ba-b055-b9ef34bcc741&CategoryNum=084002,6c02390ea69a81f23106ec5875e57a5c
武平县自然资源局关于武平县工业园区F05-2等5幅地块国有土地使用权挂牌出让公告,2020/4/27,武平县自然资源局关于武平县工业园区F05-2等5幅地块国有土地使用权挂牌出让公告,武自然告字〔2020〕7号,,出让公告,G2020-3,,,,,,,,,,,25392,,,,≥1.2,,10月20日,,,≥40,,,,,,47,,235,1万元/次,,2020年5月15日8时0分0秒 , 2020年5月25日16时0分0秒,,2020年4月25日8时0分0秒 至 2020年5月22日,2020年4月25日8时0分0秒 至 2020年5月22日,2020年4月25日8时0分0秒 至 2020年5月22日,平川街道西环路21-4号 ,,潘女士、童女士,龙岩市公共资源交易中心有限公司武平分公司,中国建设银行股份有限公司武平支行|武平农村信用合作联社营业部|泉州银行股份有限公司武平支行|中国邮政储蓄银行股份有限公司武平县支行,35050169740709188888；|9090610010010000097292；|0000014652956012；|935001010010930012,,,,2020/5/21,https://www.lyggzy.com.cn/lyztb/InfoDetail/?InfoID=64643843-0bf9-48ba-b055-b9ef34bcc741&CategoryNum=084002,6c02390ea69a81f23106ec5875e57a5c
武平县自然资源局关于武平县工业园区F05-2等5幅地块国有土地使用权挂牌出让公告,2020/4/27,武平县自然资源局关于武平县工业园区F05-2等5幅地块国有土地使用权挂牌出让公告,武自然告字〔2020〕7号,,出让公告,G2020-4,,,,,,,,,,,26667,,,,≥0.9,,10月20日,,,≥40,,,,,,50,,250,1万元/次,,2020年5月15日8时0分0秒 , 2020年5月25日16时0分0秒,,2020年4月25日8时0分0秒 至 2020年5月22日,2020年4月25日8时0分0秒 至 2020年5月22日,2020年4月25日8时0分0秒 至 2020年5月22日,平川街道西环路21-4号 ,,潘女士、童女士,龙岩市公共资源交易中心有限公司武平分公司,中国建设银行股份有限公司武平支行|武平农村信用合作联社营业部|泉州银行股份有限公司武平支行|中国邮政储蓄银行股份有限公司武平县支行,35050169740709188888；|9090610010010000097292；|0000014652956012；|935001010010930012,,,,2020/5/21,https://www.lyggzy.com.cn/lyztb/InfoDetail/?InfoID=64643843-0bf9-48ba-b055-b9ef34bcc741&CategoryNum=084002,6c02390ea69a81f23106ec5875e57a5c
武平县自然资源局关于武平县工业园区F05-2等5幅地块国有土地使用权挂牌出让公告,2020/4/27,武平县自然资源局关于武平县工业园区F05-2等5幅地块国有土地使用权挂牌出让公告,武自然告字〔2020〕7号,,出让公告,G2020-5,,,,,,,,,,,21580,,,,≥0.9,,10月20日,,,≥40,,,,,,42,,210,1万元/次,,2020年5月15日8时0分0秒 , 2020年5月25日16时0分0秒,,2020年4月25日8时0分0秒 至 2020年5月22日,2020年4月25日8时0分0秒 至 2020年5月22日,2020年4月25日8时0分0秒 至 2020年5月22日,平川街道西环路21-4号 ,,潘女士、童女士,龙岩市公共资源交易中心有限公司武平分公司,中国建设银行股份有限公司武平支行|武平农村信用合作联社营业部|泉州银行股份有限公司武平支行|中国邮政储蓄银行股份有限公司武平县支行,35050169740709188888；|9090610010010000097292；|0000014652956012；|935001010010930012,,,,2020/5/21,https://www.lyggzy.com.cn/lyztb/InfoDetail/?InfoID=64643843-0bf9-48ba-b055-b9ef34bcc741&CategoryNum=084002,6c02390ea69a81f23106ec5875e57a5c
龙岩市永定区自然资源局国有建设用地使用权挂牌出让公告,2020/5/13,龙岩市永定区自然资源局国有建设用地使用权挂牌出让公告,永自然资发〔2020〕74号,,出让公告,2020-挂-15,,永定区大溪乡大溪村,,,工矿仓储用地-工业用地（通用设备制造业）,50年,,,,7648,7648,,,,1.0≤FAR≤3.0,,10%≤G≤20%,,,,,,,,,,,,,,2020年6月2日 8时0分0秒, 2020年6月15日17时0分0秒,,2020年5月13日 8时0分0秒至 2020年6月10日,2020年5月13日 8时0分0秒至 2020年6月10日,2020年5月13日 8时0分0秒至 2020年6月10日,福建省龙岩市永定区凤城街道南通路70号 ；,0597-3011915 ；,管制利用股工作人员 ；,,,,,,,2020/5/21,https://www.lyggzy.com.cn/lyztb/InfoDetail/?InfoID=9b4d79dc-1fe4-4e13-974e-aedc64323c23&CategoryNum=084002,3eae1ec73300d3470ebad8da94e1fd3c
连城县自然资源局国有土地使用权拍卖出让公告,2019/12/25,连城县自然资源局国有土地使用权拍卖出让公告,连自然资告字（2019）011号,,出让公告,P2019-16,,,,住宅用地――城镇住宅用地（普通住宅）商服用地――零售商业用地（商铺，且不含商业办公用地，不可销售）商服用地――批发市场用地（农贸市场，且不可销售）商服用地――商务金融用地（商务服务用地，经营性办公场所，且不可销售）,,,住宅用地70年，商服用地40年,连政综〔2019〕243号,8684,,,,,≤55,1.0＜≤3.2,,≥15,,,,,,,,1050,,5200,5200,,,,,,,,,连城县莲峰镇东环北路28号,0597-8912803）开具竞买保证金缴交票据，账户名称：龙岩市公共资源交易中心有限公司连城分公司,揭业镔,,,,,,,2020/5/21,https://www.lyggzy.com.cn/lyztb/InfoDetail/?InfoID=21f9b7a9-9f79-4e28-935a-00c67158c3cd&CategoryNum=084002,80048f96e3bb71428dde09ba8c5bbb5a
连城县自然资源局国有土地使用权拍卖出让公告,2019/12/25,连城县自然资源局国有土地使用权拍卖出让公告,连自然资告字（2019）011号,,出让公告,X2019-10,,,,公共管理与公共服务用地--社会福利用地（经济型养老院）,,,50年,闽政地[2015]101号,6377,,,,,≤30,1.2＜＜2.5,,≥35,,,,,,,,80,,154,154,,,,,,,,,连城县莲峰镇东环北路28号,0597-8912803）开具竞买保证金缴交票据，账户名称：龙岩市公共资源交易中心有限公司连城分公司,揭业镔,,,,,,,2020/5/21,https://www.lyggzy.com.cn/lyztb/InfoDetail/?InfoID=21f9b7a9-9f79-4e28-935a-00c67158c3cd&CategoryNum=084002,80048f96e3bb71428dde09ba8c5bbb5a
连城县自然资源局国有土地使用权挂牌出让公告,2020/5/15,连城县自然资源局国有土地使用权挂牌出让公告,连自然资告字（2020）3号,,出让公告,G2020-6,,,,工矿仓储用地-仓储（物流仓储设施，配送中心，转运中心等）,,,50年,闽政地[2012]970号,13333,,,,,,≥1.2,,10%≤绿地率≤20%,,,,/,,,,35,,171,171,,,,,,,,,连城县莲峰镇东环北路28号,0597-8912803）开具竞买保证金缴交票据， 账户名称：龙岩市公共资源交易中心有限公司连城分公司, 揭先生 ,,,,,,,2020/5/21,https://www.lyggzy.com.cn/lyztb/InfoDetail/?InfoID=3a3a3214-3087-467d-8d60-130e84c2fb59&CategoryNum=084002,1c3af1d2b725bbd56cd61ebb90ff59b8
连城县自然资源局国有土地使用权挂牌出让公告,2020/5/15,连城县自然资源局国有土地使用权挂牌出让公告,连自然资告字（2020）3号,,出让公告,G2020-7,,,,工矿仓储用地-仓储用地（物流仓储设施、配送中心等）一类工业用地,,,50年,闽政文[2013]140号,17761.72,,,,,,≥1.0,,10%≤绿地率≤20%,,,,/,,,,45,,223,223,,,,,,,,,连城县莲峰镇东环北路28号,0597-8912803）开具竞买保证金缴交票据， 账户名称：龙岩市公共资源交易中心有限公司连城分公司, 揭先生 ,,,,,,,2020/5/21,https://www.lyggzy.com.cn/lyztb/InfoDetail/?InfoID=3a3a3214-3087-467d-8d60-130e84c2fb59&CategoryNum=084002,1c3af1d2b725bbd56cd61ebb90ff59b8
连城县自然资源局国有土地使用权挂牌出让公告,2020/5/15,连城县自然资源局国有土地使用权挂牌出让公告,连自然资告字（2020）3号,,出让公告,G2020-8,,,,工矿仓储用地-工业用地（农副食品加工业*其他农副食品加工）,,,50年,闽政地〔2010〕1015号闽政地〔2019〕875号,8805.27,,,,,,≥1.2,,10%≤绿地率≤20%,,,,1316,,,,22,,109,109,,,,,,,,,连城县莲峰镇东环北路28号,0597-8912803）开具竞买保证金缴交票据， 账户名称：龙岩市公共资源交易中心有限公司连城分公司, 揭先生 ,,,,,,,2020/5/21,https://www.lyggzy.com.cn/lyztb/InfoDetail/?InfoID=3a3a3214-3087-467d-8d60-130e84c2fb59&CategoryNum=084002,1c3af1d2b725bbd56cd61ebb90ff59b8
连城县自然资源局国有土地使用权挂牌出让公告,2020/5/15,连城县自然资源局国有土地使用权挂牌出让公告,连自然资告字（2020）3号,,出让公告,G2020-9,,,,工矿仓储用地-工业用地（农副食品加工业*蔬菜、水果和坚果加工）,,,50年,闽政地〔2018〕893号,805,,,,,,≥1.2,,10%≤绿地率≤20%,,,,1316,,,,2,,9.2,9.2,,,,,,,,,连城县莲峰镇东环北路28号,0597-8912803）开具竞买保证金缴交票据， 账户名称：龙岩市公共资源交易中心有限公司连城分公司, 揭先生 ,,,,,,,2020/5/21,https://www.lyggzy.com.cn/lyztb/InfoDetail/?InfoID=3a3a3214-3087-467d-8d60-130e84c2fb59&CategoryNum=084002,1c3af1d2b725bbd56cd61ebb90ff59b8
连城县自然资源局国有土地使用权挂牌出让公告,2020/5/15,连城县自然资源局国有土地使用权挂牌出让公告,连自然资告字（2020）3号,,出让公告,G2020-10,,,,工矿仓储用地-工业用地（金属制品业*金属结构制造）,,,50年,闽政地〔2018〕1188号,5984,,,,,,≥1.0,,10%≤绿地率≤20%,,,,1538,,,,14,,69,69,,,,,,,,,连城县莲峰镇东环北路28号,0597-8912803）开具竞买保证金缴交票据， 账户名称：龙岩市公共资源交易中心有限公司连城分公司, 揭先生 ,,,,,,,2020/5/21,https://www.lyggzy.com.cn/lyztb/InfoDetail/?InfoID=3a3a3214-3087-467d-8d60-130e84c2fb59&CategoryNum=084002,1c3af1d2b725bbd56cd61ebb90ff59b8
连城县自然资源局国有土地使用权挂牌出让公告,2020/5/15,连城县自然资源局国有土地使用权挂牌出让公告,连自然资告字（2020）3号,,出让公告,G2020-11,,,,工矿仓储用地-工业用地（酒、饮料各精制茶制造业*饮料制造*瓶（罐）装饮用水制造）,,,50年,闽政地[2013]874号,5409.99,,,,,,≥1.3,,10%≤绿地率≤20%,,,,1316,,,,13,,61,61,,,,,,,,,连城县莲峰镇东环北路28号,0597-8912803）开具竞买保证金缴交票据， 账户名称：龙岩市公共资源交易中心有限公司连城分公司, 揭先生 ,,,,,,,2020/5/21,https://www.lyggzy.com.cn/lyztb/InfoDetail/?InfoID=3a3a3214-3087-467d-8d60-130e84c2fb59&CategoryNum=084002,1c3af1d2b725bbd56cd61ebb90ff59b8
连城县自然资源局国有土地使用权拍卖出让公告,2019/7/15,连城县自然资源局国有土地使用权拍卖出让公告,,,出让公告,P2019-9,,,,商服用地－旅馆用地（宾馆、服务型公寓、度假村 且不可销售）,,,40年,连政综[2019]27号连政综[2018]222号,145334.06,,,,,≤30,≤1.0,,≥40,,,,,,,,4420,,,,100,,,,,,,,连城县莲峰镇东环北路28号,0597-8912803）开具竞买保证金缴交票据， 账户名称：龙岩市公共资源交易中心有限公司连城分公司,钱女士 江先生,,,,,,,2020/5/21,https://www.lyggzy.com.cn/lyztb/InfoDetail/?InfoID=688d5659-1d46-420b-91be-540c82827144&CategoryNum=084002,0c9487d25720f707fe0f366806c29bd4
武平县自然资源局关于武平县工业园区F05-3等2幅地块国有土地使用权挂牌出让公告,2019/4/15,武平县自然资源局关于武平县工业园区F05-3等2幅地块国有土地使用权挂牌出让公告,,,出让公告,G2019-3,,,,,,,,,,,5985.5,,,,≥1.2,,15-20,,,≥40,,,,,,13,,63,1万元/次,,2019年5月6日 8时0分0秒 , 2019年5月16日 16时0分0秒,,2019年4月12日8时0分0秒 至 2019年5月13日,2019年4月12日8时0分0秒 至 2019年5月13日,2019年4月12日8时0分0秒 至 2019年5月13日,平川镇西环路21-4号 ,,钟先生、童先生,龙岩市公共资源交易中心有限公司武平分公司,中国建设银行股份有限公司武平支行|武平农村信用合作联社营业部|泉州银行股份有限公司武平支行|中国邮政储蓄银行股份有限公司武平县支行,35050169740709188888；|9090610010010000097292；|0000014652956012；|935001010010930012,,,,2020/5/21,https://www.lyggzy.com.cn/lyztb/InfoDetail/?InfoID=70b90316-eed2-4e0d-9108-ee89852056c7&CategoryNum=084002,488ce5a5b64f6a114150278081413138
武平县自然资源局关于武平县工业园区F05-3等2幅地块国有土地使用权挂牌出让公告,2019/4/15,武平县自然资源局关于武平县工业园区F05-3等2幅地块国有土地使用权挂牌出让公告,,,出让公告,G2019-4,,,,,,,,,,,10853,,,,≥1.0,,15-20,,,≥40,,,,,,23,,112,1万元/次,,2019年5月6日 8时0分0秒 , 2019年5月16日 16时0分0秒,,2019年4月12日8时0分0秒 至 2019年5月13日,2019年4月12日8时0分0秒 至 2019年5月13日,2019年4月12日8时0分0秒 至 2019年5月13日,平川镇西环路21-4号 ,,钟先生、童先生,龙岩市公共资源交易中心有限公司武平分公司,中国建设银行股份有限公司武平支行|武平农村信用合作联社营业部|泉州银行股份有限公司武平支行|中国邮政储蓄银行股份有限公司武平县支行,35050169740709188888；|9090610010010000097292；|0000014652956012；|935001010010930012,,,,2020/5/21,https://www.lyggzy.com.cn/lyztb/InfoDetail/?InfoID=70b90316-eed2-4e0d-9108-ee89852056c7&CategoryNum=084002,488ce5a5b64f6a114150278081413138
连城县国土资源局国有土地使用权拍卖出让公告,2018/12/19,连城县国土资源局国有土地使用权拍卖出让公告,,,出让公告,P2018-16,,,,住宅用地―城镇住宅用地（普通住宅）；商服用地―批发零售用地（商店，且不含商业办公用地）(商业建筑面积不超过计容面积的25%）,,,商服用地40年，住宅用地70年,闽政地〔2014〕373号,7342.21,,,,,≤30,1.0＜＜1.6,,≥35,,,,,,,,330,,1626,1626,,,,,,,,,连城县莲峰镇东环北路28号,0597-3320230,江梓龙,,,,,,,2020/5/21,https://www.lyggzy.com.cn/lyztb/InfoDetail/?InfoID=7ff2c473-8cbf-455b-bb70-342c98652dba&CategoryNum=084002,cd988956442242fed76768998f8b7c3e
连城县国土资源局国有土地使用权拍卖出让公告,2018/12/19,连城县国土资源局国有土地使用权拍卖出让公告,,,出让公告,P2018-17,,,,商服用地―住宿餐饮用地（酒店，不可销售）,,,40年,连政综〔2018〕18号,6666,,,,,≤30,1.0＜＜1.35,,≥35,,,,,,,,160,,760,760,,,,,,,,,连城县莲峰镇东环北路28号,0597-3320230,江梓龙,,,,,,,2020/5/21,https://www.lyggzy.com.cn/lyztb/InfoDetail/?InfoID=7ff2c473-8cbf-455b-bb70-342c98652dba&CategoryNum=084002,cd988956442242fed76768998f8b7c3e
连城县国土资源局国有土地使用权拍卖出让公告,2018/12/19,连城县国土资源局国有土地使用权拍卖出让公告,,,出让公告,P2018-18,,,,住宅用地―城镇住宅用地（普通住宅）,,,70年,连政综〔2018〕18号,28054,,,,,≤30,1.0＜＜1.35,,≥35,,,,,,,,830,,4120,4120,,,,,,,,,连城县莲峰镇东环北路28号,0597-3320230,江梓龙,,,,,,,2020/5/21,https://www.lyggzy.com.cn/lyztb/InfoDetail/?InfoID=7ff2c473-8cbf-455b-bb70-342c98652dba&CategoryNum=084002,cd988956442242fed76768998f8b7c3e
龙岩市国土资源局国有建设用地使用权拍卖出让公告龙国土告字[2018]15号,2018/12/26,龙岩市国土资源局国有建设用地使用权拍卖出让公告龙国土告字[2018]15号,(龙国土告字[2018]15号),2019年1月18日上午9时,出让公告,2018拍-23,2018拍-23,人民西路北侧、火车站南广场东侧（阳光花园小区（限价房）地块）,,住宅用地-城镇住宅用地（限价商品房）,,,住宅：70年,龙政地[2018] 188号,21192,,,19805,,15-20,≥2.5且<3.0,,30-40,≤100,,,,,,,,,12420,,,,,,,,,,,,廖先生、林先生,,,,,,,2020/5/21,https://www.lyggzy.com.cn/lyztb/InfoDetail/?InfoID=617558ca-16bf-4da5-9145-a9447d54910c&CategoryNum=084002,b72c67fdef341c0ca112f46a2c1d616c
连城县国土资源局,2019/1/7,连城县国土资源局,,,出让公告,P2018-18,,,,住宅用地―城镇住宅用地（普通住宅）,,,70年,连政综〔2018〕18号,28054,,,,,≤30,1.0＜＜1.35,,≥35,,,,,,,,830,,4120,4120,,,,,,,,,连城县莲峰镇东环北路28号,0597-8912803）开具竞买保证金缴交票据，账户名称：龙岩市公共资源交易中心有限公司连城分公司,江梓龙,,,,,,,2020/5/21,https://www.lyggzy.com.cn/lyztb/InfoDetail/?InfoID=dff7a08f-bb72-4056-8ce2-5f73cfa4210f&CategoryNum=084002,be4233f9963be69d59da2dbf0876fac5
武平县国土资源局关于武平县工业园区F07-3地块国有土地使用权挂牌出让公告,2019/1/7,武平县国土资源局关于武平县工业园区F07-3地块国有土地使用权挂牌出让公告,,,出让公告,G2019-1,,,,,,,,,,,11935,,,,≥1.3,,15-20,,,≥40,,,,,,24,,120,1万元/次,,2019年1月28日 8时0分0秒 , 2019年2月15日 16时0分0秒,,2019年1月28日 8时0分0秒 至 2019年2月15日,2019年1月28日 8时0分0秒 至 2019年2月15日,2019年1月28日 8时0分0秒 至 2019年2月15日,平川镇环城西路21-4号 ,,钟先生、童先生,龙岩市公共资源交易中心有限公司武平分公司,中国建设银行股份有限公司武平支行|武平农村信用合作联社营业部|泉州银行股份有限公司武平支行|中国邮政储蓄银行股份有限公司武平县支行,35050169740709188888；|9090610010010000097292；|0000014652956012；|935001010010930012,,,,2020/5/21,https://www.lyggzy.com.cn/lyztb/InfoDetail/?InfoID=7bf75158-cdfb-43a0-af7e-4571ec78769d&CategoryNum=084002,552c0a123be86e72410720ea5f7f22c4
武平县国土资源局国有土地使用权拍卖出让公告,2019/1/7,武平县国土资源局国有土地使用权拍卖出让公告,,,出让公告,P2019-1,,,,住宅用地-城镇住宅用地（普通住宅）,,住宅70年,,武政文〔2018〕322号,296,,,,,74.32,2.79,,25.68,,,,,,,,12,,60,,0.5,,,,,,,,,,钟先生、童先生,龙岩市公共资源交易中心有限公司武平分公司, 中国建设银行股份有限公司武平支行|武平农村信用合作联社营业部|泉州银行股份有限公司武平支行|中国邮政储蓄银行股份有限公司武平县支行,35050169740709188888；|9090610010010000097292；|0000014652956012；|935001010010930012,,,,2020/5/21,https://www.lyggzy.com.cn/lyztb/InfoDetail/?InfoID=3fc99d11-8124-40f5-a862-f8869e535845&CategoryNum=084002,21baee1de2c456043091c6143eb41ab8
武平县国土资源局国有土地使用权拍卖出让公告,2019/1/7,武平县国土资源局国有土地使用权拍卖出让公告,,,出让公告,P2019-2,,,,住宅用地-城镇住宅用地（普通住宅）,,住宅70年,,武政文〔2018〕322号,403,,,,,72.7,2.73,,27.3,,,,,,,,16,,80,,0.5,,,,,,,,,,钟先生、童先生,龙岩市公共资源交易中心有限公司武平分公司, 中国建设银行股份有限公司武平支行|武平农村信用合作联社营业部|泉州银行股份有限公司武平支行|中国邮政储蓄银行股份有限公司武平县支行,35050169740709188888；|9090610010010000097292；|0000014652956012；|935001010010930012,,,,2020/5/21,https://www.lyggzy.com.cn/lyztb/InfoDetail/?InfoID=3fc99d11-8124-40f5-a862-f8869e535845&CategoryNum=084002,21baee1de2c456043091c6143eb41ab8
武平县国土资源局国有土地使用权拍卖出让公告,2019/1/7,武平县国土资源局国有土地使用权拍卖出让公告,,,出让公告,P2019-3,,,,为公共管理与公共服务用地-公共设施用地（供气用地）,,土地用途为公共管理与公共服务50年,,武政文〔2018〕344号,13371,,,,,10月15日,0.1-0.2,,≥35,,,,,,,,43,,212,,1,,,,,,,,,,钟先生、童先生,龙岩市公共资源交易中心有限公司武平分公司, 中国建设银行股份有限公司武平支行|武平农村信用合作联社营业部|泉州银行股份有限公司武平支行|中国邮政储蓄银行股份有限公司武平县支行,35050169740709188888；|9090610010010000097292；|0000014652956012；|935001010010930012,,,,2020/5/21,https://www.lyggzy.com.cn/lyztb/InfoDetail/?InfoID=3fc99d11-8124-40f5-a862-f8869e535845&CategoryNum=084002,21baee1de2c456043091c6143eb41ab8
连城县自然资源局国有土地使用权挂牌出让公告,2019/1/24,连城县自然资源局国有土地使用权挂牌出让公告,,,出让公告,G2019-1,,,,工矿仓储用地―工业用地（化学原料和化学制品制造业*其他专用化学产品制造）,,,50年,,79620,,,,,,≥0.9,,≤20,,,,,,,,188,,940,940,1,,,,,,,,连城县莲峰镇东环北路28号, 0597-33202300597-3320231, 江梓龙 ,,,,,,,2020/5/21,https://www.lyggzy.com.cn/lyztb/InfoDetail/?InfoID=1c578b56-002e-44ba-a663-b733e7724008&CategoryNum=084002,678a26d55c85a116cb6726de3239f86d
连城县自然资源局国有土地使用权挂牌出让公告,2019/2/26,连城县自然资源局国有土地使用权挂牌出让公告,,,出让公告,G2019-1,,,,工矿仓储用地―工业用地（化学原料和化学制品制造业*其他专用化学产品制造）,,,50年,,79620,,,,,,≥0.9,,≤20,,,,,,,,188,,940,940,1,,,,,,,,连城县莲峰镇东环北路28号,0597-8912803）开具竞买保证金缴交票据，账户名称：龙岩市公共资源交易中心有限公司连城分公司, 江梓龙 ,,,,,,,2020/5/21,https://www.lyggzy.com.cn/lyztb/InfoDetail/?InfoID=af865cdc-1ab1-4b23-804a-985ca22896df&CategoryNum=084002,d2bda3c3e66d1f767ecd08e5159fc292
长汀县自然资源局国有建设用地使用权拍卖出让公告,2019/2/25,长汀县自然资源局国有建设用地使用权拍卖出让公告,汀自然告字z2019{2号,,出让公告,2019P03,2019P03,汀州镇水东街,,商服用地―零售商业用地,,,商服40年,长汀县人民政府汀政综〔2019〕21号,3753,,,,,,1.3-1.5,,≥5%,按《长汀县历史文化名城保护规划（2017-2030）》控制,,,,,,,980万元,,,,5万元及5万元的整倍数,,,,,,,,长汀县行政服务中心自然资源窗口,0597-6802928,赖先生、林女士,,,,,,,2020/5/21,https://www.lyggzy.com.cn/lyztb/InfoDetail/?InfoID=221534ae-906f-4ea6-8963-c12ec18cd223&CategoryNum=084002,4d71dd26a30950213b47a7c33c8f66e0
龙岩市永定区自然资源局国有建设用地使用权挂牌出让公告,2019/3/18,龙岩市永定区自然资源局国有建设用地使用权挂牌出让公告,,,出让公告,2019-高新挂-01,,高陂镇富岭村,,,工矿仓储用地―工业用地（非金属矿物制品业）,50年,,,,,61583,,,,0.9≤FAR＜1.1,,20%,,,,,,,,172,,860,860,,,2019年3月12日8时0分0秒,2019年3月23日17时0分0秒 ,,2019年2月19日8时0分0秒至 2019年3月19日,2019年2月19日8时0分0秒至 2019年3月19日,2019年2月19日8时0分0秒至 2019年3月19日,龙岩市经济技术开发区（龙岩高新区）环境与国土规划建设局土地利用股 ；,0597-2596178；,土地利用股工作人员；,,,,,,,2020/5/21,https://www.lyggzy.com.cn/lyztb/InfoDetail/?InfoID=9fc30031-3584-4d1c-b0ef-5dbd70dbd568&CategoryNum=084002,a6156eca13c0de76f1121d0f1fb95bc8
武平县自然资源局关于武平县工业园区H04-1A地块国有土地使用权挂牌出让公告,2019/3/12,武平县自然资源局关于武平县工业园区H04-1A地块国有土地使用权挂牌出让公告,,,出让公告,G2019-2,,,,,,,,,,,20000,,,,≥1.0,,15-20,,,≥40,,,,,,41,,205,2万元/次,,2019年4月2日 8时0分0秒 , 2019年4月12日 16时0分0秒,,2019年4月2日 8时0分0秒 至 2019年4月12日,2019年4月2日 8时0分0秒 至 2019年4月12日,2019年4月2日 8时0分0秒 至 2019年4月12日,平川镇西环路21-4号 ,,钟先生、童先生,龙岩市公共资源交易中心有限公司武平分公司,中国建设银行股份有限公司武平支行|武平农村信用合作联社营业部|泉州银行股份有限公司武平支行|中国邮政储蓄银行股份有限公司武平县支行,35050169740709188888；|9090610010010000097292；|0000014652956012；|935001010010930012,,,,2020/5/21,https://www.lyggzy.com.cn/lyztb/InfoDetail/?InfoID=cf7fd95c-8bfe-497f-842f-a72476b24b46&CategoryNum=084002,2212de993a72d10bd2f3151e4b6423c6
龙岩市永定区自然资源局国有建设用地使用权拍卖出让公告,2019/3/18,龙岩市永定区自然资源局国有建设用地使用权拍卖出让公告,,2019年4月10日上午10时整在龙岩市公共资源交易中心永定分中心（龙岩市永定区广电大厦七楼）举行（先进行2018-拍-26地块拍卖会,出让公告,2018-拍-26,,永定区岐岭乡,,,住宅用地―城镇住宅用地（普通住宅）,住宅70年,,,,319.54,319.54,,,,1.0＜FAR≤4.0,,/,,,,,,,,4.4,,22,22,,,2019年3月18日,4月8日的正常上班时间，,2019年3月18日至4月8日的正常上班时间，,,,,龙岩市永定区自然资源局土地利用股 ；,0597-3011915；,土地利用股工作人员；,,,,,,,2020/5/21,https://www.lyggzy.com.cn/lyztb/InfoDetail/?InfoID=f9e01929-b245-4933-bab9-2670c7d23c75&CategoryNum=084002,07db8f9ae9c1546afad1f93f29d81cf4
龙岩市永定区自然资源局国有建设用地使用权拍卖出让公告,2019/3/18,龙岩市永定区自然资源局国有建设用地使用权拍卖出让公告,,2019年4月10日上午10时整在龙岩市公共资源交易中心永定分中心（龙岩市永定区广电大厦七楼）举行（先进行2018-拍-26地块拍卖会,出让公告,2019-拍-03,,凤城街道寨下片区,,,住宅用地―城镇住宅用地（普通住宅）、商服用地―零售商业用地（商店，不含商业办公）,住宅70年，商业40年,,,,10922,10922,,,,1.0＜FAR≤2.0,,≥30%,,,,,,,,410,,2050,2050,,,2019年3月18日,4月8日的正常上班时间，,2019年3月18日至4月8日的正常上班时间，,,,,龙岩市永定区自然资源局土地利用股 ；,0597-3011915；,土地利用股工作人员；,,,,,,,2020/5/21,https://www.lyggzy.com.cn/lyztb/InfoDetail/?InfoID=f9e01929-b245-4933-bab9-2670c7d23c75&CategoryNum=084002,07db8f9ae9c1546afad1f93f29d81cf4
龙岩市永定区自然资源局国有建设用地使用权拍卖出让公告,2019/4/9,龙岩市永定区自然资源局国有建设用地使用权拍卖出让公告,,2019年4月29日下午3时整,出让公告,2019-拍-05,,南部工业园区357国道南侧,,,住宅用地―城镇住宅用地（普通住宅）、商服用地―批发零售用地（商店、不含商业办公）,住宅70年，商业40年,,,,17586,11806,,,,1.0＜FAR≤2.6,,≥30%,,,,,,,,320,,1600,1600,,,2019年4月5日,4月26日的正常上班时间，,2019年4月5日至4月26日的正常上班时间，,,,,龙岩市永定区自然资源局土地利用股 ；,0597-3011915；,土地利用股工作人员；,,,,,,,2020/5/21,https://www.lyggzy.com.cn/lyztb/InfoDetail/?InfoID=22f74684-a9f4-43b3-929c-61458141fb1f&CategoryNum=084002,b34df97c6abd4e5a7bc5b50d164e1dfa
龙岩市自然资源局国有建设用地使用权拍卖出让公告(龙自然告字[2019]2号),2019/3/21,龙岩市自然资源局国有建设用地使用权拍卖出让公告(龙自然告字[2019]2号),,2019年4月15日上午9时,出让公告,2019拍-G02,,,兴盛路北侧、南三龙铁路南侧,工矿仓储用地-工业用地（通用设备制造）,,50年,,,,,,,,,≥1.0且＜1.3,,20%,,≤24m,,(万元/公顷)：,3505419BB0001,,,68万元,,339万元,,2万元,,,,,,,,,0597-2291438,陈女士、黄先生,,,,,,,2020/5/21,https://www.lyggzy.com.cn/lyztb/InfoDetail/?InfoID=e29727eb-d643-4d4d-bdb9-105f4955581c&CategoryNum=084002,47c81718ac22660cff5b492df45061eb
龙岩市自然资源局国有建设用地使用权拍卖出让公告(龙自然告字[2019]2号),2019/3/21,龙岩市自然资源局国有建设用地使用权拍卖出让公告(龙自然告字[2019]2号),,2019年4月15日上午9时,出让公告,2019拍-G03,,,龙州工业园硬质合金园，江山公路西侧,工矿仓储用地-工业用地（专用设备制造业）,,50年,,,,,,,,,≥1.0且＜1.2,,20%,,≤24m,,(万元/公顷)：,3505219BB0003,,,153万元,,762万元,,2万元,,,,,,,,,0597-2291438,陈女士、黄先生,,,,,,,2020/5/21,https://www.lyggzy.com.cn/lyztb/InfoDetail/?InfoID=e29727eb-d643-4d4d-bdb9-105f4955581c&CategoryNum=084002,47c81718ac22660cff5b492df45061eb
龙岩市自然资源局国有建设用地使用权拍卖出让公告(龙自然告字[2019]2号),2019/3/21,龙岩市自然资源局国有建设用地使用权拍卖出让公告(龙自然告字[2019]2号),,2019年4月15日上午9时,出让公告,2019拍-G04,,,江山公路东侧,工矿仓储用地-工业用地（通用设备制造业）,,50年,,,,,,,,,≥1.0且＜1.3,,20%,,≤24m,,(万元/公顷)：,3505119BB0002,,,41万元,,202万元,,2万元,,,,,,,,,0597-2291438,陈女士、黄先生,,,,,,,2020/5/21,https://www.lyggzy.com.cn/lyztb/InfoDetail/?InfoID=e29727eb-d643-4d4d-bdb9-105f4955581c&CategoryNum=084002,47c81718ac22660cff5b492df45061eb
龙岩市自然资源局国有建设用地使用权拍卖出让公告(龙自然告字[2019]2号),2019/3/21,龙岩市自然资源局国有建设用地使用权拍卖出让公告(龙自然告字[2019]2号),,2019年4月15日上午9时,出让公告,2019拍-G05,,,新罗区小池镇培斜村,工矿仓储用地-工业用地（酒制造业）,,50年,,,,,,,,,≥1.3且＜1.5,,20%,,≤32m,,(万元/公顷)：,3505319BA001,,,146万元,,728万元,,2万元,,,,,,,,,0597-2291438,陈女士、黄先生,,,,,,,2020/5/21,https://www.lyggzy.com.cn/lyztb/InfoDetail/?InfoID=e29727eb-d643-4d4d-bdb9-105f4955581c&CategoryNum=084002,47c81718ac22660cff5b492df45061eb
龙岩市自然资源局国有建设用地使用权拍卖出让公告(龙自然告字[2019]2号),2019/3/21,龙岩市自然资源局国有建设用地使用权拍卖出让公告(龙自然告字[2019]2号),,2019年4月15日上午9时,出让公告,2019拍-G06,,,新罗区龙台产业园苏坂片区美山张厝,工矿仓储用地-工业用地（废弃资源综合利用业）,,50年,,,,,,,,,≥1.0且＜1.2,,20%,,≤24m,,(万元/公顷)：,3508919BA0003,,,350万元,,1746万元,,2万元,,,,,,,,,0597-2291438,陈女士、黄先生,,,,,,,2020/5/21,https://www.lyggzy.com.cn/lyztb/InfoDetail/?InfoID=e29727eb-d643-4d4d-bdb9-105f4955581c&CategoryNum=084002,47c81718ac22660cff5b492df45061eb
龙岩市自然资源局国有建设用地使用权拍卖出让公告(龙自然告字[2019]2号),2019/3/21,龙岩市自然资源局国有建设用地使用权拍卖出让公告(龙自然告字[2019]2号),,2019年4月15日上午9时,出让公告,2019拍-G07,,,新罗区大池镇龙池工业区,工矿仓储用地-工业用地（农副食品加工业）,,50年,,,,,,,,,≥1.2且＜1.5,,20%,,≤24m,,(万元/公顷)：,3505119BB0003,,,268万元,,1339万元,,2万元,,,,,,,,,0597-2291438,陈女士、黄先生,,,,,,,2020/5/21,https://www.lyggzy.com.cn/lyztb/InfoDetail/?InfoID=e29727eb-d643-4d4d-bdb9-105f4955581c&CategoryNum=084002,47c81718ac22660cff5b492df45061eb
龙岩市自然资源局国有建设用地使用权拍卖出让公告(龙自然告字[2019]2号),2019/3/21,龙岩市自然资源局国有建设用地使用权拍卖出让公告(龙自然告字[2019]2号),,2019年4月15日上午9时,出让公告,2019拍-G08,,,曹溪街道龙麟水泥厂南侧,工矿仓储用地-工业用地（废弃资源综合利用业）,,50年,,,,,,,,40-45%,≥1.0且＜1.3,,20%,,≤50m,,(万元/公顷)：,3511619BB0005,,,155万元,,772万元,,2万元,,,,,,,,,0597-2291438,陈女士、黄先生,,,,,,,2020/5/21,https://www.lyggzy.com.cn/lyztb/InfoDetail/?InfoID=e29727eb-d643-4d4d-bdb9-105f4955581c&CategoryNum=084002,47c81718ac22660cff5b492df45061eb
龙岩市自然资源局国有建设用地使用权拍卖出让公告(龙自然告字[2019]2号),2019/3/21,龙岩市自然资源局国有建设用地使用权拍卖出让公告(龙自然告字[2019]2号),,2019年4月15日上午9时,出让公告,2019拍-G09,,,兴盛路北侧、龙旺路西侧,工矿仓储用地-工业用地（专用设备制造业）,,50年,,,,,,,,,≥1.0且＜1.3,,20%,,≤24m,,(万元/公顷)：,3505119BB0006,,,78万元,,386万元,,2万元,,,,,,,,,0597-2291438,陈女士、黄先生,,,,,,,2020/5/21,https://www.lyggzy.com.cn/lyztb/InfoDetail/?InfoID=e29727eb-d643-4d4d-bdb9-105f4955581c&CategoryNum=084002,47c81718ac22660cff5b492df45061eb
龙岩市自然资源局国有建设用地使用权拍卖出让公告(龙自然告字[2019]2号),2019/3/21,龙岩市自然资源局国有建设用地使用权拍卖出让公告(龙自然告字[2019]2号),,2019年4月15日上午9时,出让公告,2019拍-G010,,,兴盛路北侧、龙旺路西侧,工矿仓储用地-工业用地（通用设备制造）,,50年,,,,,,,,,≥1.0且＜1.6,,20%,,≤24m,,(万元/公顷)：,3505119BB0005,,,40万元,,199万元,,2万元,,,,,,,,,0597-2291438,陈女士、黄先生,,,,,,,2020/5/21,https://www.lyggzy.com.cn/lyztb/InfoDetail/?InfoID=e29727eb-d643-4d4d-bdb9-105f4955581c&CategoryNum=084002,47c81718ac22660cff5b492df45061eb
长汀县自然资源局国有建设用地使用权拍卖出让公告,2019/4/18,长汀县自然资源局国有建设用地使用权拍卖出让公告,汀自然告字z2019{4、5号,,出让公告,2019P01,2019P01,大同镇罗坊村,,商服用地―旅馆用地,,,商服40年,长汀县人民政府汀政综〔2019〕68号,1991.4,,,,,,1.2-1.8,,≥30%,檐口高度≤12,,,,,,,72万元,,,,5万元及5万元的整倍数,,,,,,,,长汀县行政服务中心自然资源窗口,0597-6802928,赖先生、林女士,,,,,,,2020/5/21,https://www.lyggzy.com.cn/lyztb/InfoDetail/?InfoID=c6fbca87-e16a-415f-9a9e-5be50b3e473d&CategoryNum=084002,8aae82c7e3988a4b1754a0b395208efe
长汀县自然资源局国有建设用地使用权拍卖出让公告,2019/4/18,长汀县自然资源局国有建设用地使用权拍卖出让公告,汀自然告字z2019{4、5号,,出让公告,2019P02,2019P02,大同镇罗坊村,,商服用地―旅馆用地,,,商服40年,长汀县人民政府汀政综〔2019〕69号,1143,,,,,,1.0-1.5,,≥30%,檐口高度≤13,,,,,,,38万元,,,,5万元及5万元的整倍数,,,,,,,,长汀县行政服务中心自然资源窗口,0597-6802928,赖先生、林女士,,,,,,,2020/5/21,https://www.lyggzy.com.cn/lyztb/InfoDetail/?InfoID=c6fbca87-e16a-415f-9a9e-5be50b3e473d&CategoryNum=084002,8aae82c7e3988a4b1754a0b395208efe
长汀县自然资源局国有建设用地使用权拍卖出让公告,2019/4/18,长汀县自然资源局国有建设用地使用权拍卖出让公告,汀自然告字z2019{4、5号,,出让公告,2019P08,2019P08,大同镇新庄村,,商服用地--娱乐用地,,,商服40年,长汀县人民政府汀政综〔2019〕70号,24826,,,,,,≤0.5,,≥35%,檐口高度≤12,,,,,,,320万元,,,,5万元及5万元的整倍数,,,,,,,,长汀县行政服务中心自然资源窗口,0597-6802928,赖先生、林女士,,,,,,,2020/5/21,https://www.lyggzy.com.cn/lyztb/InfoDetail/?InfoID=c6fbca87-e16a-415f-9a9e-5be50b3e473d&CategoryNum=084002,8aae82c7e3988a4b1754a0b395208efe
龙岩市永定区自然资源局国有建设用地使用权挂牌出让公告,2019/4/30,龙岩市永定区自然资源局国有建设用地使用权挂牌出让公告,,,出让公告,2019-挂-06,,洪山乡田梓村、樟罗村,,,工矿仓储用地―工业用地（非金属矿物制品业）,50年,,,,128116,127709,,,,0.9≤FAR≤3.0,,10%≤G≤20%,,,,,,,,,,,,,,2019年5月21日8时0分0秒, 2019年6月3日17时0分0秒,,2019年5月1日8时0分0秒至 2019年5月29日,2019年5月1日8时0分0秒至 2019年5月29日,2019年5月1日8时0分0秒至 2019年5月29日,龙岩市永定区自然资源局土地利用股 ；,0597-3011915；,土地利用股工作人员；,,,,,,,2020/5/21,https://www.lyggzy.com.cn/lyztb/InfoDetail/?InfoID=f2f74eb1-28bd-45d3-9338-d411679bf2db&CategoryNum=084002,78174a06b5762e00f81514692f68d822
连城县自然资源局国有土地使用权挂牌出让公告,2019/4/24,连城县自然资源局国有土地使用权挂牌出让公告,,,出让公告,G2019-1,,,,工矿仓储用地―工业用地（化学原料和化学制品制造业*其他专用化学产品制造）,,,50年,,79620,,,,,,≥0.9,,≤20,,,,,,,,188,,940,940,1,,,,,,,,连城县莲峰镇东环北路28号,0597-8912803）开具竞买保证金缴交票据，账户名称：龙岩市公共资源交易中心有限公司连城分公司, 江先生 ,,,,,,,2020/5/21,https://www.lyggzy.com.cn/lyztb/InfoDetail/?InfoID=92d02b10-86d2-4942-92e8-675a66e9c473&CategoryNum=084002,4011cb6f8d44447a8ab3304d8473f96e
龙岩市永定区自然资源局国有建设用地使用权挂牌出让公告,2019/4/30,龙岩市永定区自然资源局国有建设用地使用权挂牌出让公告,,,出让公告,2019-高新挂-02,,高陂镇平在村,,,工矿仓储用地―工业用地（汽车制造业）,50年,,,,,190082,,,,1.0≤FAR＜1.1,,20%,,,,,,,,770,,3850,3850,,,2019年5月3日8时0分0秒,2019年5月14日17时0分0秒 ,,2019年4月13日8时0分0秒至 2019年5月10日,2019年4月13日8时0分0秒至 2019年5月10日,2019年4月13日8时0分0秒至 2019年5月10日,龙岩市经济技术开发区（龙岩高新区）环境与国土规划建设局土地利用股 ；,0597-2596178；,土地利用股工作人员；,,,,,,,2020/5/21,https://www.lyggzy.com.cn/lyztb/InfoDetail/?InfoID=5f0bb1d5-3b21-4f46-9578-842f5b8d2bf1&CategoryNum=084002,c9ee729aa8cef97111e832311bdac358
龙岩市自然资源局国有建设用地使用权拍卖出让公告,2019/4/30,龙岩市自然资源局国有建设用地使用权拍卖出让公告,(龙自然告字[2019]3号),2019年5月22日上午9时,出让公告,2019拍-1,2019拍-1,龙岩紫金山体育公园内（紫金山体育公园D03地块）,,公共管理与公共服务用地-教育用地（营利性幼儿园）,,,公共管理与公共服务用地：50年,龙政地[2019] 86号,6408,,,6408,,25-30,≥0.8且<0.9,,30,≤24,,,,,,,,,1442,,,,,,,,,,,,廖女士、林先生,,,,,,,2020/5/21,https://www.lyggzy.com.cn/lyztb/InfoDetail/?InfoID=f4bacf89-4403-4e2d-a6f2-15de938ff6da&CategoryNum=084002,1fdfa2224bdcf8f5c127c296269b07bb
龙岩市自然资源局国有建设用地使用权拍卖出让公告,2019/4/30,龙岩市自然资源局国有建设用地使用权拍卖出让公告,(龙自然告字[2019]3号),2019年5月22日上午9时,出让公告,2019拍-2,2019拍-2,兴业路与龙达路交叉口西北侧（兴业小区二期地块）,,住宅用地-城镇住宅用地（普通商品房）,,,住宅：70年,龙政地[2019] 86号,19782,,,19782,,15-20.1,≥3.8且<4.291,,30-35,≤100,,,,,,,,,55365,,,,,,,,,,,,廖女士、林先生,,,,,,,2020/5/21,https://www.lyggzy.com.cn/lyztb/InfoDetail/?InfoID=f4bacf89-4403-4e2d-a6f2-15de938ff6da&CategoryNum=084002,1fdfa2224bdcf8f5c127c296269b07bb
龙岩市自然资源局国有建设用地使用权拍卖出让公告,2019/4/30,龙岩市自然资源局国有建设用地使用权拍卖出让公告,(龙自然告字[2019]3号),2019年5月22日上午9时,出让公告,2019拍-3,2019拍-3,人民西路北侧、龙岩大道西侧（西安金融小区地块）,,住宅用地-城镇住宅用地（普通商品房）,,,住宅：70年,龙政地[2019] 86号,90208,,,90208,,15-20,≥3.2且<3.74,,30-35,≤100,,,,,,,,,79170,,,,,,,,,,,,廖女士、林先生,,,,,,,2020/5/21,https://www.lyggzy.com.cn/lyztb/InfoDetail/?InfoID=f4bacf89-4403-4e2d-a6f2-15de938ff6da&CategoryNum=084002,1fdfa2224bdcf8f5c127c296269b07bb
龙岩市自然资源局国有建设用地使用权拍卖出让公告,2019/4/30,龙岩市自然资源局国有建设用地使用权拍卖出让公告,(龙自然告字[2019]3号),2019年5月22日上午9时,出让公告,2019拍-4,2019拍-4,南三龙铁路南侧，北二环西侧（北二环西侧1号出让地块）,,住宅用地-城镇住宅用地（普通商品房）,,,住宅：70年,龙政地[2019] 86号,26760,,,21606,,15-20,≥2.0且<2.2,,30-35,≤100（其中住宅建筑≥27，公共配套用房≤24）,,,,,,,,,12200,,,,,,,,,,,,廖女士、林先生,,,,,,,2020/5/21,https://www.lyggzy.com.cn/lyztb/InfoDetail/?InfoID=f4bacf89-4403-4e2d-a6f2-15de938ff6da&CategoryNum=084002,1fdfa2224bdcf8f5c127c296269b07bb
龙岩市永定区自然资源局国有建设用地使用权挂牌出让公告,2019/5/8,龙岩市永定区自然资源局国有建设用地使用权挂牌出让公告, 永自然资〔2019〕104号,,出让公告,2019-挂-07,,龙潭镇铜联村,,,工矿仓储用地―工业用地（非金属矿物制品业）,50年,,,,43082,43082,,,,0.9≤FAR≤3.0,,10%≤G≤20%,,,,,,,,,,,,,,2019年5月28日 8时0分0秒, 2019年6月10日17时0分0秒,,2019年5月28日 8时0分0秒至 2019年6月10日,2019年5月28日 8时0分0秒至 2019年6月10日,2019年5月28日 8时0分0秒至 2019年6月10日,龙岩市永定区自然资源局土地利用股 ；,0597-3011915 ；,土地利用股工作人员 ；,,,,,,,2020/5/21,https://www.lyggzy.com.cn/lyztb/InfoDetail/?InfoID=1184f617-3e3e-4397-a027-261c90713aa3&CategoryNum=084002,88b38ae8f3b86407942c0b3b9e690145
漳平市自然资源局国有土地使用权拍卖出让公告,2019/5/8,漳平市自然资源局国有土地使用权拍卖出让公告,,2019年06月06日10时00分,出让公告,2019拍-2号,,,,,,商服40年、住宅70年,,,,,,,5579平方米,,大于或等于5.5并且小于或等于6,,大于25,,,,万元/公顷,3505319BA0004,,净地,2880万元,,9600万元,,10万元,,,,2019年06月03日至2019年06月04日,,,,漳平市国土资源局建设用地股,0597-7539388，7538821,温先生、李女士,,,,,,,2020/5/21,https://www.lyggzy.com.cn/lyztb/InfoDetail/?InfoID=7f6af3f9-69ae-4a3b-8b73-ca4aa80cc482&CategoryNum=084002,6632a724f7a7dc624e5d837561c5e12d
武平县自然资源局关于武平县工业园区F08-1等2幅地块国有土地使用权挂牌出让公告,2019/5/9,武平县自然资源局关于武平县工业园区F08-1等2幅地块国有土地使用权挂牌出让公告,,,出让公告,G2019-5,,,,,,,,,,,66053,,,,≥1.0,,15-20,,,≥40,,,,,,136,,680,5万元/次,,2019年6月3日 8时0分0秒 , 2019年6月13日 16时0分0秒,,2019年5月10日8时0分0秒 至 2019年6月10日,2019年5月10日8时0分0秒 至 2019年6月10日,2019年5月10日8时0分0秒 至 2019年6月10日,平川街道西环路21-4号 ,,钟先生、童先生,龙岩市公共资源交易中心有限公司武平分公司,中国建设银行股份有限公司武平支行|武平农村信用合作联社营业部|泉州银行股份有限公司武平支行|中国邮政储蓄银行股份有限公司武平县支行,35050169740709188888；|9090610010010000097292；|0000014652956012；|935001010010930012,,,,2020/5/21,https://www.lyggzy.com.cn/lyztb/InfoDetail/?InfoID=2e35dd15-0efe-4d5b-bbb2-9b20e74a47ac&CategoryNum=084002,4959e83f7af290617cbf7ef37d1c73f5
武平县自然资源局关于武平县工业园区F08-1等2幅地块国有土地使用权挂牌出让公告,2019/5/9,武平县自然资源局关于武平县工业园区F08-1等2幅地块国有土地使用权挂牌出让公告,,,出让公告,G2019-6,,,,,,,,,,,77894,,,,≥1.0,,15-20,,,≥40,,,,,,163,,803,5万元/次,,2019年6月3日 8时0分0秒 , 2019年6月13日 16时0分0秒,,2019年5月10日8时0分0秒 至 2019年6月10日,2019年5月10日8时0分0秒 至 2019年6月10日,2019年5月10日8时0分0秒 至 2019年6月10日,平川街道西环路21-4号 ,,钟先生、童先生,龙岩市公共资源交易中心有限公司武平分公司,中国建设银行股份有限公司武平支行|武平农村信用合作联社营业部|泉州银行股份有限公司武平支行|中国邮政储蓄银行股份有限公司武平县支行,35050169740709188888；|9090610010010000097292；|0000014652956012；|935001010010930012,,,,2020/5/21,https://www.lyggzy.com.cn/lyztb/InfoDetail/?InfoID=2e35dd15-0efe-4d5b-bbb2-9b20e74a47ac&CategoryNum=084002,4959e83f7af290617cbf7ef37d1c73f5
武平县自然资源局国有土地使用权拍卖出让公告,2019/5/13,武平县自然资源局国有土地使用权拍卖出让公告,,,出让公告,P2019-1,,,,住宅用地-城镇住宅用地（普通住宅）,,住宅70年,,武政文〔2018〕322号,296,,,,,74.32,2.79,,25.68,,,,,,,,12,,60,,0.5,,,,,,,,,,钟先生、童先生,龙岩市公共资源交易中心有限公司武平分公司,中国建设银行股份有限公司武平支行|武平农村信用合作联社营业部|泉州银行股份有限公司武平支行|中国邮政储蓄银行股份有限公司武平县支行,35050169740709188888；|9090610010010000097292；|0000014652956012；|935001010010930012,,,,2020/5/21,https://www.lyggzy.com.cn/lyztb/InfoDetail/?InfoID=5b194afb-c99f-4af5-a6e4-c052357dd1cf&CategoryNum=084002,30de46f3ba62dbbf2e2a2f4226710baf
武平县自然资源局国有土地使用权拍卖出让公告,2019/5/13,武平县自然资源局国有土地使用权拍卖出让公告,,,出让公告,P2019-2,,,,住宅用地-城镇住宅用地（普通住宅）,,住宅70年,,武政文〔2018〕322号,403,,,,,72.7,2.73,,27.3,,,,,,,,16,,80,,0.5,,,,,,,,,,钟先生、童先生,龙岩市公共资源交易中心有限公司武平分公司,中国建设银行股份有限公司武平支行|武平农村信用合作联社营业部|泉州银行股份有限公司武平支行|中国邮政储蓄银行股份有限公司武平县支行,35050169740709188888；|9090610010010000097292；|0000014652956012；|935001010010930012,,,,2020/5/21,https://www.lyggzy.com.cn/lyztb/InfoDetail/?InfoID=5b194afb-c99f-4af5-a6e4-c052357dd1cf&CategoryNum=084002,30de46f3ba62dbbf2e2a2f4226710baf
武平县自然资源局国有土地使用权拍卖出让公告,2019/5/13,武平县自然资源局国有土地使用权拍卖出让公告,,,出让公告,P2019-4,,,,商服用地-商务金融用地（办公楼）,,商服40年,,武政文〔2019〕41号,625,,,,,≤44.8,≤2.2,,≥30,,,,,,,,10,,46,,1,,,,,,,,,,钟先生、童先生,龙岩市公共资源交易中心有限公司武平分公司,中国建设银行股份有限公司武平支行|武平农村信用合作联社营业部|泉州银行股份有限公司武平支行|中国邮政储蓄银行股份有限公司武平县支行,35050169740709188888；|9090610010010000097292；|0000014652956012；|935001010010930012,,,,2020/5/21,https://www.lyggzy.com.cn/lyztb/InfoDetail/?InfoID=5b194afb-c99f-4af5-a6e4-c052357dd1cf&CategoryNum=084002,30de46f3ba62dbbf2e2a2f4226710baf
武平县自然资源局国有土地使用权拍卖出让公告,2019/5/13,武平县自然资源局国有土地使用权拍卖出让公告,,,出让公告,P2019-5,,,,公共管理与公共服务用地-医疗卫生用地（康复中心）,,公共管理与公共服务50年,,武政文〔2019〕68号,4318,,,,,20-30,1.4-1.6,,≥35,,,,,,,,60,,300,,2,,,,,,,,,,钟先生、童先生,龙岩市公共资源交易中心有限公司武平分公司,中国建设银行股份有限公司武平支行|武平农村信用合作联社营业部|泉州银行股份有限公司武平支行|中国邮政储蓄银行股份有限公司武平县支行,35050169740709188888；|9090610010010000097292；|0000014652956012；|935001010010930012,,,,2020/5/21,https://www.lyggzy.com.cn/lyztb/InfoDetail/?InfoID=5b194afb-c99f-4af5-a6e4-c052357dd1cf&CategoryNum=084002,30de46f3ba62dbbf2e2a2f4226710baf
龙岩市自然资源局国有建设用地使用权拍卖出让公告,2019/5/16,龙岩市自然资源局国有建设用地使用权拍卖出让公告,,2019年6月11日上午9时,出让公告,2019拍-G11,,,龙祥路北侧，西外环西侧,工矿仓储用地-仓储用地（工业仓储）,,50年,,,,,,,,,≥0.8且＜1.1,,,,,,(万元/公顷)：,3505018BB0053,,,1167万元,,5835万元,,2万元,,,,,,,,,0597-2291438,陈女士、黄先生,,,,,,,2020/5/21,https://www.lyggzy.com.cn/lyztb/InfoDetail/?InfoID=72889b50-5a8f-4ab2-a2d5-aefe49db776c&CategoryNum=084002,225d579715b3e48e0dc307b7613a71e8
连城县自然资源局国有土地使用权挂牌出让公告,2019/5/15,连城县自然资源局国有土地使用权挂牌出让公告,,,出让公告,G2019-1,,,,工矿仓储用地―工业用地（农副食品加工业*其他未列明农副食品加工）,,,50年,,13322,,,,,,1.2≤,,≤20,,,,,,,,34,,167,167,1,,,,,,,,连城县莲峰镇东环北路28号,0597-8912803）开具竞买保证金缴交票据， 账户名称：龙岩市公共资源交易中心有限公司连城分公司, 江先生 ,,,,,,,2020/5/21,https://www.lyggzy.com.cn/lyztb/InfoDetail/?InfoID=a4c27b37-fcee-4521-a37a-5a9a8df35941&CategoryNum=084002,3555b0c68e104091e35a7f70eee70327
连城县自然资源局国有土地使用权拍卖出让公告,2019/6/1,连城县自然资源局国有土地使用权拍卖出让公告,,,出让公告,P2019-3,,,,住宅用地――城镇住宅用地（普通住宅）商服用地――零售商业用地（商铺，且不含商业办公用地）商服用地――批发市场用地（农贸市场，不可销售）商服用地――其他商服用地（停车楼，不可销售）,,,商服用地：40年；住宅用地：70年。,闽政地〔2018〕781号连政综〔2018〕319号,49161,,,,,＜40,1.0＜＜2.75,,≥30,,,,,,,,4350,,,,50,,,,,,,,连城县莲峰镇东环北路28号,0597-8912803）开具竞买保证金缴交票据， 账户名称：龙岩市公共资源交易中心有限公司连城分公司,钱女士 江先生,,,,,,,2020/5/21,https://www.lyggzy.com.cn/lyztb/InfoDetail/?InfoID=3c3030bc-a887-4e31-b31d-9cf655fd5de0&CategoryNum=084002,01296c8e8de1ead34201c178f4a96765
连城县自然资源局国有土地使用权拍卖出让公告,2019/6/1,连城县自然资源局国有土地使用权拍卖出让公告,,,出让公告,P2019-4,,,,住宅用地--城镇住宅用地（普通住宅）、商服用地--零售商业用地（商铺，且不含商业办公用地）,,,商服用地：40年；住宅用地：70年,连政综〔2018〕319号,2433,,,,,≤26,1.0＜＜2.14,,≥12,,,,,,,,130,,,,5,,,,,,,,连城县莲峰镇东环北路28号,0597-8912803）开具竞买保证金缴交票据， 账户名称：龙岩市公共资源交易中心有限公司连城分公司,钱女士 江先生,,,,,,,2020/5/21,https://www.lyggzy.com.cn/lyztb/InfoDetail/?InfoID=3c3030bc-a887-4e31-b31d-9cf655fd5de0&CategoryNum=084002,01296c8e8de1ead34201c178f4a96765
龙岩市永定区自然资源局国有建设用地使用权挂牌出让公告,2019/6/6,龙岩市永定区自然资源局国有建设用地使用权挂牌出让公告,永自然资〔2019〕128号,,出让公告,2019-挂-08,,永定工业园区西环路东侧,,,工矿仓储用地―工业用地（计算机、通讯和其他电子设备制造业）,50年,,,,30837,30837,,,,1.4≤FAR≤3.0,,10%≤G≤20%,,,,,,,,,,,,,,2019年6月26日 8时0分0秒, 2019年7月9日17时0分0秒,,2019年6月26日 8时0分0秒至 2019年7月9日,2019年6月26日 8时0分0秒至 2019年7月9日,2019年6月26日 8时0分0秒至 2019年7月9日,龙岩市永定区自然资源局土地利用股 ；,0597-3011915 ；,土地利用股工作人员 ；,,,,,,,2020/5/21,https://www.lyggzy.com.cn/lyztb/InfoDetail/?InfoID=9dc6126a-b216-43e9-8fc0-5b7ab0ec90cb&CategoryNum=084002,25548453f342883020e9c656ec33b455
连城县自然资源局国有土地使用权拍卖出让公告,2019/6/4,连城县自然资源局国有土地使用权拍卖出让公告,,,出让公告,P2019-3,,,,住宅用地――城镇住宅用地（普通住宅）商服用地――零售商业用地（商铺，且不含商业办公用地）商服用地――批发市场用地（农贸市场，不可销售）商服用地――其他商服用地（停车楼，不可销售）,,,商服用地：40年；住宅用地：70年。,闽政地〔2018〕781号连政综〔2018〕319号,49161,,,,,＜40,1.0＜＜2.75,,≥30,,,,,,,,4350,,,,50,,,,,,,,连城县莲峰镇东环北路28号,0597-8912803）开具竞买保证金缴交票据， 账户名称：龙岩市公共资源交易中心有限公司连城分公司,钱女士 江先生,,,,,,,2020/5/21,https://www.lyggzy.com.cn/lyztb/InfoDetail/?InfoID=0ddc1e36-7ac5-4efa-a2e4-c2709d1015ec&CategoryNum=084002,4f4cc0a76c8e4f2e30ae66070c3237d8
连城县自然资源局国有土地使用权拍卖出让公告,2019/6/4,连城县自然资源局国有土地使用权拍卖出让公告,,,出让公告,P2019-4,,,,住宅用地--城镇住宅用地（普通住宅）、商服用地--零售商业用地（商铺，且不含商业办公用地）,,,商服用地：40年；住宅用地：70年,连政综〔2018〕319号,2433,,,,,≤26,1.0＜＜2.14,,≥12,,,,,,,,130,,,,5,,,,,,,,连城县莲峰镇东环北路28号,0597-8912803）开具竞买保证金缴交票据， 账户名称：龙岩市公共资源交易中心有限公司连城分公司,钱女士 江先生,,,,,,,2020/5/21,https://www.lyggzy.com.cn/lyztb/InfoDetail/?InfoID=0ddc1e36-7ac5-4efa-a2e4-c2709d1015ec&CategoryNum=084002,4f4cc0a76c8e4f2e30ae66070c3237d8
龙岩市永定区自然资源局国有建设用地使用权拍卖出让公告,2019/6/14,龙岩市永定区自然资源局国有建设用地使用权拍卖出让公告,,2019年7月10日上午10时整,出让公告,2019-拍-09,,体育中心运动场南侧,,,住宅用地―城镇住宅用地（普通住宅）、商服用地―零售商业用地（商店、不含商业办公）,住宅70年，商业40年,,,,5750,5225,,,,1.0＜FAR≤2.8,,≥30%,,,,,,,,439,,2195,2195,,,2019年6月15日,7月5日的正常上班时间，,2019年6月15日至7月5日的正常上班时间，,,,,龙岩市永定区自然资源局土地利用股 ；,0597-3011915 ；,土地利用股工作人员 ；,,,,,,,2020/5/21,https://www.lyggzy.com.cn/lyztb/InfoDetail/?InfoID=781939fe-b8f8-4dc6-a85b-14f28eb5f491&CategoryNum=084002,4db860f5fd27e3856ff3392c9317bc15
龙岩市永定区自然资源局国有建设用地使用权拍卖出让公告,2019/6/14,龙岩市永定区自然资源局国有建设用地使用权拍卖出让公告,,2019年7月10日上午10时整,出让公告,2019-拍-10,,凤城街道体育馆对面,,,住宅用地―城镇住宅用地（普通住宅）、商服用地―零售商业用地（商店、不含商业办公）,住宅70年，商业40年,,,,6413,6413,,,,1.0＜FAR≤2.8,,≥30%,,,,,,,,577.2,,2886,2886,,,2019年6月15日,7月5日的正常上班时间，,2019年6月15日至7月5日的正常上班时间，,,,,龙岩市永定区自然资源局土地利用股 ；,0597-3011915 ；,土地利用股工作人员 ；,,,,,,,2020/5/21,https://www.lyggzy.com.cn/lyztb/InfoDetail/?InfoID=781939fe-b8f8-4dc6-a85b-14f28eb5f491&CategoryNum=084002,4db860f5fd27e3856ff3392c9317bc15
武平县自然资源局关于武平县工业园区H04-21等2幅地块国有土地使用权挂牌出让公告,2019/7/3,武平县自然资源局关于武平县工业园区H04-21等2幅地块国有土地使用权挂牌出让公告,,,出让公告,G2019-7,,,,,,,,,,,33333,,,,≥1.4,,15-20,,,≥40,,,,,,68,,340,2万元/次,,2019年7月25日 8时0分0秒 , 2019年8月5日 16时0分0秒,,2019年7月25日 8时0分0秒 至 2019年8月5日,2019年7月25日 8时0分0秒 至 2019年8月5日,2019年7月25日 8时0分0秒 至 2019年8月5日,平川街道西环路21-4号 ,,钟先生、童先生,龙岩市公共资源交易中心有限公司武平分公司,中国建设银行股份有限公司武平支行|武平农村信用合作联社营业部|泉州银行股份有限公司武平支行|中国邮政储蓄银行股份有限公司武平县支行,35050169740709188888；|9090610010010000097292；|0000014652956012；|935001010010930012,,,,2020/5/21,https://www.lyggzy.com.cn/lyztb/InfoDetail/?InfoID=bd499685-9f0f-4c3f-a6f1-f94b2c312c15&CategoryNum=084002,4bdb84b0c04c8d3a2334c08a415c8eb5
武平县自然资源局关于武平县工业园区H04-21等2幅地块国有土地使用权挂牌出让公告,2019/7/3,武平县自然资源局关于武平县工业园区H04-21等2幅地块国有土地使用权挂牌出让公告,,,出让公告,G2019-8,,,,,,,,,,,5757,,,,≥0.7,,15-20,,,≥40,,,,,,11,,53,1万元/次,,2019年7月25日 8时0分0秒 , 2019年8月5日 16时0分0秒,,2019年7月25日 8时0分0秒 至 2019年8月5日,2019年7月25日 8时0分0秒 至 2019年8月5日,2019年7月25日 8时0分0秒 至 2019年8月5日,平川街道西环路21-4号 ,,钟先生、童先生,龙岩市公共资源交易中心有限公司武平分公司,中国建设银行股份有限公司武平支行|武平农村信用合作联社营业部|泉州银行股份有限公司武平支行|中国邮政储蓄银行股份有限公司武平县支行,35050169740709188888；|9090610010010000097292；|0000014652956012；|935001010010930012,,,,2020/5/21,https://www.lyggzy.com.cn/lyztb/InfoDetail/?InfoID=bd499685-9f0f-4c3f-a6f1-f94b2c312c15&CategoryNum=084002,4bdb84b0c04c8d3a2334c08a415c8eb5
漳平市自然资源局国有土地使用权拍卖出让公告,2019/7/17,漳平市自然资源局国有土地使用权拍卖出让公告,,,出让公告,2019拍-1号,,,,,,70年,,,,,,,32784平方米,,大于或等于2.3并且小于或等于2.5,,大于或等于30,,,,万元/公顷,3505019BA0018,,净地,2430万元,,8100万元,,10万元,,,,2019年08月06日 至 2019年08月09日,2019年08月06日 至 2019年08月09日,2019年08月06日 至 2019年08月09日,2019年08月06日 至 2019年08月09日,漳平市自然资源局自然资源开发利用与国土空间用途管制股,0597-7538821,李女士，张女士,,,,,,,2020/5/21,https://www.lyggzy.com.cn/lyztb/InfoDetail/?InfoID=a06ec1da-7c05-4b41-a060-d95a1120d44b&CategoryNum=084002,83f0d0aaf4bcd3e0d78d8156385605d7
漳平市自然资源局国有土地使用权拍卖出让公告,2019/7/17,漳平市自然资源局国有土地使用权拍卖出让公告,,,出让公告,2019拍-3号,,,,,,70年,,,,,,,5976平方米,,大于或等于4.3并且小于或等于4.8,,大于或等于25,,,,万元/公顷,3505319BC0003,,净地,1650万元,,5500万元,,10万元,,,,2019年08月06日 至 2019年08月09日,2019年08月06日 至 2019年08月09日,2019年08月06日 至 2019年08月09日,2019年08月06日 至 2019年08月09日,漳平市自然资源局自然资源开发利用与国土空间用途管制股,0597-7538821,李女士，张女士,,,,,,,2020/5/21,https://www.lyggzy.com.cn/lyztb/InfoDetail/?InfoID=a06ec1da-7c05-4b41-a060-d95a1120d44b&CategoryNum=084002,83f0d0aaf4bcd3e0d78d8156385605d7
漳平市自然资源局国有土地使用权拍卖出让公告 （更正公告）,2019/7/18,漳平市自然资源局国有土地使用权拍卖出让公告 （更正公告）,,,出让公告,2019拍-1号,,,,,,70年,,,,,,,32784平方米,,大于或等于2.3并且小于或等于2.5,,大于或等于30,,,,万元/公顷,3505019BA0018,,净地,2430万元,,8100万元,,10万元,,,,2019年08月06日 至 2019年08月09日,2019年08月06日 至 2019年08月09日,2019年08月06日 至 2019年08月09日,2019年08月06日 至 2019年08月09日,漳平市自然资源局自然资源开发利用与国土空间用途管制股,0597-7538821,李女士，张女士,,,,,,,2020/5/21,https://www.lyggzy.com.cn/lyztb/InfoDetail/?InfoID=ea291058-cafa-44fd-b7fe-55688ed2a54d&CategoryNum=084002,511ff70c43b6466f8ea7fbab0f991fc5
漳平市自然资源局国有土地使用权拍卖出让公告 （更正公告）,2019/7/18,漳平市自然资源局国有土地使用权拍卖出让公告 （更正公告）,,,出让公告,2019拍-3号,,,,,,70年,,,,,,,5976平方米,,大于或等于4.3并且小于或等于4.8,,大于或等于25,,,,万元/公顷,3505319BC0003,,净地,1650万元,,5500万元,,10万元,,,,2019年08月06日 至 2019年08月09日,2019年08月06日 至 2019年08月09日,2019年08月06日 至 2019年08月09日,2019年08月06日 至 2019年08月09日,漳平市自然资源局自然资源开发利用与国土空间用途管制股,0597-7538821,李女士，张女士,,,,,,,2020/5/21,https://www.lyggzy.com.cn/lyztb/InfoDetail/?InfoID=ea291058-cafa-44fd-b7fe-55688ed2a54d&CategoryNum=084002,511ff70c43b6466f8ea7fbab0f991fc5
上杭县自然资源局国有土地使用权拍卖出让公告,2019/7/23,上杭县自然资源局国有土地使用权拍卖出让公告,           杭自然资告字[2019]04号,2019年08月14日09时30分,出让公告,2019拍01,,,上杭临城镇西郊村地段,住宅用地-城镇住宅用地（普通住宅）出让年限：70年,,70年,,,,,,,23193平方米,小于或等于20,大于1并且小于或等于2.4,,大于35,,小于或等于80,,万元/公顷,3510519BB0002,,净地,1760万元,,8800万元,,10万元,,,,2019年07月23日至2019年08月12日,,,,上杭县北环中路171号,0597-3132818,王先生、邓女士,,,,,,,2020/5/21,https://www.lyggzy.com.cn/lyztb/InfoDetail/?InfoID=86a393d4-4970-4d3a-84e4-2dce4129c570&CategoryNum=084002,40e1d1de7ce788f0e5338dccc3d83b8b
上杭县自然资源局国有土地使用权拍卖出让公告,2019/7/23,上杭县自然资源局国有土地使用权拍卖出让公告,           杭自然资告字[2019]04号,2019年08月14日09时30分,出让公告,2019拍03号,,,上杭县北环路与西环路交叉口西南侧,普通商品房,,40年、70年,,,,,,,6437平方米,小于或等于20,大于1并且小于或等于3,,大于25,,小于或等于80,,万元/公顷,3508619BA0004,,净地,1160万元,,5800万元,,10万元,,,,2019年07月23日至2019年08月12日,,,,上杭县北环中路171号,0597-3132818,王先生、邓女士,,,,,,,2020/5/21,https://www.lyggzy.com.cn/lyztb/InfoDetail/?InfoID=86a393d4-4970-4d3a-84e4-2dce4129c570&CategoryNum=084002,40e1d1de7ce788f0e5338dccc3d83b8b
长汀县自然资源局国有建设用地使用权拍卖出让公告,2019/8/9,长汀县自然资源局国有建设用地使用权拍卖出让公告,,,出让公告,2019P13,2019P13,大同镇罗坊村,,商服用地―批发市场用地（农贸市场）、零售商业用地；住宅用地―城镇住宅用地,,,商服40年住宅70年,长汀县人民政府汀政综〔2019〕190号,43500,,,,,,1.5-1.8,,≥30%,檐口高度≤24米,,,,,,,5460万元,,,,10万元及10万元的整倍数,,,,,,,,长汀县行政服务中心自然资源窗口,0597-6802928,赖先生、林女士,,,,,,,2020/5/21,https://www.lyggzy.com.cn/lyztb/InfoDetail/?InfoID=371e3d33-09d8-4998-aeb6-4489a77b25f2&CategoryNum=084002,ceff73e646c15cd275da74c590f1fb4d
龙岩市自然资源局国有建设用地使用权拍卖出让公告,2019/8/13,龙岩市自然资源局国有建设用地使用权拍卖出让公告,(龙自然告字[2019]9号)经龙岩市人民政府批准，龙岩市自然资源局定于2019年9月4日上午9时，在龙岩市公共资源交易中心五楼3号交易厅（交易厅3），拍卖出让三幅国有建设用地使用权。现就有关事项公告如下：,2019年9月4日上午9时,出让公告,2019拍-10,2019拍-10,北外环南侧、龙岩北出口西侧（数字经济产业园A地块）,,商服用地-零售商业用地（商店）、商服用地-旅馆用地（酒店、服务型公寓）、商服用地－商务金融用地（办公楼、写字楼）,,,商服：40年,龙政地[2019] 123号,83725,,,83725,,20-30,≥1.4且<1.6,,30-35,≤100,,,,,,,,,12800,,,,,,,,,,,,廖先生、林先生,,,,,,,2020/5/21,https://www.lyggzy.com.cn/lyztb/InfoDetail/?InfoID=5f9a9f41-067f-4f83-8579-601b6b5b352a&CategoryNum=084002,458707db84be97415eaf5e6d359e6447
龙岩市自然资源局国有建设用地使用权拍卖出让公告,2019/8/13,龙岩市自然资源局国有建设用地使用权拍卖出让公告,(龙自然告字[2019]9号)经龙岩市人民政府批准，龙岩市自然资源局定于2019年9月4日上午9时，在龙岩市公共资源交易中心五楼3号交易厅（交易厅3），拍卖出让三幅国有建设用地使用权。现就有关事项公告如下：,2019年9月4日上午9时,出让公告,2019拍-11,2019拍-11,志高动漫城南侧，龙腾南路西侧（东园C出让地块）,,住宅用地-城镇住宅用地（普通商品房）、商服用地-零售商业用地（商店，不含商业办公）,,,商服：40年住宅：70年,龙政地[2019] 123号,47881,,,43933,,10月20日,≥1.5且<2.0,,30-40,≤80（其中住宅建筑≥24米，商业建筑≤12）,,,,,,,,,33000,,,,,,,,,,,,廖先生、林先生,,,,,,,2020/5/21,https://www.lyggzy.com.cn/lyztb/InfoDetail/?InfoID=5f9a9f41-067f-4f83-8579-601b6b5b352a&CategoryNum=084002,458707db84be97415eaf5e6d359e6447
龙岩市自然资源局国有建设用地使用权拍卖出让公告,2019/8/13,龙岩市自然资源局国有建设用地使用权拍卖出让公告,(龙自然告字[2019]9号)经龙岩市人民政府批准，龙岩市自然资源局定于2019年9月4日上午9时，在龙岩市公共资源交易中心五楼3号交易厅（交易厅3），拍卖出让三幅国有建设用地使用权。现就有关事项公告如下：,2019年9月4日上午9时,出让公告,2019拍-13,2019拍-13,青云路南侧，民园路东侧（龙州1号地块）,,住宅用地－城镇住宅用地（普通商品房）、公共管理与公共服务用地－教育用地（幼儿园）、商服用地－零售商业用地（商店，不含商业办公）,,,商服：40年住宅：70年公共管理与公共服务：50年,龙政地[2019] 123号,32084,,,30442,,10月20日,≥1.8且<2.1,,30-40,≤54（其中住宅建筑≥24，幼儿园建筑≤20）,,,,,,,,,16000,,,,,,,,,,,,廖先生、林先生,,,,,,,2020/5/21,https://www.lyggzy.com.cn/lyztb/InfoDetail/?InfoID=5f9a9f41-067f-4f83-8579-601b6b5b352a&CategoryNum=084002,458707db84be97415eaf5e6d359e6447
龙岩市自然资源局国有建设用地使用权拍卖出让公告,2019/8/20,龙岩市自然资源局国有建设用地使用权拍卖出让公告,(龙自然告字[2019]10号)经龙岩市人民政府批准，龙岩市自然资源局定于2019年9月12日上午9时，在龙岩市公共资源交易中心五楼3号交易厅（交易厅3），拍卖出让三幅国有建设用地使用权。现就有关事项公告如下：,2019年9月12日上午9时,出让公告,2019拍-12,2019拍-12,龙腾北路东侧，罗龙东路北侧（西安溪垅1号地块）,,商服用地-批发市场用地（水果批发市场）,,,商服：40年,龙政地[2019] 123号,7140,,,7140,,25-35,≥1.2且<1.5,,15-25,≤16,,,,,,,,,4150,,,,,,,,,,,,廖先生、林先生,,,,,,,2020/5/21,https://www.lyggzy.com.cn/lyztb/InfoDetail/?InfoID=667fef56-e5bf-4062-936e-f7544cb034f4&CategoryNum=084002,ffda5a43757462786747e03fa08d6400
龙岩市自然资源局国有建设用地使用权拍卖出让公告,2019/8/20,龙岩市自然资源局国有建设用地使用权拍卖出让公告,(龙自然告字[2019]10号)经龙岩市人民政府批准，龙岩市自然资源局定于2019年9月12日上午9时，在龙岩市公共资源交易中心五楼3号交易厅（交易厅3），拍卖出让三幅国有建设用地使用权。现就有关事项公告如下：,2019年9月12日上午9时,出让公告,2019拍-14,2019拍-14,罗龙路北侧，西站北路东侧（大洋文苑小区地块）,,住宅用地-城镇住宅用地（普通商品房、安置房）、商服用地-零售商业用地（商场、商店，不含商业办公）,,,商服：40年住宅：70年,龙政地[2019] 123号,31135,,,31135,,20-30,≥3.5且<4.1,,30-40,≤100,,,,,,,,,32000,,,,,,,,,,,,廖先生、林先生,,,,,,,2020/5/21,https://www.lyggzy.com.cn/lyztb/InfoDetail/?InfoID=667fef56-e5bf-4062-936e-f7544cb034f4&CategoryNum=084002,ffda5a43757462786747e03fa08d6400
龙岩市自然资源局国有建设用地使用权拍卖出让公告,2019/8/20,龙岩市自然资源局国有建设用地使用权拍卖出让公告,(龙自然告字[2019]10号)经龙岩市人民政府批准，龙岩市自然资源局定于2019年9月12日上午9时，在龙岩市公共资源交易中心五楼3号交易厅（交易厅3），拍卖出让三幅国有建设用地使用权。现就有关事项公告如下：,2019年9月12日上午9时,出让公告,2019拍-15,2019拍-15,华莲路、犀牛路交叉口西南侧（陈陂2号地块）,,住宅用地-城镇住宅用地（普通商品房）、商服用地-零售商业用地（商店、商场、超市，不含商业办公）,,,商服：40年 住宅：70年,龙政地[2019] 123号,5840,,,5840,,25-35,≥2.8且<3.11,,30-35,≤100,,,,,,,,,8200,,,,,,,,,,,,廖先生、林先生,,,,,,,2020/5/21,https://www.lyggzy.com.cn/lyztb/InfoDetail/?InfoID=667fef56-e5bf-4062-936e-f7544cb034f4&CategoryNum=084002,ffda5a43757462786747e03fa08d6400
武平县自然资源局国有土地使用权拍卖出让公告,2019/8/26,武平县自然资源局国有土地使用权拍卖出让公告,武自然告字〔2019〕13号,,出让公告,P2019-6,,,,商服用地-旅馆用地（四星级以下宾馆）,,商服40年,,武政文〔2019〕162号,12353,,,,,25-35,1.0-1.5,,≥30,,,,,,,,300,,1500,,10,,,,,,,,,,钟先生、童先生,龙岩市公共资源交易中心有限公司武平分公司,中国建设银行股份有限公司武平支行|武平农村信用合作联社营业部|泉州银行股份有限公司武平支行|中国邮政储蓄银行股份有限公司武平县支行,35050169740709188888；|9090610010010000097292；|0000014652956012；|935001010010930012,,,,2020/5/21,https://www.lyggzy.com.cn/lyztb/InfoDetail/?InfoID=34f17c50-2fc1-40ae-8640-29035e477695&CategoryNum=084002,699b0cc65c9c7c9b4b2cc7dabfa21434
武平县自然资源局关于象洞镇联坊村赖屋角子地块国有土地使用权挂牌出让公告,2019/8/26,武平县自然资源局关于象洞镇联坊村赖屋角子地块国有土地使用权挂牌出让公告,武自然告字〔2019〕14号,,出让公告,G2019-9,,,,,,,,,,,6667,,,,≥1.2,,15-20,,,≥40,,,,,,12,,60,1万元/次,,2019年9月16日8时0分0秒 , 2019年9月26日16时0分0秒,,2019年8月26日8时0分0秒 至 2019年9月23日,2019年8月26日8时0分0秒 至 2019年9月23日,2019年8月26日8时0分0秒 至 2019年9月23日,平川街道西环路21-4号 ,,钟先生、童先生,龙岩市公共资源交易中心有限公司武平分公司,中国建设银行股份有限公司武平支行|武平农村信用合作联社营业部|泉州银行股份有限公司武平支行|中国邮政储蓄银行股份有限公司武平县支行,35050169740709188888；|9090610010010000097292；|0000014652956012；|935001010010930012,,,,2020/5/21,https://www.lyggzy.com.cn/lyztb/InfoDetail/?InfoID=77127280-e34b-4ba4-884d-b2e21baf1d06&CategoryNum=084002,557ceb20bfa27ad1f8d4627179865839
龙岩市自然资源局国有建设用地使用权拍卖出让公告,2019/9/17,龙岩市自然资源局国有建设用地使用权拍卖出让公告,(龙自然告字[2019]6号)经龙岩市人民政府批准，龙岩市自然资源局定于2019年10月10日上午9时，在龙岩市公共资源交易中心五楼3号交易厅（交易厅3），拍卖出让一幅国有建设用地使用权（棚户区改造“毛地”出让项目）。现就有关事项公告如下：,2019年10月10日上午9时,出让公告,2019拍-9,2019拍-9,华莲路与曹溪北路交叉口西南角、石锣鼓公园北侧（苏溪棚户区改造D1地块）,,商服用地-零售商业用地（商店，不含商业办公）、住宅用地-城镇住宅用地（普通商品房、安置房）,,,住宅：70年商服：40年,龙政地[2019] 86号龙政地[2019] 112号,17073,,,17073,,20-25,≥3.2且<3.7,,30-35,≤100,,,,,,,,,17620,,,,,,,,,,,,廖先生、林先生,,,,,,,2020/5/21,https://www.lyggzy.com.cn/lyztb/InfoDetail/?InfoID=5a5337ce-f29f-4a61-aeab-083139e8daa6&CategoryNum=084002,7fbab6cde27b2fa109a70e1ca6c5c45f
长汀县自然资源局国有建设用地使用权拍卖出让,2019/9/17,长汀县自然资源局国有建设用地使用权拍卖出让,,2019年9月24日上午10时,出让公告,2019P11,2019P11,大同镇红卫村,,商服用地―批发市场用地（农贸市场）,,,商服40年,长汀县人民政府汀政综〔2019〕193号,14044,,,,,,1.2-2.5,,≥10%,≤24,,,,,,,930万元,,,,10万元及10万元的整倍数,,,,,,,,长汀县行政服务中心自然资源窗口,0597-6802928,赖先生、林女士,,,,,,,2020/5/21,https://www.lyggzy.com.cn/lyztb/InfoDetail/?InfoID=6ec7c5ca-f2ee-43b1-b235-080e4dbb7752&CategoryNum=084002,4dfc477cbe526759fc72b27eb79ea4da
龙岩市永定区自然资源局国有建设用地使用权挂牌出让公告,2019/9/17,龙岩市永定区自然资源局国有建设用地使用权挂牌出让公告,永自然资〔2019〕215号,,出让公告,2019-挂-01,,永定区城郊镇古一村,,,工矿仓储用地―工业用地（食品制造业）,50年,,,,24757,19965,,,,1.2≤FAR≤3.0,,10%≤G≤20%,,,,,,,,,,,,,,2019年10月8日 8时0分0秒, 2019年10月21日17时0分0秒,,2019年9月18日 8时0分0秒至 2019年10月16日,2019年9月18日 8时0分0秒至 2019年10月16日,2019年9月18日 8时0分0秒至 2019年10月16日,龙岩市永定区凤城街道南通路70号 ；,0597-3011915 ；,管制利用股工作人员 ；,,,,,,,2020/5/21,https://www.lyggzy.com.cn/lyztb/InfoDetail/?InfoID=83f622a2-e09f-4948-93ff-49a89a59b4bc&CategoryNum=084002,8b3a18d1d1fec66ad1b0cf0fec75ecba
