文件标题,信息时间,正文标题,公告编号,出让时间,公告类型,地块编号,地块位置,土地用途,土地面积(公顷),出让年限,成交价(万元),受让单位,土地现状,土地使用条件,备注,公示期,联系方式,单位地址,邮政编码,联系电话,联系人,联系单位,电子邮件,爬取地址url,唯一标识,
龙岩市永定区自然资源局国有建设用地使用权挂牌出让成交公示,2019/6/4,龙岩市永定区自然资源局国有建设用地使用权挂牌出让成交公示,,,出让结果,2019-挂-06,洪山乡田梓村、樟罗村,工矿仓储用地―工业用地（非金属矿物制品业）,12.7709,50年,1472,永定红（福建）石材产业发展有限公司,净地,,,满后，无异议或虽有异议但经审查没有发现存在违反法律法规行为的，我局将与该公司签订出让合同，相关事宜在合同中约定,,福建省龙岩市永定区凤城街道南通路70号,364100,0597-3011915,土地利用股工作人员,龙岩市永定区自然资源局,,2020/5/21,https://www.lyggzy.com.cn/lyztb/InfoDetail/?InfoID=6d067b0b-c696-4d92-b877-e97a40fee324&CategoryNum=084001,b365e305f51654025cb2de726f4c9c40
漳平市自然资源局国有土地使用权出让成交公示,2019/10/22,漳平市自然资源局国有土地使用权出让成交公示,漳成交告字[2019]15号 ,,出让结果,2019拍-5号,华龙两地块中间菁城街道八一路以南滨江路以北,普通商品房,0.5579,70年,9610,漳平市华龙房地产开发有限公司,净地,,,2019年10月22日至2019年10月26日 ,,漳平市江滨路626号漳平市自然资源局,364400,0597-7538821,张女士、李女士,漳平市自然资源局自然资源开发利用与国土空间用途管理股,zp7523678@163.com,2020/5/21,https://www.lyggzy.com.cn/lyztb/InfoDetail/?InfoID=13a6aee5-b3c4-495b-9a5f-fc7d4a2183f0&CategoryNum=084001,b68f33cfab93ad23c8d977413b8871b5
长汀县自然资源局国有建设用地使用权拍卖出让成交结果公告,2019/11/5,长汀县自然资源局国有建设用地使用权拍卖出让成交结果公告,根据长汀县自然资源局国有建设用地使用权拍卖出让公告（汀自然告字[2019]8号 ），下列竞买人报价、竞价符合拍买人要求，报价竞价结果有效，现予公告：,,出让结果,,大同镇罗坊村,商服用地、住宅用地,43500,40、70,42700,杨江勇,,,,,,,,,,,,2020/5/21,https://www.lyggzy.com.cn/lyztb/InfoDetail/?InfoID=c1ec9c61-16af-4dbb-bee9-177989d5f9c3&CategoryNum=084001,79fb705536b4c0bcc453c21c6793a044
长汀县自然资源局国有建设用地使用权拍卖出让成交结果公告,2019/11/5,长汀县自然资源局国有建设用地使用权拍卖出让成交结果公告,根据长汀县自然资源局国有建设用地使用权拍卖出让公告（汀自然告字[2019]14、15号 ），下列竞买人报价、竞价符合拍买人要求，报价竞价结果有效，现予公告：,,出让结果,,大同镇印黄村,商服用地―旅馆用地（四星级酒店）,11090,40,4730,俞开琛,,,,,,,,,,,,2020/5/21,https://www.lyggzy.com.cn/lyztb/InfoDetail/?InfoID=307426c7-544c-4dbf-a4c2-334451f819f5&CategoryNum=084001,af25d00963df87be7b8eaad486ad6b66
长汀县自然资源局国有建设用地使用权拍卖出让成交结果公告,2019/11/5,长汀县自然资源局国有建设用地使用权拍卖出让成交结果公告,根据长汀县自然资源局国有建设用地使用权拍卖出让公告（汀自然告字[2019]14、15号 ），下列竞买人报价、竞价符合拍买人要求，报价竞价结果有效，现予公告：,,出让结果,,大同镇南里村,商服用地-批发市场用地（烟花爆竹批发、仓储）,608,40,70,彭小雪,,,,,,,,,,,,2020/5/21,https://www.lyggzy.com.cn/lyztb/InfoDetail/?InfoID=307426c7-544c-4dbf-a4c2-334451f819f5&CategoryNum=084001,af25d00963df87be7b8eaad486ad6b66
长汀县自然资源局国有建设用地使用权拍卖出让成交结果公告,2019/11/5,长汀县自然资源局国有建设用地使用权拍卖出让成交结果公告,根据长汀县自然资源局国有建设用地使用权拍卖出让公告（汀自然告字[2019]9号 ），下列竞买人报价、竞价符合拍买人要求，报价竞价结果有效，现予公告：,,出让结果,,大同镇红卫村,商服用地―批发市场用地,14044,40,8090,温州宏茗置业有限公司,,,,,,,,,,,,2020/5/21,https://www.lyggzy.com.cn/lyztb/InfoDetail/?InfoID=3c28d23d-096e-4abd-848a-c948a82477b2&CategoryNum=084001,f9a5047d67a4b2e16c1707f280bb3d9b
连城县自然资源局国有土地使用权招拍挂出让成交公示,2019/11/15,连城县自然资源局国有土地使用权招拍挂出让成交公示,,,出让结果,P2018-17,连城县冠豸山旅游经济开发区,旅馆用地,0.6666,40年,760,连城广大福酒店管理有限公司,净地,具备基本动工开发条件,,2019年11月15日 至 2019年11月21日 ,,连城县东环北路28号,366200,0597-3320230,揭业镔,自然资源开发利用股,,2020/5/21,https://www.lyggzy.com.cn/lyztb/InfoDetail/?InfoID=d722fb5b-233e-49ff-b697-f96b95c90c5b&CategoryNum=084001,6087a28a4e0f9c13bf81a67e07df0d11
龙岩市新罗区芦内矿区建筑用凝灰岩矿（机制砂用）采矿权拍卖出让公示,2019/11/29,龙岩市新罗区芦内矿区建筑用凝灰岩矿（机制砂用）采矿权拍卖出让公示,,,出让结果,,新罗区适中镇,,,10年,肆仟零贰拾万元整（￥:4020万元整）,龙岩市伟鸿矿业有限公司,,,,内对出让矿权有异议的，请以书面材料形式送：龙岩市国土资源交易评审中心或新罗区自然资源局（以公示期内收到时间为准）,,,,0597-2236936,,,,2020/5/21,https://www.lyggzy.com.cn/lyztb/InfoDetail/?InfoID=5e62359c-d379-41cf-b9f8-4277cdaffaa4&CategoryNum=084001,6e769c1307807d2571bf87aec6af0cfd
龙岩市新罗区珍坑矿区建筑用花岗岩矿（机制砂用）采矿权拍卖出让公示,2019/11/29,龙岩市新罗区珍坑矿区建筑用花岗岩矿（机制砂用）采矿权拍卖出让公示,,,出让结果,,新罗区白沙镇,,,10年,陆佰玖拾伍万肆仟贰佰元整（￥:695.42万元整）,龙岩市藿溪键龙工贸有限公司,,,,内对出让矿权有异议的，请以书面材料形式送：龙岩市国土资源交易评审中心或新罗区自然资源局（以公示期内收到时间为准）,,,,0597-2236936,,,,2020/5/21,https://www.lyggzy.com.cn/lyztb/InfoDetail/?InfoID=81c182b0-9fda-4eac-91fb-87d10eee9749&CategoryNum=084001,a06321048972ba702ce523afac9f6d43
福建省武平县文溪矿区建筑用花岗岩矿（机制砂用）采矿权拍卖出让公示,2019/11/29,福建省武平县文溪矿区建筑用花岗岩矿（机制砂用）采矿权拍卖出让公示,,,出让结果,,武平县城厢镇,,,20年,壹亿伍仟叁佰伍拾万元整（￥:15350万元整）,武平华润矿业有限公司,,,,内对出让矿权有异议的，请以书面材料形式送：龙岩市国土资源交易评审中心或武平县自然资源局（以公示期内收到时间为准）,,,,0597-2236936,,,,2020/5/21,https://www.lyggzy.com.cn/lyztb/InfoDetail/?InfoID=98d49471-72d6-4f9d-b58e-77d6dcc025a5&CategoryNum=084001,5a460f5a654990d671e524cc57c69f6b
龙岩市自然资源局国有土地使用权招拍挂出让成交公示龙自然示字[2019]6号,2019/11/29,龙岩市自然资源局国有土地使用权招拍挂出让成交公示龙自然示字[2019]6号,,,出让结果,2019拍-16,龙跃路东侧,住宅用地-城镇住宅用地（普通商品房）,7.7747,住宅：70年,40820,福建福能红炭山置业有限公司,净地,现状,,2019年11月29日 至 2019年12月6日 ,,龙岩市新罗区莲新南路2号,364000,0597-2212028,廖先生、林先生,龙岩市自然资源局,lytdlyk@163.com,2020/5/21,https://www.lyggzy.com.cn/lyztb/InfoDetail/?InfoID=df9b77e0-53f2-421c-8d50-a4e79e7c4b4a&CategoryNum=084001,549c38347abc9fb87da72db7af5edf18
龙岩市永定区自然资源局国有建设用地使用权拍卖出让成交公示,2019/12/13,龙岩市永定区自然资源局国有建设用地使用权拍卖出让成交公示,,,出让结果,2019-拍-14,永定区北环路圆通寺旁（世纪华泰住宅小区南侧）,住宅用地-城镇住宅用地（普通住宅）、商服用地-零售商业用地（商店，不含商业办公）、公共管理与公共服务用地-教育用地（幼儿园）,3.6705,商业40、住宅70、公共管理与公共服务用地50,9498,龙岩市永定区宏辉城市建设发展有限公司,净地,,,满后，无异议或虽有异议但经审查没有发现存在违反法律法规行为的，我局将与竞得人签订出让合同，相关事宜在合同中约定,,福建省龙岩市永定区凤城街道南通路70号,364100,0597-3011915,管制利用股工作人员,龙岩市永定区自然资源局,,2020/5/21,https://www.lyggzy.com.cn/lyztb/InfoDetail/?InfoID=c4dd86a4-6154-4939-ac61-f62d09e596e7&CategoryNum=084001,61091eba72ed9bfbab1c0da9cd902a37
龙岩市永定区自然资源局国有建设用地使用权拍卖出让成交公示,2019/12/13,龙岩市永定区自然资源局国有建设用地使用权拍卖出让成交公示,,,出让结果,2019-拍-15,永定城区下坑片区,住宅用地―城镇住宅用地（普通住宅）、商服用地―零售商业用地（商店，不含商业办公），,0.7525,住宅70年，商业40年,2818,龙岩市永定区宏辉城市建设发展有限公司,净地,,,满后，无异议或虽有异议但经审查没有发现存在违反法律法规行为的，我局将与竞得人签订出让合同，相关事宜在合同中约定,,福建省龙岩市永定区凤城街道南通路70号,364100,0597-3011915,管制利用股工作人员,龙岩市永定区自然资源局,,2020/5/21,https://www.lyggzy.com.cn/lyztb/InfoDetail/?InfoID=c4dd86a4-6154-4939-ac61-f62d09e596e7&CategoryNum=084001,61091eba72ed9bfbab1c0da9cd902a37
上杭县自然资源局国有土地使用权招拍挂出让成交公示,2019/12/30,上杭县自然资源局国有土地使用权招拍挂出让成交公示,,,出让结果,2019拍04,客家新城龙翔大道南侧实验中学西侧,商用,3.901,40年,5164,福建兴城实业有限公司,净地,按现状,,2019年12月26日至 2019年12月30日,,上杭县北环中路171号,364200,0597-3132818,王先生、邓女士,上杭县自然资源局,,2020/5/21,https://www.lyggzy.com.cn/lyztb/InfoDetail/?InfoID=afba91cc-071c-4c93-b0b9-cb77912aa5e6&CategoryNum=084001,c02ce88a83de1b971756e67e9304101d
漳平市自然资源局国有土地使用权出让成交公示,2020/1/2,漳平市自然资源局国有土地使用权出让成交公示,漳成交告字[2019]18号,,出让结果,2019拍-6号,漳平市桂林街道,商服用地-零售商业用地（商场，商店，超市）；住宅用地-城镇住宅用地（普通商品房）,0.6154,商服40年,2230,漳平市万山房地产开发有限公司,净地,,,2019年12月31日至2020年01月04日 ,,漳平市江滨路626号,364400,0597-7538821,李女士、张女士,漳平市自然资源局自然资源开发利用与国土空间用途管制股,,2020/5/21,https://www.lyggzy.com.cn/lyztb/InfoDetail/?InfoID=81fe0507-65d3-427a-9dd8-b3fe58bba4e6&CategoryNum=084001,82da9a89228f246d57282b0d75ecc4cd
龙岩市新罗区珍坑矿区建筑用花岗岩矿（机制砂用）采矿权拍卖出让公示龙矿交易示字〔2020〕1号,2020/1/8,龙岩市新罗区珍坑矿区建筑用花岗岩矿（机制砂用）采矿权拍卖出让公示龙矿交易示字〔2020〕1号,,,出让结果,,新罗区白沙镇,,,10年,陆佰玖拾伍万肆仟贰佰元整（￥:695.42万元整）,龙岩市藿溪键龙工贸有限公司,,,,内对出让矿权有异议的，请以书面材料形式送：龙岩市国土资源交易评审中心或新罗区自然资源局（以公示期内收到时间为准）,,,,0597-2236936,,,,2020/5/21,https://www.lyggzy.com.cn/lyztb/InfoDetail/?InfoID=6a07f01f-ed8b-4ba0-9b8e-1bcfb5f2e6f5&CategoryNum=084001,4185064286f6b4d8d7fc68256dd7cb2c
龙岩市自然资源局国有土地使用权招拍挂出让成交公示,2020/1/2,龙岩市自然资源局国有土地使用权招拍挂出让成交公示,,,出让结果,2019拍-17,金鸡路与岩龙路交叉口东北侧,住宅用地-城镇住宅用地（普通商品房、安置房）,2.0907,住宅：70年,35400,龙岩利瑞房地产开发有限公司,净地,净地,,2019年12月27日 至 2020年1月3日 ,,龙岩市新罗区莲新南路2号,364000,0597-2212028,廖先生、林先生,龙岩市自然资源局,lytdlyk@163.com,2020/5/21,https://www.lyggzy.com.cn/lyztb/InfoDetail/?InfoID=0c434460-a1e6-46d9-8850-b70df917a263&CategoryNum=084001,d9cb99f7384b6b21d99b6a07da0308bd
龙岩市自然资源局国有土地使用权招拍挂出让成交公示,2020/1/2,龙岩市自然资源局国有土地使用权招拍挂出让成交公示,,,出让结果,2019拍-18,龙岩紫金山体育公园内，紫金山南环路北侧,住宅用地-城镇住宅用地（普通商品房）、商服用地-零售商业用地（商铺，不含商业办公）,8.5384,住宅：70年,76850,龙岩远盛房地产开发有限公司,净地,净地,,2019年12月27日 至 2020年1月3日 ,,龙岩市新罗区莲新南路2号,364000,0597-2212028,廖先生、林先生,龙岩市自然资源局,lytdlyk@163.com,2020/5/21,https://www.lyggzy.com.cn/lyztb/InfoDetail/?InfoID=0c434460-a1e6-46d9-8850-b70df917a263&CategoryNum=084001,d9cb99f7384b6b21d99b6a07da0308bd
龙岩市自然资源局国有土地使用权招拍挂出让成交公示,2020/1/2,龙岩市自然资源局国有土地使用权招拍挂出让成交公示,,,出让结果,2019拍-19,龙岩市交通公路管理中心东侧，金鸡路北侧,住宅用地-城镇住宅用地（普通商品房）,3.2413,住宅：70年,56000,龙岩利瑞房地产开发有限公司,净地,净地,,2019年12月27日 至 2020年1月3日 ,,龙岩市新罗区莲新南路2号,364000,0597-2212028,廖先生、林先生,龙岩市自然资源局,lytdlyk@163.com,2020/5/21,https://www.lyggzy.com.cn/lyztb/InfoDetail/?InfoID=0c434460-a1e6-46d9-8850-b70df917a263&CategoryNum=084001,d9cb99f7384b6b21d99b6a07da0308bd
龙岩市自然资源局国有土地使用权招拍挂出让成交公示,2020/1/2,龙岩市自然资源局国有土地使用权招拍挂出让成交公示,,,出让结果,2019拍-21,铁山龙津河北侧,住宅用地-城镇住宅用地（普通商品房）,2.6187,住宅：70年,5450,龙岩市百嘉康养投资有限公司,净地,净地,,2019年12月27日 至 2020年1月3日 ,,龙岩市新罗区莲新南路2号,364000,0597-2212028,廖先生、林先生,龙岩市自然资源局,lytdlyk@163.com,2020/5/21,https://www.lyggzy.com.cn/lyztb/InfoDetail/?InfoID=0c434460-a1e6-46d9-8850-b70df917a263&CategoryNum=084001,d9cb99f7384b6b21d99b6a07da0308bd
龙岩市自然资源局国有土地使用权招拍挂出让成交公示,2020/1/2,龙岩市自然资源局国有土地使用权招拍挂出让成交公示,,,出让结果,2019拍-22,铁山龙津河北侧,住宅用地-城镇住宅用地（普通商品房）,3.8849,住宅：70年,8080,龙岩市百嘉康养投资有限公司,净地,净地,,2019年12月27日 至 2020年1月3日 ,,龙岩市新罗区莲新南路2号,364000,0597-2212028,廖先生、林先生,龙岩市自然资源局,lytdlyk@163.com,2020/5/21,https://www.lyggzy.com.cn/lyztb/InfoDetail/?InfoID=0c434460-a1e6-46d9-8850-b70df917a263&CategoryNum=084001,d9cb99f7384b6b21d99b6a07da0308bd
龙岩市永定区自然资源局国有建设用地使用权拍卖出让成交公示,2020/1/15,龙岩市永定区自然资源局国有建设用地使用权拍卖出让成交公示,,,出让结果,2019-拍-17,古竹乡大德村古竹中心小学校园旁,住宅用地-城镇住宅用地（普通住宅）,,住宅70,52,苏建丰（个人）,净地,,,满后，无异议或虽有异议但经审查没有发现存在违反法律法规行为的，我局将与竞得人签订出让合同，相关事宜在合同中约定,,福建省龙岩市永定区凤城街道南通路70号,364100,0597-3011915,管制利用股工作人员,龙岩市永定区自然资源局,,2020/5/21,https://www.lyggzy.com.cn/lyztb/InfoDetail/?InfoID=95a27bf2-605a-40c8-b1bf-92d9896e354a&CategoryNum=084001,6b5c8624d29aa5e3f2b773bb52a76478
连城县自然资源局国有土地使用权招拍挂出让成交公示,2020/1/16,连城县自然资源局国有土地使用权招拍挂出让成交公示,,,出让结果,P2019-16,连城县莲峰镇李彭村,普通商品房,0.8684,70年,,刘英贵,净地,现状,,2020年01月14日 至 2020年01月19日 ,,连城县东环北路28号,366200,0597-3320230,揭业镔,自然资源开发利用股,,2020/5/21,https://www.lyggzy.com.cn/lyztb/InfoDetail/?InfoID=b4e722ce-2370-426f-8913-39ce7e2ea2c8&CategoryNum=084001,b4d326c4a43567c6b431f8b6a29d105a
连城县自然资源局国有土地使用权招拍挂出让成交公示,2020/1/16,连城县自然资源局国有土地使用权招拍挂出让成交公示,,,出让结果,X2019-10,连城县北部新城,社会福利用地,0.6377,50年,,张国清,净地,现状,,2020年01月14日 至 2020年01月19日 ,,连城县东环北路28号,366200,0597-3320230,揭业镔,自然资源开发利用股,,2020/5/21,https://www.lyggzy.com.cn/lyztb/InfoDetail/?InfoID=b4e722ce-2370-426f-8913-39ce7e2ea2c8&CategoryNum=084001,b4d326c4a43567c6b431f8b6a29d105a
上杭县自然资源局国有土地使用权招拍挂出让成交公示,2020/1/21,上杭县自然资源局国有土地使用权招拍挂出让成交公示,,,出让结果,2020拍02号,临城镇二环路南侧西环路西侧,住宅用地-城镇住宅用地（普通商品房）,5.2221,商业用地40年、住宅用地70年,39070,厦门鼎丰盛企业管理有限公司,净地,,,2020年01月20日至2020年01月24日,,上杭县北环中路171号,364200,0597-3132818,王先生、邓女士,上杭县自然资源局,,2020/5/21,https://www.lyggzy.com.cn/lyztb/InfoDetail/?InfoID=5c03a5ac-b20d-4342-a931-ce7bedcdd488&CategoryNum=084001,babdc2e5dcefe2e0e2158692439e147f
上杭县自然资源局国有土地使用权招拍挂出让成交公示,2020/1/21,上杭县自然资源局国有土地使用权招拍挂出让成交公示,,,出让结果,2020拍03号,临城镇二环路南侧西环路西侧,住宅用地-城镇住宅用地（普通商品房）,6.7377,商业用地40年、住宅用地70年,52030,融侨集团股份有限公司,净地,,,2020年01月20日至2020年01月24日,,上杭县北环中路171号,364200,0597-3132818,王先生、邓女士,上杭县自然资源局,,2020/5/21,https://www.lyggzy.com.cn/lyztb/InfoDetail/?InfoID=5c03a5ac-b20d-4342-a931-ce7bedcdd488&CategoryNum=084001,babdc2e5dcefe2e0e2158692439e147f
龙岩市永定区自然资源局国有建设用地使用权挂牌出让成交公示,2019/6/14,龙岩市永定区自然资源局国有建设用地使用权挂牌出让成交公示,,,出让结果,2019-挂-07,龙潭镇铜联村,工矿仓储用地―工业用地（非金属矿物制品业）,4.3082,50年,483,龙岩市福居新型建材有限公司,净地,,,满后，无异议或虽有异议但经审查没有发现存在违反法律法规行为的，我局将与该公司签订出让合同，相关事宜在合同中约定,,福建省龙岩市永定区凤城街道南通路70号,364100,0597-3011915,土地利用股工作人员,龙岩市永定区自然资源局,,2020/5/21,https://www.lyggzy.com.cn/lyztb/InfoDetail/?InfoID=469710ae-84dd-45e2-8d29-66ca04f7dccf&CategoryNum=084001,07e49939ead3c3f6d788367e0152488d
武平县自然资源局国有土地使用权招拍挂出让成交公示,2019/6/19,武平县自然资源局国有土地使用权招拍挂出让成交公示,,,出让结果,P2019-1,东留镇大明村,城镇住宅用地,0.0296,70年,60,徐华荣、徐金荣、徐春荣,,,,2019年06月05日 至 2019年06月11日,,平川街道西环路21-4,364300,0597-4828082,钟先生,武平县自然资源局,,2020/5/21,https://www.lyggzy.com.cn/lyztb/InfoDetail/?InfoID=145985e3-cd33-49d6-b9d9-8b4b2eac171b&CategoryNum=084001,26b4fd08cff33ab9f6864c122f6997b8
武平县自然资源局国有土地使用权招拍挂出让成交公示,2019/6/19,武平县自然资源局国有土地使用权招拍挂出让成交公示,,,出让结果,P2019-2,东留镇大明村,城镇住宅用地,0.0403,70年,80,何钦恭、何镇恭、何堂恭、何太恭、何扬恭,,,,2019年06月05日 至 2019年06月11日,,平川街道西环路21-4,364300,0597-4828082,钟先生,武平县自然资源局,,2020/5/21,https://www.lyggzy.com.cn/lyztb/InfoDetail/?InfoID=145985e3-cd33-49d6-b9d9-8b4b2eac171b&CategoryNum=084001,26b4fd08cff33ab9f6864c122f6997b8
武平县自然资源局国有土地使用权招拍挂出让成交公示,2019/6/19,武平县自然资源局国有土地使用权招拍挂出让成交公示,,,出让结果,P2019-4,万安镇下镇村,商务金融用地,0.0625,40年,46,武平县万欣农业发展有限公司,,,,2019年06月05日 至 2019年06月11日,,平川街道西环路21-4,364300,0597-4828082,钟先生,武平县自然资源局,,2020/5/21,https://www.lyggzy.com.cn/lyztb/InfoDetail/?InfoID=145985e3-cd33-49d6-b9d9-8b4b2eac171b&CategoryNum=084001,26b4fd08cff33ab9f6864c122f6997b8
武平县自然资源局国有土地使用权招拍挂出让成交公示,2019/6/19,武平县自然资源局国有土地使用权招拍挂出让成交公示,,,出让结果,P2019-5,城厢镇始通村,医疗卫生用地,0.4318,50年,302,武平三新康复医院有限公司,,,,2019年06月05日 至 2019年06月11日,,平川街道西环路21-4,364300,0597-4828082,钟先生,武平县自然资源局,,2020/5/21,https://www.lyggzy.com.cn/lyztb/InfoDetail/?InfoID=145985e3-cd33-49d6-b9d9-8b4b2eac171b&CategoryNum=084001,26b4fd08cff33ab9f6864c122f6997b8
武平县自然资源局国有土地使用权招拍挂出让成交公示,2019/6/19,武平县自然资源局国有土地使用权招拍挂出让成交公示,,,出让结果,P2019-1,东留镇大明村,城镇住宅用地,0.0296,70年,60,徐华荣、徐金荣、徐春荣,,,,2019年06月05日 至 2019年06月11日 ,,平川街道西环路21-4,364300,0597-4828082,钟先生,武平县自然资源局,,2020/5/21,https://www.lyggzy.com.cn/lyztb/InfoDetail/?InfoID=9ddee4e3-dac1-4a1e-ad97-670d088bb03e&CategoryNum=084001,b84440116526fdf5afeb6c90afa4b6f0
武平县自然资源局国有土地使用权招拍挂出让成交公示,2019/6/19,武平县自然资源局国有土地使用权招拍挂出让成交公示,,,出让结果,P2019-2,东留镇大明村,城镇住宅用地,0.0403,70年,80,何钦恭、何镇恭、何堂恭、何太恭、何扬恭,,,,2019年06月05日 至 2019年06月11日 ,,平川街道西环路21-4,364300,0597-4828082,钟先生,武平县自然资源局,,2020/5/21,https://www.lyggzy.com.cn/lyztb/InfoDetail/?InfoID=9ddee4e3-dac1-4a1e-ad97-670d088bb03e&CategoryNum=084001,b84440116526fdf5afeb6c90afa4b6f0
武平县自然资源局国有土地使用权招拍挂出让成交公示,2019/6/19,武平县自然资源局国有土地使用权招拍挂出让成交公示,,,出让结果,P2019-4,万安镇下镇村,商务金融用地,0.0625,40年,46,武平县万欣农业发展有限公司,,,,2019年06月05日 至 2019年06月11日 ,,平川街道西环路21-4,364300,0597-4828082,钟先生,武平县自然资源局,,2020/5/21,https://www.lyggzy.com.cn/lyztb/InfoDetail/?InfoID=9ddee4e3-dac1-4a1e-ad97-670d088bb03e&CategoryNum=084001,b84440116526fdf5afeb6c90afa4b6f0
武平县自然资源局国有土地使用权招拍挂出让成交公示,2019/6/19,武平县自然资源局国有土地使用权招拍挂出让成交公示,,,出让结果,P2019-5,城厢镇始通村,医疗卫生用地,0.4318,50年,302,武平三新康复医院有限公司,,,,2019年06月05日 至 2019年06月11日 ,,平川街道西环路21-4,364300,0597-4828082,钟先生,武平县自然资源局,,2020/5/21,https://www.lyggzy.com.cn/lyztb/InfoDetail/?InfoID=9ddee4e3-dac1-4a1e-ad97-670d088bb03e&CategoryNum=084001,b84440116526fdf5afeb6c90afa4b6f0
武平县自然资源局国有土地使用权招拍挂出让成交公示,2019/6/19,武平县自然资源局国有土地使用权招拍挂出让成交公示,,,出让结果,G2019-5,武平县工业园区F08-1地块,工业用地,6.6053,50年,680,福建吉信德科技有限公司,,,,2019年06月14日 至 2019年06月20日,,平川街道西环路21-4,364300,0597-4828082,钟先生,武平县自然资源局,,2020/5/21,https://www.lyggzy.com.cn/lyztb/InfoDetail/?InfoID=b340e61d-577a-45b3-ab3b-5a959077bcc4&CategoryNum=084001,61d0b7c9120a6ae9d5684c10e0c4db5a
武平县自然资源局国有土地使用权招拍挂出让成交公示,2019/6/19,武平县自然资源局国有土地使用权招拍挂出让成交公示,,,出让结果,G2019-6,武平县工业园区D03、D04-3地块,工业用地,7.7894,50年,803,武平工业园区投资发展有限公司,,,,2019年06月14日 至 2019年06月20日,,平川街道西环路21-4,364300,0597-4828082,钟先生,武平县自然资源局,,2020/5/21,https://www.lyggzy.com.cn/lyztb/InfoDetail/?InfoID=b340e61d-577a-45b3-ab3b-5a959077bcc4&CategoryNum=084001,61d0b7c9120a6ae9d5684c10e0c4db5a
龙岩市永定区自然资源局国有建设用地使用权拍卖出让成交公示,2019/7/10,龙岩市永定区自然资源局国有建设用地使用权拍卖出让成交公示,,,出让结果,2019-拍-09,体育中心运动场南侧,住宅用地―城镇住宅用地（普通住宅）、商服用地―零售商业用地（商店，不含商业办公），,0.5225,住宅70年，商业40年,2675,,净地,,,满后，无异议或虽有异议但经审查没有发现存在违反法律法规行为的，我局将与竞得人签订出让合同，相关事宜在合同中约定,,福建省龙岩市永定区凤城街道南通路70号,364100,0597-3011915,土地利用股工作人员,龙岩市永定区自然资源局,,2020/5/21,https://www.lyggzy.com.cn/lyztb/InfoDetail/?InfoID=dde87c60-76d3-4596-846c-932e0763965d&CategoryNum=084001,e648c28d616c6c48def6222d840b0b2f
龙岩市永定区自然资源局国有建设用地使用权拍卖出让成交公示,2019/7/10,龙岩市永定区自然资源局国有建设用地使用权拍卖出让成交公示,,,出让结果,2019-拍-10,凤城街道体育中心,住宅用地―城镇住宅用地（普通住宅）、商服用地―零售商业用地（商店，不含商业办公），,0.6413,住宅70年，商业40年,4246,,净地,,,满后，无异议或虽有异议但经审查没有发现存在违反法律法规行为的，我局将与竞得人签订出让合同，相关事宜在合同中约定,,福建省龙岩市永定区凤城街道南通路70号,364100,0597-3011915,土地利用股工作人员,龙岩市永定区自然资源局,,2020/5/21,https://www.lyggzy.com.cn/lyztb/InfoDetail/?InfoID=dde87c60-76d3-4596-846c-932e0763965d&CategoryNum=084001,e648c28d616c6c48def6222d840b0b2f
龙岩市自然资源局国有土地使用权招拍挂出让成交公示,2019/7/25,龙岩市自然资源局国有土地使用权招拍挂出让成交公示,龙自然示字[2019]2号,,出让结果,2019拍-5,紫金山体育公园内，紫金山北环路西侧,住宅用地-城镇住宅用地（普通商品房）、商服用地-零售商业用地（商铺，不含商业办公）、商服用地-餐饮用地（饭店）,12.8804,商服：40年,143200,龙岩融鑫房地产开发有限公司,净地,现状,,2019年7月24日 至 2019年7月31日 ,,龙岩市新罗区莲新南路2号,364000,0597-2212028,廖先生、林先生,龙岩市自然资源局,lytdlyk@163.com,2020/5/21,https://www.lyggzy.com.cn/lyztb/InfoDetail/?InfoID=fe30647f-9f43-44c6-8467-38e6f3cdb5c4&CategoryNum=084001,179870160ff8158f4b5371b2cf4033e6
龙岩市自然资源局国有土地使用权招拍挂出让成交公示,2019/7/25,龙岩市自然资源局国有土地使用权招拍挂出让成交公示,龙自然示字[2019]2号,,出让结果,2019拍-6,龙腾路西侧、华鼎公馆小区北侧,住宅用地-城镇住宅用地（普通商品房、安置房）、商服用地-零售商业用地（商场、商铺、超市，不含商业办公）,3.5409,商服：40年,54200,厦门衡臻置业有限公司,净地,现状,,2019年7月24日 至 2019年7月31日 ,,龙岩市新罗区莲新南路2号,364000,0597-2212028,廖先生、林先生,龙岩市自然资源局,lytdlyk@163.com,2020/5/21,https://www.lyggzy.com.cn/lyztb/InfoDetail/?InfoID=fe30647f-9f43-44c6-8467-38e6f3cdb5c4&CategoryNum=084001,179870160ff8158f4b5371b2cf4033e6
龙岩市自然资源局国有土地使用权招拍挂出让成交公示,2019/7/25,龙岩市自然资源局国有土地使用权招拍挂出让成交公示,龙自然示字[2019]2号,,出让结果,2019拍-7,五星路与金鸡路交叉口,住宅用地-城镇住宅用地（普通商品房）、商服用地-零售商业用地（商铺、商场、超市等，不含商业办公）、公共管理与公共服务用地-教育用地（幼儿园）,6.1831,商服：40年,70600,蔡云玉,净地,现状,,2019年7月24日 至 2019年7月31日 ,,龙岩市新罗区莲新南路2号,364000,0597-2212028,廖先生、林先生,龙岩市自然资源局,lytdlyk@163.com,2020/5/21,https://www.lyggzy.com.cn/lyztb/InfoDetail/?InfoID=fe30647f-9f43-44c6-8467-38e6f3cdb5c4&CategoryNum=084001,179870160ff8158f4b5371b2cf4033e6
龙岩市自然资源局国有土地使用权招拍挂出让成交公示,2019/7/25,龙岩市自然资源局国有土地使用权招拍挂出让成交公示,龙自然示字[2019]2号,,出让结果,2019拍-8,龙腾南路与东园路交叉口东南角,住宅用地-城镇住宅用地（普通商品房）、公共管理与公共服务用地-教育用地（幼儿园）、商服用地-零售商业用地（商店，不含商业办公）,4.3911,商服：40年,63000,蔡云玉,净地,现状,,2019年7月24日 至 2019年7月31日 ,,龙岩市新罗区莲新南路2号,364000,0597-2212028,廖先生、林先生,龙岩市自然资源局,lytdlyk@163.com,2020/5/21,https://www.lyggzy.com.cn/lyztb/InfoDetail/?InfoID=fe30647f-9f43-44c6-8467-38e6f3cdb5c4&CategoryNum=084001,179870160ff8158f4b5371b2cf4033e6
龙岩市永定区自然资源局国有建设用地使用权挂牌出让成交公示,2019/8/1,龙岩市永定区自然资源局国有建设用地使用权挂牌出让成交公示,,,出让结果,2019-挂-08,龙潭镇铜联村,工矿仓储用地―工业用地（计算机、通信和其他电子设备制造业）,3.0837,50年,482,福建康海通信科技有限公司,净地,,,满后，无异议或虽有异议但经审查没有发现存在违反法律法规行为的，我局将与该公司签订出让合同，相关事宜在合同中约定,,福建省龙岩市永定区凤城街道南通路70号,364100,0597-3011915,土地利用股工作人员,龙岩市永定区自然资源局,,2020/5/21,https://www.lyggzy.com.cn/lyztb/InfoDetail/?InfoID=d8c1d354-e9f9-4978-bc8c-db7a18ddd88c&CategoryNum=084001,75d071be399a1a1582475b266a9a8b67
龙岩市自然资源局国有土地使用权招拍挂出让成交公示,2019/8/9,龙岩市自然资源局国有土地使用权招拍挂出让成交公示,,,出让结果,2019挂-G12,兴盛路北侧、南三龙铁路南侧,工矿仓储用地-工业用地（金属制品业）,1.1053,50年,304,福建省龙岩市美家居工贸有限公司,净地,,,2019年8月9日 至 2019年8月16日,,福建省龙岩市莲新南路2号,364000,0597-2291438,杨小姐，谢先生,龙岩市自然资源局,,2020/5/21,https://www.lyggzy.com.cn/lyztb/InfoDetail/?InfoID=863ec637-c6f8-4d21-8624-1febd2c0c9e3&CategoryNum=084001,bf14e7cfc95fb8c545116f4e883895fd
漳平市自然资源局国有土地使用权出让成交公示,2019/8/13,漳平市自然资源局国有土地使用权出让成交公示,漳成交告字[2019]10号,,出让结果,2019拍-1号,漳平市火车站原粮食储备库,普通商品房,3.2784,70年,9510,福建万成房地产开发有限公司,净地,,,2019年08月13日至2019年08月17日 ,,漳平市江滨路626号漳平市自然资源局,364400,0597-7538821,张女士、李女士,漳平市自然资源局自然资源开发利用与国土空间用途管理股,,2020/5/21,https://www.lyggzy.com.cn/lyztb/InfoDetail/?InfoID=54a91442-441b-4bda-95da-8f60a2e9b7a3&CategoryNum=084001,5cef9cf27d43f19ed1331ca9f47e14b0
漳平市自然资源局国有土地使用权出让成交公示,2019/8/13,漳平市自然资源局国有土地使用权出让成交公示,漳成交告字[2019]10号,,出让结果,2019拍-3号,菁城街道福满村,普通商品房,0.5976,70年,5500,漳平市华N城市综合开发有限责任公司,净地,,,2019年08月13日至2019年08月17日 ,,漳平市江滨路626号漳平市自然资源局,364400,0597-7538821,张女士、李女士,漳平市自然资源局自然资源开发利用与国土空间用途管理股,,2020/5/21,https://www.lyggzy.com.cn/lyztb/InfoDetail/?InfoID=54a91442-441b-4bda-95da-8f60a2e9b7a3&CategoryNum=084001,5cef9cf27d43f19ed1331ca9f47e14b0
上杭县自然资源局国有土地使用权招拍挂出让成交公示,2019/8/15,上杭县自然资源局国有土地使用权招拍挂出让成交公示,,,出让结果,2019拍03号,上杭县北环路与西环路交叉口西南侧,普通商品房,0.6437,70年,8110,上杭县城市建设发展有限公司,净地,按现状,,2019年08月15日至 2019年08月19日,,上杭县北环中路171号,364200,0597-3132818,王先生、邓女士,上杭县自然资源局,,2020/5/21,https://www.lyggzy.com.cn/lyztb/InfoDetail/?InfoID=baaabbcb-c455-4b11-83a4-69854b51b00d&CategoryNum=084001,c519b49840b2b38fc1a523f8251b8485
龙岩市自然资源局国有土地使用权招拍挂出让成交公示,2019/8/29,龙岩市自然资源局国有土地使用权招拍挂出让成交公示,,,出让结果,2019拍-G13,蜈蚣山内位于高岭土公司选厂和矿区中间部位,非金属矿物制品业,7.6918,50年,2508,龙岩高岭土股份有限公司,净地,,,2019年08月23日 至 2019年08月29日 ,,龙岩市新罗区西城莲花小区自然资源大楼,364000,0597-2291438,杨女士、谢先生,龙岩市国土资源局新罗土地分局,,2020/5/21,https://www.lyggzy.com.cn/lyztb/InfoDetail/?InfoID=fcc6ad54-cd0e-4e09-8cfc-cb812325da1a&CategoryNum=084001,62d68a6d6adb3177f5e903bcaa97f2e4
龙岩市自然资源局国有土地使用权招拍挂出让成交公示,2019/8/29,龙岩市自然资源局国有土地使用权招拍挂出让成交公示,,,出让结果,2019拍-G14,地处蜈蚣山内位于高岭土公司北采场东侧,采矿用地,18.9436,50年,5248,龙岩高岭土股份有限公司,净地,,,2019年08月23日 至 2019年08月29日 ,,龙岩市新罗区西城莲花小区自然资源大楼,364000,0597-2291438,杨女士、谢先生,龙岩市国土资源局新罗土地分局,,2020/5/21,https://www.lyggzy.com.cn/lyztb/InfoDetail/?InfoID=fcc6ad54-cd0e-4e09-8cfc-cb812325da1a&CategoryNum=084001,62d68a6d6adb3177f5e903bcaa97f2e4
龙岩市自然资源局国有土地使用权招拍挂出让成交公示,2019/8/29,龙岩市自然资源局国有土地使用权招拍挂出让成交公示,,,出让结果,2019拍-G15,地处蜈蚣山内位于高岭土公司选厂和矿区中间,仓储用地,1.796,50年,573,龙岩高岭土股份有限公司,净地,,,2019年08月23日 至 2019年08月29日 ,,龙岩市新罗区西城莲花小区自然资源大楼,364000,0597-2291438,杨女士、谢先生,龙岩市国土资源局新罗土地分局,,2020/5/21,https://www.lyggzy.com.cn/lyztb/InfoDetail/?InfoID=fcc6ad54-cd0e-4e09-8cfc-cb812325da1a&CategoryNum=084001,62d68a6d6adb3177f5e903bcaa97f2e4
龙岩市自然资源局国有土地使用权招拍挂出让成交公示,2019/8/29,龙岩市自然资源局国有土地使用权招拍挂出让成交公示,,,出让结果,2019拍-G16,蜈蚣山内位于高岭土公司北采场东侧,采矿用地,10.2275,50年,2834,龙岩高岭土股份有限公司,净地,,,2019年08月23日 至 2019年08月29日 ,,龙岩市新罗区西城莲花小区自然资源大楼,364000,0597-2291438,杨女士、谢先生,龙岩市国土资源局新罗土地分局,,2020/5/21,https://www.lyggzy.com.cn/lyztb/InfoDetail/?InfoID=fcc6ad54-cd0e-4e09-8cfc-cb812325da1a&CategoryNum=084001,62d68a6d6adb3177f5e903bcaa97f2e4
龙岩市自然资源局国有土地使用权招拍挂出让成交公示,2019/8/29,龙岩市自然资源局国有土地使用权招拍挂出让成交公示,,,出让结果,2019拍-G17,地处蜈蚣山内位于高岭土公司北采场西侧,采矿用地,14.1225,50年,3658,龙岩高岭土股份有限公司,净地,,,2019年08月23日 至 2019年08月29日 ,,龙岩市新罗区西城莲花小区自然资源大楼,364000,0597-2291438,杨女士、谢先生,龙岩市国土资源局新罗土地分局,,2020/5/21,https://www.lyggzy.com.cn/lyztb/InfoDetail/?InfoID=fcc6ad54-cd0e-4e09-8cfc-cb812325da1a&CategoryNum=084001,62d68a6d6adb3177f5e903bcaa97f2e4
龙岩市自然资源局国有土地使用权招拍挂出让成交公示,2019/9/5,龙岩市自然资源局国有土地使用权招拍挂出让成交公示,龙自然示字[2019]3号,,出让结果,2019拍-10,北外环南侧、龙岩北出口西侧,,8.3725,商服：40年,12800,龙岩市龙雁建设开发有限公司,净地,现状,,2019年9月4日 至 2019年9月11日 ,,龙岩市新罗区莲新南路2号,364000,0597-2212028,廖先生、林先生,龙岩市自然资源局,lytdlyk@163.com,2020/5/21,https://www.lyggzy.com.cn/lyztb/InfoDetail/?InfoID=9830d68f-a267-4fa2-9551-cfbb029e29ef&CategoryNum=084001,3823f609b0cd800fd516b65557f22960
龙岩市自然资源局国有土地使用权招拍挂出让成交公示,2019/9/5,龙岩市自然资源局国有土地使用权招拍挂出让成交公示,龙自然示字[2019]3号,,出让结果,2019拍-11,志高动漫城南侧，龙腾南路西侧,住宅用地-城镇住宅用地（普通商品房）、商服用地-零售商业用地（商店，不含商业办公）,4.3933,商服：40年,33300,龙岩万嘉园房地产开发有限公司,净地,现状,,2019年9月4日 至 2019年9月11日 ,,龙岩市新罗区莲新南路2号,364000,0597-2212028,廖先生、林先生,龙岩市自然资源局,lytdlyk@163.com,2020/5/21,https://www.lyggzy.com.cn/lyztb/InfoDetail/?InfoID=9830d68f-a267-4fa2-9551-cfbb029e29ef&CategoryNum=084001,3823f609b0cd800fd516b65557f22960
龙岩市自然资源局国有土地使用权招拍挂出让成交公示,2019/9/5,龙岩市自然资源局国有土地使用权招拍挂出让成交公示,龙自然示字[2019]3号,,出让结果,2019拍-13,青云路南侧，民园路东侧,,3.0442,商服：40年,21900,温文辉,净地,现状,,2019年9月4日 至 2019年9月11日 ,,龙岩市新罗区莲新南路2号,364000,0597-2212028,廖先生、林先生,龙岩市自然资源局,lytdlyk@163.com,2020/5/21,https://www.lyggzy.com.cn/lyztb/InfoDetail/?InfoID=9830d68f-a267-4fa2-9551-cfbb029e29ef&CategoryNum=084001,3823f609b0cd800fd516b65557f22960
龙岩市自然资源局国有土地使用权招拍挂出让成交公示,2019/9/11,龙岩市自然资源局国有土地使用权招拍挂出让成交公示,,,出让结果,2019挂-G18,北外环南侧龙岩北出口西侧,通用设备制造业,6.415,50年,2342,龙岩市龙雁建设开发有限公司,净地,,,2019年09月10日至 2019年09月17日,,福建省龙岩市莲新南路2号,364000,0597-2291438,杨小姐，谢先生,龙岩市自然资源局,,2020/5/21,https://www.lyggzy.com.cn/lyztb/InfoDetail/?InfoID=749e41e0-7d06-472f-bd3e-970345f672a5&CategoryNum=084001,c597bc402bed1dc38c13b1f265e931cd
龙岩市自然资源局国有土地使用权招拍挂出让成交公示龙自然示字[2019]4号,2019/9/12,龙岩市自然资源局国有土地使用权招拍挂出让成交公示龙自然示字[2019]4号,龙自然示字[2019]4号,,出让结果,2019拍-12,龙腾北路东侧，罗龙东路北侧,商服用地-批发市场用地（水果批发市场）,0.714,商服：40年,4150,福建省龙岩市新罗区西城街道西安社区居民委员会,净地,现状,,2019年9月12日 至 2019年9月20日 ,,龙岩市新罗区莲新南路2号,364000,0597-2212028,廖先生、林先生,龙岩市自然资源局,lytdlyk@163.com,2020/5/21,https://www.lyggzy.com.cn/lyztb/InfoDetail/?InfoID=7e834425-3f65-454a-be27-619c3ce93233&CategoryNum=084001,747e9ec65436f517ef6bb7c29264cb2c
龙岩市自然资源局国有土地使用权招拍挂出让成交公示龙自然示字[2019]4号,2019/9/12,龙岩市自然资源局国有土地使用权招拍挂出让成交公示龙自然示字[2019]4号,龙自然示字[2019]4号,,出让结果,2019拍-14,罗龙路北侧，西站北路东侧,住宅用地-城镇住宅用地（普通商品房、安置房）、商服用地-零售商业用地（商场、商店，不含商业办公）,3.1135,商服：40年,32000,龙岩市火车站北站房综合枢纽建设开发有限责任公司,净地,现状,,2019年9月12日 至 2019年9月20日 ,,龙岩市新罗区莲新南路2号,364000,0597-2212028,廖先生、林先生,龙岩市自然资源局,lytdlyk@163.com,2020/5/21,https://www.lyggzy.com.cn/lyztb/InfoDetail/?InfoID=7e834425-3f65-454a-be27-619c3ce93233&CategoryNum=084001,747e9ec65436f517ef6bb7c29264cb2c
龙岩市自然资源局国有土地使用权招拍挂出让成交公示龙自然示字[2019]4号,2019/9/12,龙岩市自然资源局国有土地使用权招拍挂出让成交公示龙自然示字[2019]4号,龙自然示字[2019]4号,,出让结果,2019拍-15,华莲路、犀牛路交叉口西南侧,住宅用地-城镇住宅用地（普通商品房）、商服用地-零售商业用地（商店、商场、超市，不含商业办公）,0.584,商服：40年,13400,顺裕（福建）房地产开发有限公司,净地,现状,,2019年9月12日 至 2019年9月20日 ,,龙岩市新罗区莲新南路2号,364000,0597-2212028,廖先生、林先生,龙岩市自然资源局,lytdlyk@163.com,2020/5/21,https://www.lyggzy.com.cn/lyztb/InfoDetail/?InfoID=7e834425-3f65-454a-be27-619c3ce93233&CategoryNum=084001,747e9ec65436f517ef6bb7c29264cb2c
武平县自然资源局国有土地使用权招拍挂出让成交公示,2019/9/20,武平县自然资源局国有土地使用权招拍挂出让成交公示,,,出让结果,P2019-6,平川街道七坊社区居委会,旅馆用地,1.2353,40年,1500,武平县天然文化旅游投资有限公司,,,,2019年09月19日 至 2019年09月24日 ,,武平县平川镇西环路21-4,364300,0597-4828082,钟先生,武平县国土资源局,,2020/5/21,https://www.lyggzy.com.cn/lyztb/InfoDetail/?InfoID=1e7c631a-63d2-494a-939c-08988665ede6&CategoryNum=084001,2a23c691755ad5f2fb068afa67c4f975
武平县自然资源局国有土地使用权招拍挂出让成交公示,2019/9/26,武平县自然资源局国有土地使用权招拍挂出让成交公示,,,出让结果,G2019-9,象洞镇联坊村,工业用地,0.6667,50年,60,武平县众惠食品发展有限公司,,,,2019年09月27日 至 2019年10月7日 ,,武平县平川镇西环路21-4,364300,0597-4828082,潘女士,武平县国土资源局,,2020/5/21,https://www.lyggzy.com.cn/lyztb/InfoDetail/?InfoID=2a504821-5de2-4a10-9894-7c876852c31b&CategoryNum=084001,4f84ffabc68136032fdde9277d1a3e43
龙岩市自然资源局国有土地使用权招拍挂出让成交公示龙自然示字[2019]5号,2019/10/10,龙岩市自然资源局国有土地使用权招拍挂出让成交公示龙自然示字[2019]5号,龙自然示字[2019]5号,,出让结果,2019拍-9,华莲路与曹溪北路交叉口西南角、石锣鼓公园北侧,,1.7073,住宅：70年,17620,福建宇通置业有限公司,毛地,现状,,2019年10月10日 至 2019年10月17日 ,,龙岩市新罗区莲新南路2号,364000,0597-2212028,廖先生、林先生,龙岩市自然资源局,lytdlyk@163.com,2020/5/21,https://www.lyggzy.com.cn/lyztb/InfoDetail/?InfoID=9bcfb9e7-8e0f-42e1-ab42-bccbd14b96c3&CategoryNum=084001,33d85e3fa782ad67acd3490b0591f0d4
漳平市自然资源局国有土地使用权出让成交公示,2019/10/22,漳平市自然资源局国有土地使用权出让成交公示,漳成交告字[2019]14号 ,,出让结果,2019拍-4号,新桥镇麦园桥头南侧,旅馆用地,0.0623,40年,531,卢衍玲,净地,,,2019年10月22日至2019年10月26日 ,,漳平市江滨路626号漳平市自然资源局,364400,0597-7538821,张女士、李女士,漳平市自然资源局自然资源开发利用与国土空间用途管理股,zp7523678@163.com,2020/5/21,https://www.lyggzy.com.cn/lyztb/InfoDetail/?InfoID=509044cf-bd84-46f2-b146-fabc15669c52&CategoryNum=084001,4adda0cb122e69de4bf9a586d7823dd0
龙岩市永定区自然资源局国有建设用地使用权招拍挂出让成交公示,2020/2/12,龙岩市永定区自然资源局国有建设用地使用权招拍挂出让成交公示,,,出让结果,2019-挂-21,永定区抚市镇中湖村,非金属矿物制品业,2.5927,50年,293,福建恒鑫丰建材有限公司,净地,,,2020年2月12日 至 2020年2月22日 ,,福建省龙岩市永定区凤城街道南通路70号,364100,0597-3011915,管制利用股工作人员,龙岩市永定区自然资源局,,2020/5/21,https://www.lyggzy.com.cn/lyztb/InfoDetail/?InfoID=a6dcc6dd-9f47-42c4-8cb6-a768cb5016ff&CategoryNum=084001,a65f2d80223f1794a25e1238d8dcbba8
龙岩市永定区自然资源局国有建设用地使用权招拍挂出让成交公示,2020/2/12,龙岩市永定区自然资源局国有建设用地使用权招拍挂出让成交公示,,,出让结果,2019-挂-22,永定工业园南部园区,其他制造业,0.4291,50年,67,福建豪辉隆耀建材有限公司,净地,,,2020年2月12日 至 2020年2月22日 ,,福建省龙岩市永定区凤城街道南通路70号,364100,0597-3011915,管制利用股工作人员,龙岩市永定区自然资源局,,2020/5/21,https://www.lyggzy.com.cn/lyztb/InfoDetail/?InfoID=a6dcc6dd-9f47-42c4-8cb6-a768cb5016ff&CategoryNum=084001,a65f2d80223f1794a25e1238d8dcbba8
龙岩市永定区自然资源局国有建设用地使用权招拍挂出让成交公示,2020/2/18,龙岩市永定区自然资源局国有建设用地使用权招拍挂出让成交公示,,,出让结果,2020-挂-01,永定区洪山乡田梓村樟罗村,非金属矿物制品业,4.5032,50年,519,永定红（福建）石材产业发展有限公司,净地,,,2020年2月16日 至 2020年2月26日 ,,福建省龙岩市永定区凤城街道南通路70号,364100,0597-3011915,管制利用股工作人员,龙岩市永定区自然资源局,,2020/5/21,https://www.lyggzy.com.cn/lyztb/InfoDetail/?InfoID=d18c9888-9e05-452e-80ae-189163c99285&CategoryNum=084001,b277f3aef564a58bff5b3ada4ab61639
龙岩市永定区自然资源局国有建设用地使用权招拍挂出让成交公示,2020/2/18,龙岩市永定区自然资源局国有建设用地使用权招拍挂出让成交公示,,,出让结果,2020-挂-02,永定区洪山乡田梓村樟罗村,非金属矿物制品业,1.2092,50年,140,永定红（福建）石材产业发展有限公司,净地,,,2020年2月16日 至 2020年2月26日 ,,福建省龙岩市永定区凤城街道南通路70号,364100,0597-3011915,管制利用股工作人员,龙岩市永定区自然资源局,,2020/5/21,https://www.lyggzy.com.cn/lyztb/InfoDetail/?InfoID=d18c9888-9e05-452e-80ae-189163c99285&CategoryNum=084001,b277f3aef564a58bff5b3ada4ab61639
连城县自然资源局国有土地使用权招拍挂出让成交公示,2020/2/20,连城县自然资源局国有土地使用权招拍挂出让成交公示,,,出让结果,G2020-2,隔川乡新营村罗保寨,工业用地,3.088902,50年,353,连城县实力建材有限公司,净地,现状,,2020年02月17日 至 2020年02月21日 ,,连城县东环北路28号,366200,0597-3320230,揭业镔,自然资源开发利用股,,2020/5/21,https://www.lyggzy.com.cn/lyztb/InfoDetail/?InfoID=306120c8-ebc1-4823-bf75-dc574cba6d43&CategoryNum=084001,5813c9768a115183006a7ae2030071b5
连城县自然资源局国有土地使用权招拍挂出让成交公示,2020/2/20,连城县自然资源局国有土地使用权招拍挂出让成交公示,,,出让结果,G2020-3,连城县工业园区,仓储用地,1.085778,50年,140,连城县工贸发展有限公司,净地,现状,,2020年02月17日 至 2020年02月21日 ,,连城县东环北路28号,366200,0597-3320230,揭业镔,自然资源开发利用股,,2020/5/21,https://www.lyggzy.com.cn/lyztb/InfoDetail/?InfoID=306120c8-ebc1-4823-bf75-dc574cba6d43&CategoryNum=084001,5813c9768a115183006a7ae2030071b5
连城县自然资源局国有土地使用权招拍挂出让成交公示,2020/2/21,连城县自然资源局国有土地使用权招拍挂出让成交公示,,,出让结果,P2020-1,连城县北部新城,普通商品房,0.328,70年,1050,龙岩市交发大名城房地产开发有限公司,净地,现状,,2020年02月21日 至 2020年02月27日 ,,连城县东环北路28号,366200,0597-3320230,揭业镔,自然资源开发利用股,,2020/5/21,https://www.lyggzy.com.cn/lyztb/InfoDetail/?InfoID=96800a16-d2df-4f30-b544-111e3b46bca1&CategoryNum=084001,ef6c340f267e4d3ebefb6a7f76d6d01d
连城县自然资源局国有土地使用权招拍挂出让成交公示,2020/2/21,连城县自然资源局国有土地使用权招拍挂出让成交公示,,,出让结果,P2020-5,连城县北部新城,普通商品房,1.4709,70年,4000,鄢文静,净地,现状,,2020年02月21日 至 2020年02月27日 ,,连城县东环北路28号,366200,0597-3320230,揭业镔,自然资源开发利用股,,2020/5/21,https://www.lyggzy.com.cn/lyztb/InfoDetail/?InfoID=96800a16-d2df-4f30-b544-111e3b46bca1&CategoryNum=084001,ef6c340f267e4d3ebefb6a7f76d6d01d
福建省上杭县蛟洋露灵通矿区建筑用花岗岩矿采矿权拍卖出让结果公示,2020/3/11,福建省上杭县蛟洋露灵通矿区建筑用花岗岩矿采矿权拍卖出让结果公示,杭自然资矿示〔2020〕1号,,出让结果,,上杭县蛟洋镇,,,,捌拾捌万元整（￥:88万元整）,福建省天泽矿业有限公司,,,,满之日起10个工作日内与出让人签订《采矿权出让合同》，签订合同后7个工作日内将应缴矿业权出让收益缴入出让人所在地的金库,,,,,,,,2020/5/21,https://www.lyggzy.com.cn/lyztb/InfoDetail/?InfoID=ca6ccd79-7023-48ed-af7d-4f4962294e6b&CategoryNum=084001,0163c7a80ff0c3dd3a171469ab70dcf4
龙岩市永定区自然资源局国有土地使用权招拍挂出让成交公示,2020/3/23,龙岩市永定区自然资源局国有土地使用权招拍挂出让成交公示,,,出让结果,2020-挂-03,南部园区光电产业园一期西侧,工业用地,4.5816,50年,,福建省龙岩市桓鹏实业有限公司,净地,,,2020年03月23日 至 2020年04月01日 ,,福建省龙岩市永定区凤城街道南通路70号,364100,0597-3011915,管制利用股工作人员,龙岩市永定区自然资源局,,2020/5/21,https://www.lyggzy.com.cn/lyztb/InfoDetail/?InfoID=0676f3e4-75a8-4c3a-80ee-2aa100ed15fc&CategoryNum=084001,ae7140138526abe7555f0d8ac242ec53
龙岩市永定区自然资源局国有土地使用权招拍挂出让成交公示,2020/3/23,龙岩市永定区自然资源局国有土地使用权招拍挂出让成交公示,,,出让结果,2020-挂-04,南部园区光电产业园一期对面,工业用地,2.0867,50年,,龙岩市众鑫电子有限公司,净地,,,2020年03月23日 至 2020年04月01日 ,,福建省龙岩市永定区凤城街道南通路70号,364100,0597-3011915,管制利用股工作人员,龙岩市永定区自然资源局,,2020/5/21,https://www.lyggzy.com.cn/lyztb/InfoDetail/?InfoID=0676f3e4-75a8-4c3a-80ee-2aa100ed15fc&CategoryNum=084001,ae7140138526abe7555f0d8ac242ec53
龙岩市永定区自然资源局国有建设用地使用权挂牌出让成交公示,2020/3/24,龙岩市永定区自然资源局国有建设用地使用权挂牌出让成交公示,,,出让结果,2020-挂-05,永定区抚市镇基安村,工业用地,0.4,50年,45,福建省友森塑胶再生有限公司,净地,,,2020年3月24日 至 2020年4月2日 ,,福建省龙岩市永定区凤城街道南通路70号,364100,0597-3011915,管制利用股工作人员,龙岩市永定区自然资源局,,2020/5/21,https://www.lyggzy.com.cn/lyztb/InfoDetail/?InfoID=41897776-a603-414a-9155-4599eb4cc439&CategoryNum=084001,4141e6924e81ea7c2faa286b92639ccb
龙岩市永定区自然资源局国有建设用地使用权挂牌出让成交公示,2020/4/7,龙岩市永定区自然资源局国有建设用地使用权挂牌出让成交公示,,,出让结果,2020-挂-06,永定区高陂镇石门甲,计算机、通信和其他电子设备制造业,4.3108,50年,850,龙岩市永定区龙翔建设发展有限公司,净地,,,2020年4月3日 至 2020年4月13日 ,,福建省龙岩市永定区凤城街道南通路70号,364100,0597-3011915,管制利用股工作人员,龙岩市永定区自然资源局,,2020/5/21,https://www.lyggzy.com.cn/lyztb/InfoDetail/?InfoID=fd830aee-9015-466f-9bd0-1b1b897e1cfd&CategoryNum=084001,8a95a09242bba03a503940a1e7311a7d
龙岩市永定区自然资源局国有建设用地使用权挂牌出让成交公示,2020/4/7,龙岩市永定区自然资源局国有建设用地使用权挂牌出让成交公示,,,出让结果,2020-挂-07,永定区高陂镇石门甲,计算机、通信和其他电子设备制造业,1.1705,50年,230,龙岩市永定区龙翔建设发展有限公司,净地,,,2020年4月3日 至 2020年4月13日 ,,福建省龙岩市永定区凤城街道南通路70号,364100,0597-3011915,管制利用股工作人员,龙岩市永定区自然资源局,,2020/5/21,https://www.lyggzy.com.cn/lyztb/InfoDetail/?InfoID=fd830aee-9015-466f-9bd0-1b1b897e1cfd&CategoryNum=084001,8a95a09242bba03a503940a1e7311a7d
龙岩市永定区自然资源局国有建设用地使用权挂牌出让成交公示,2020/4/7,龙岩市永定区自然资源局国有建设用地使用权挂牌出让成交公示,,,出让结果,2020-挂-08,永定区高陂镇富岭村,计算机、通信和其他电子设备制造业,0.7088,50年,150,龙岩市永定区龙翔建设发展有限公司,净地,,,2020年4月3日 至 2020年4月13日 ,,福建省龙岩市永定区凤城街道南通路70号,364100,0597-3011915,管制利用股工作人员,龙岩市永定区自然资源局,,2020/5/21,https://www.lyggzy.com.cn/lyztb/InfoDetail/?InfoID=fd830aee-9015-466f-9bd0-1b1b897e1cfd&CategoryNum=084001,8a95a09242bba03a503940a1e7311a7d
长汀县自然资源局国有土地使用权招拍挂出让成交公示,2020/4/14,长汀县自然资源局国有土地使用权招拍挂出让成交公示,,,出让结果,2019P32,策武镇麻陂火车南站,普通商品房,3.3933,70年,14120万,长汀县住房保障投资经营有限公司,净地,/,,2020年03月12日至 2020年03月16日,,长汀县横岗岭7号,366300,0597-6801615,董先生、王先生,长汀县自然资源局,,2020/5/21,https://www.lyggzy.com.cn/lyztb/InfoDetail/?InfoID=895d27cc-dcc8-42b2-af66-a70020691a63&CategoryNum=084001,5bb2a1c4714e8ba3f519eaea5f4129a4
长汀县自然资源局国有土地使用权招拍挂出让成交公示,2020/4/14,长汀县自然资源局国有土地使用权招拍挂出让成交公示,,,出让结果,2019P24,大同镇南里村,普通商品房,4.3053,70年,25200万,龙岩市客家福源置业有限公司,净地,,,2019年12月04日至 2019年12月09日,,长汀县横岗岭7号,366300,0597-6801615,董先生、王先生,长汀县自然资源局,,2020/5/21,https://www.lyggzy.com.cn/lyztb/InfoDetail/?InfoID=536f690a-0c58-41d2-8ad4-bbfbee797946&CategoryNum=084001,f90e90a43e2f00f9408f59d941de4dab
长汀县自然资源局国有土地使用权招拍挂出让成交公示,2020/4/14,长汀县自然资源局国有土地使用权招拍挂出让成交公示,,,出让结果,2019P25,策武镇策星村,普通商品房,0.6194,70年,785万,福建龙岩稀土工业园开发建设有限公司,净地,,,2019年12月04日至 2019年12月09日,,长汀县横岗岭7号,366300,0597-6801615,董先生、王先生,长汀县自然资源局,,2020/5/21,https://www.lyggzy.com.cn/lyztb/InfoDetail/?InfoID=536f690a-0c58-41d2-8ad4-bbfbee797946&CategoryNum=084001,f90e90a43e2f00f9408f59d941de4dab
长汀县自然资源局国有土地使用权招拍挂出让成交公示,2020/4/14,长汀县自然资源局国有土地使用权招拍挂出让成交公示,,,出让结果,2019P22,大同镇南里村,普通商品房,2.1515,70年,14800万,长汀欣盛房地产开发有限公司,净地,,,2019年12月13日至 2019年12月18日,,长汀县横岗岭7号,366300,0597-6801615,董先生、王先生,长汀县自然资源局,,2020/5/21,https://www.lyggzy.com.cn/lyztb/InfoDetail/?InfoID=7dfe7d9e-fc06-413e-9431-03f1d13bbab4&CategoryNum=084001,3eba07e548b78cbd22c2c48df5f92d78
长汀县自然资源局国有土地使用权招拍挂出让成交公示,2020/4/14,长汀县自然资源局国有土地使用权招拍挂出让成交公示,,,出让结果,2019P23,大同镇南里村,普通商品房,4.0479,70年,29100万,长汀欣盛房地产开发有限公司,净地,,,2019年12月13日至 2019年12月18日,,长汀县横岗岭7号,366300,0597-6801615,董先生、王先生,长汀县自然资源局,,2020/5/21,https://www.lyggzy.com.cn/lyztb/InfoDetail/?InfoID=7dfe7d9e-fc06-413e-9431-03f1d13bbab4&CategoryNum=084001,3eba07e548b78cbd22c2c48df5f92d78
龙岩市自然资源局国有土地使用权招拍挂出让成交公示,2020/4/23,龙岩市自然资源局国有土地使用权招拍挂出让成交公示,,,出让结果,2020挂-G18,双永高速北出口东侧、北外环南侧、蒋武溪路西侧、瓦绕溪北侧,工矿仓储用地-工业用地（专用设备制造业）,30.8213,50年,9280,福建龙净环保股份有限公司,净地,,,2020 年4月22日 至 2020年4月28日,,福建省龙岩市莲新南路2号,364000,0597-2291438,陈小姐，谢先生,龙岩市自然资源局,,2020/5/21,https://www.lyggzy.com.cn/lyztb/InfoDetail/?InfoID=2e1bcfdb-ee56-4c9e-95c2-bdbd5e9a972a&CategoryNum=084001,e04c90bea0f47e5e21d2a0c03945d83f
上杭县自然资源局国有土地使用权拍卖出让公告,2020/4/28,上杭县自然资源局国有土地使用权拍卖出让公告,,,出让结果,2020拍06号,临城镇二环路南侧 金山路东侧,住宅用地-城镇住宅用地（普通商品房）,6.9994,商业用地40年、住宅用地70年,37220,龙岩市鼎丰盛商业综合体管理有限公司,净地,按《上杭县国有建设用地使用权拍卖出让文件资料》2020拍06（金山湖片区1号地块）要求建设,,2020年04月28日至 2020年05月02日,,上杭县北环中路171号,364200,0597-3132818,王先生、邓女士,上杭县自然资源局,,2020/5/21,https://www.lyggzy.com.cn/lyztb/InfoDetail/?InfoID=3042d3d3-fa40-4798-8084-c6782421b7ba&CategoryNum=084001,211e83d467b6d628ca7e36183e074538
漳平市自然资源局国有土地使用权出让成交公示,2020/4/28,漳平市自然资源局国有土地使用权出让成交公示,漳成交告字[2020]7号,,出让结果,2020拍-1号,吾祠乡吾祠村富大,零售商业用地,0.1966,40年,145,毛文顶,净地,,,2020年4月28日至2020年5月02日 ,,漳平市江滨路626号漳平市自然资源局,364400,0597-7538821,李女士、张女士,漳平市自然资源局自然资源开发利用与国土空间用途管制股,zp7523678@163.com,2020/5/21,https://www.lyggzy.com.cn/lyztb/InfoDetail/?InfoID=7354338a-98eb-49bb-a925-5a40c44c7f25&CategoryNum=084001,ec78c6d7a8c93eae54a1c209821b6005
龙岩市永定区自然资源局国有建设用地使用权挂牌出让成交公示,2020/4/28,龙岩市永定区自然资源局国有建设用地使用权挂牌出让成交公示,,,出让结果,2020-挂-09,永定区坎市镇洽溪村,造纸和纸制品业,0.0342,50年,4,福建万隆纸业有限公司,净地,,,2020年4月28日 至 2020年5月11日 ,,福建省龙岩市永定区凤城街道南通路70号,364100,0597-3011915,管制利用股工作人员,龙岩市永定区自然资源局,,2020/5/21,https://www.lyggzy.com.cn/lyztb/InfoDetail/?InfoID=acaf7f4e-929d-43ea-9a9f-053d0d46d300&CategoryNum=084001,fc118b2523fd4aecd3ba3cab47657393
龙岩市永定区自然资源局国有建设用地使用权挂牌出让成交公示,2020/4/28,龙岩市永定区自然资源局国有建设用地使用权挂牌出让成交公示,,,出让结果,2020-挂-10,坎市镇洽溪村,造纸和纸制品业,0.1395,50年,16.5,福建万隆纸业有限公司,净地,,,2020年4月28日 至 2020年5月11日 ,,福建省龙岩市永定区凤城街道南通路70号,364100,0597-3011915,管制利用股工作人员,龙岩市永定区自然资源局,,2020/5/21,https://www.lyggzy.com.cn/lyztb/InfoDetail/?InfoID=acaf7f4e-929d-43ea-9a9f-053d0d46d300&CategoryNum=084001,fc118b2523fd4aecd3ba3cab47657393
龙岩市永定区自然资源局国有建设用地使用权挂牌出让成交公示,2020/4/28,龙岩市永定区自然资源局国有建设用地使用权挂牌出让成交公示,,,出让结果,2020-挂-11,永定区高陂镇富岭村,酒、饮料和精制茶制造业,0.6926,50年,89,龙岩印象雨林矿泉水有限公司,净地,,,2020年4月28日 至 2020年5月11日 ,,福建省龙岩市永定区凤城街道南通路70号,364100,0597-3011915,管制利用股工作人员,龙岩市永定区自然资源局,,2020/5/21,https://www.lyggzy.com.cn/lyztb/InfoDetail/?InfoID=acaf7f4e-929d-43ea-9a9f-053d0d46d300&CategoryNum=084001,fc118b2523fd4aecd3ba3cab47657393
龙岩市自然资源局国有土地使用权招拍挂出让成交公示,2020/4/30,龙岩市自然资源局国有土地使用权招拍挂出让成交公示,,,出让结果,2020挂-G19,兴盛路东南侧、龙达路东北侧,工矿仓储用地-工业用地（标准厂房）,9.273,50年,2562,龙岩新罗产业园区发展集团有限公司,净地,,,2020 年4月30日 至 2020年5月7日,,福建省龙岩市莲新南路2号,364000,0597-2291438,陈小姐，谢先生,龙岩市自然资源局,,2020/5/21,https://www.lyggzy.com.cn/lyztb/InfoDetail/?InfoID=7604a80e-f3f4-4d00-9aa1-1df236827f1e&CategoryNum=084001,e70b1366cb218e2f83f490b8130f5d41
福建省长汀县石寨矿区建筑用砂岩矿（机制砂用）采矿权拍卖出让公示,2020/5/6,福建省长汀县石寨矿区建筑用砂岩矿（机制砂用）采矿权拍卖出让公示,,,出让结果,,长汀县河田镇蔡坊村,,,10年（含基建期和扫尾期）,叁仟伍佰柒拾万元整（￥: 3570万元整）,福建省云腾投资有限公司（自然人独资）,,,,内对出让矿权有异议的，请以书面材料形式送：龙岩市国土资源交易评审中心或长汀县自然资源局（以公示期内收到时间为准）,,,,0597-2236936,,,,2020/5/21,https://www.lyggzy.com.cn/lyztb/InfoDetail/?InfoID=bf353f1e-0ebf-4ab7-b5f0-00adf588d814&CategoryNum=084001,c09f2fedc9f680d93cdf6bb791f8f5bf
龙岩市永定区国土资源局国有建设用地使用权拍卖出让成交公示,2018/12/24,龙岩市永定区国土资源局国有建设用地使用权拍卖出让成交公示,,,出让结果,2018-拍-28,永定区凤城街道井下路南侧,住宅用地―城镇住宅用地（普通住宅）、商服用地―批发零售用地（商店，不含商业办公）,2.0096,70年,6520,薛兴,净地,,,2018年12月21日至 2019年01月02日,,福建省龙岩市永定区凤城街道南通路70号,364100,5973011915,土地利用股工作人员,龙岩市永定区国土资源局,,2020/5/21,https://www.lyggzy.com.cn/lyztb/InfoDetail/?InfoID=e66b34f5-e73b-4b7b-9f55-d1ce785361d8&CategoryNum=084001,115b1c8d9e9967386f58a67e1cbcde6f
漳平市永福后盂矿区建筑用花岗岩（机制砂）矿点采矿权拍卖出让公示,2018/4/28,漳平市永福后盂矿区建筑用花岗岩（机制砂）矿点采矿权拍卖出让公示,龙矿交易示字[2018]01号,,出让结果,,漳平市永福镇,,,18年,壹仟壹佰壹拾万元整（￥:1110万元整）,福建龙岩市金茂砂石开发有限公司,,,,内对出让矿权有异议的，请以书面材料形式送：龙岩市国土资源交易评审中心或漳平市国土资源局（以公示期内收到时间为准）,,,,0597-2236936,,,,2020/5/21,https://www.lyggzy.com.cn/lyztb/InfoDetail/?InfoID=683c250a-d5f0-46c5-809e-823ac07d2dff&CategoryNum=084001,3deb8dea49429d74e9495abefd4c837e
龙岩市国土资源局国有土地使用权招拍挂出让成交公示,2016/4/8,龙岩市国土资源局国有土地使用权招拍挂出让成交公示,,,出让结果,地块位置,土地面积(公顷),出让年限,土地用途,成交价(万元),受让单位,2016拍-3,,现状,,2016年4月8日至2016年4月13日,,新罗区西安南路莲花小区国土资源局大楼,364000,2212028,苏先生、林先生,龙岩市国土资源局用地科,lytdlyk @163.com,2020/5/21,https://www.lyggzy.com.cn/lyztb/InfoDetail/?InfoID=c0c8d343-8b20-4fd7-95c8-7047f71f593c&CategoryNum=084001,91474261bcc74a20eb579784231e948b
龙岩市国土资源局国有土地使用权招拍挂出让成交公示,2017/6/1,龙岩市国土资源局国有土地使用权招拍挂出让成交公示,龙国土示字[2017]2号,,出让结果,2017拍-3,东肖南路与兴业路交叉口西北角，漳龙高速公路南侧,住宅用地-城镇住宅用地（普通住宅）、公共管理与公共服务用地-科教用地（幼儿园）；出让年限：住宅：70年、公共管理与公共服务：50年,7.3474,住宅：70年、公共管理与公共服务：50年,73900,龙岩宝晟房地产开发有限公司,净地,现状,土地用途：住宅用地-城镇住宅用地（普通住宅）、公共管理与公共服务用地-科教用地（幼儿园）；出让年限：住宅：70年、公共管理与公共服务：50年,2017年6月1日至2017年6月6日,,新罗区西安南路莲花小区国土资源局大楼,364000,2212028,陈先生、林先生,龙岩市国土资源局用地科,lytdlyk@163.com,2020/5/21,https://www.lyggzy.com.cn/lyztb/InfoDetail/?InfoID=30561e89-d35c-4e08-a564-817d8967b171&CategoryNum=084001,2f7ae4f4ad5486168a828d77ebf7de47
龙岩市国土资源局国有土地使用权招拍挂出让成交公示,2017/6/1,龙岩市国土资源局国有土地使用权招拍挂出让成交公示,龙国土示字[2017]2号,,出让结果,2017拍-4,龙腾路与登高西路交叉口西北角,住宅用地-城镇住宅用地（普通住宅）、商服用地-批发零售用地（商店，不含商业办公）、商服用地-住宿餐饮用地（宾馆、酒店，不含商业办公）；出让年限：商服40年，住宅70年,0.8432,商服40年，住宅70年,15800,龙岩西陂中祥投资有限公司,净地,现状,土地用途：住宅用地-城镇住宅用地（普通住宅）、商服用地-批发零售用地（商店，不含商业办公）、商服用地-住宿餐饮用地（宾馆、酒店，不含商业办公）；出让年限：商服40年，住宅70年,2017年6月1日至2017年6月6日,,新罗区西安南路莲花小区国土资源局大楼,364000,2212028,陈先生、林先生,龙岩市国土资源局用地科,lytdlyk@163.com,2020/5/21,https://www.lyggzy.com.cn/lyztb/InfoDetail/?InfoID=30561e89-d35c-4e08-a564-817d8967b171&CategoryNum=084001,2f7ae4f4ad5486168a828d77ebf7de47
龙岩市国土资源局国有土地使用权招拍挂出让成交公示,2017/6/1,龙岩市国土资源局国有土地使用权招拍挂出让成交公示,龙国土示字[2017]2号,,出让结果,2017拍-5,东外环路和金鸡路西南角地块,住宅用地-城镇住宅用地（普通住宅）、商服用地-批发零售用地（商场、商店，不含商业办公）；出让年限：商服40年，住宅70年,2.0812,商服40年，住宅70年,21500,龙岩市土地发展经营有限公司,净地,现状,土地用途：住宅用地-城镇住宅用地（普通住宅）、商服用地-批发零售用地（商场、商店，不含商业办公）；出让年限：商服40年，住宅70年,2017年6月1日至2017年6月6日,,新罗区西安南路莲花小区国土资源局大楼,364000,2212028,陈先生、林先生,龙岩市国土资源局用地科,lytdlyk@163.com,2020/5/21,https://www.lyggzy.com.cn/lyztb/InfoDetail/?InfoID=30561e89-d35c-4e08-a564-817d8967b171&CategoryNum=084001,2f7ae4f4ad5486168a828d77ebf7de47
龙岩市国土资源局国有土地使用权招拍挂出让成交公示,2017/6/1,龙岩市国土资源局国有土地使用权招拍挂出让成交公示,龙国土示字[2017]2号,,出让结果,2017拍-6,曹溪中路东侧、闽西职业技术学院南校区南侧,住宅用地-城镇住宅用地（普通住宅）、商服用地-批发零售用地（商店、商场，不含商业办公）；出让年限：商服40年，住宅70年,0.8093,商服40年，住宅70年,18000,厦门新景地集团有限公司、福建永年地产有限公司,净地,现状,土地用途：住宅用地-城镇住宅用地（普通住宅）、商服用地-批发零售用地（商店、商场，不含商业办公）；出让年限：商服40年，住宅70年,2017年6月1日至2017年6月6日,,新罗区西安南路莲花小区国土资源局大楼,364000,2212028,陈先生、林先生,龙岩市国土资源局用地科,lytdlyk@163.com,2020/5/21,https://www.lyggzy.com.cn/lyztb/InfoDetail/?InfoID=30561e89-d35c-4e08-a564-817d8967b171&CategoryNum=084001,2f7ae4f4ad5486168a828d77ebf7de47
龙岩市国土资源局国有土地使用权招拍挂出让成交公示,2017/6/12,龙岩市国土资源局国有土地使用权招拍挂出让成交公示,龙国土示字[2017]3号,,出让结果,2017拍-7,漳龙高速公路北面、龙岩大道东面,住宅用地-城镇住宅用地（普通住宅）、商服用地-批发零售用地（商场、商店，超市，不含商业办公）、商服用地-批发零售用地（标准化菜市场，不含商业办公）、公共管理与公共服务用地-科教用地（幼儿园）、公共管理与公共服务用地-公共设施用地（垃圾转运站及公厕）；出让年限：商服40年，住宅70年、公共管理与公共服务：50年,9.1037,商服40年，住宅70年、公共管理与公共服务：50年,106500,厦门建瑞房地产开发有限公司,净地,现状,土地用途：住宅用地-城镇住宅用地（普通住宅）、商服用地-批发零售用地（商场、商店，超市，不含商业办公）、商服用地-批发零售用地（标准化菜市场，不含商业办公）、公共管理与公共服务用地-科教用地（幼儿园）、公共管理与公共服务用地-公共设施用地（垃圾转运站及公厕）；出让年限：商服40年，住宅70年、公共管理与公共服务：50年,2017年6月9日至2017年6月14日,,新罗区西安南路莲花小区国土资源局大楼,364000,2212028,陈先生、林先生,龙岩市国土资源局用地科,lytdlyk@163.com,2020/5/21,https://www.lyggzy.com.cn/lyztb/InfoDetail/?InfoID=78addc9c-d5a9-49ff-9cd0-3339bd3f2142&CategoryNum=084001,7ba17b52f683f1a123aaa87fd0224227
龙岩市国土资源局国有土地使用权招拍挂出让成交公示(龙国土示字[2017]4号),2017/7/18,龙岩市国土资源局国有土地使用权招拍挂出让成交公示(龙国土示字[2017]4号),,,出让结果,2017拍-1,新罗区紫金山体育公园,其他商服用地,1.9335,40年,4960,龙岩紫金山体育公园投资开发有限公司,净地,现状,,2017年7月7日至2017年7月12日,,新罗区西安南路莲花小区国土资源局大楼,364000,2212028,陈先生、林先生,龙岩市国土资源局用地科,lytdlyk@163.com,2020/5/21,https://www.lyggzy.com.cn/lyztb/InfoDetail/?InfoID=36d07a25-54b6-4f5b-945c-7fd33636a4b0&CategoryNum=084001,8267ebe39f135393ffdcbe91c4fe271e
龙岩市国土资源局国有土地使用权招拍挂出让成交公示(龙国土示字[2017]4号),2017/7/18,龙岩市国土资源局国有土地使用权招拍挂出让成交公示(龙国土示字[2017]4号),,,出让结果,2017拍-8,东肖南路与兴业路交叉口西北角，漳龙高速公路南侧,住宅用地-城镇住宅用地（普通住宅）、商服用地-批发零售用地（商店，不含商业办公）、公共管理与公共服务用地-医卫慈善用地（社区卫生服务中心）、公共管理与公共服务用地-机关团体用地（居委会）；出让年限：商服40年，住宅70年,10.6993,商服40年，住宅70年,138800,龙岩市中奥房地产开发有限公司,净地,现状,土地用途：住宅用地-城镇住宅用地（普通住宅）、商服用地-批发零售用地（商店，不含商业办公）、公共管理与公共服务用地-医卫慈善用地（社区卫生服务中心）、公共管理与公共服务用地-机关团体用地（居委会）；出让年限：商服40年，住宅70年,2017年7月7日至2017年7月12日,,新罗区西安南路莲花小区国土资源局大楼,364000,2212028,陈先生、林先生,龙岩市国土资源局用地科,lytdlyk@163.com,2020/5/21,https://www.lyggzy.com.cn/lyztb/InfoDetail/?InfoID=36d07a25-54b6-4f5b-945c-7fd33636a4b0&CategoryNum=084001,8267ebe39f135393ffdcbe91c4fe271e
龙岩市国土资源局国有土地使用权招拍挂出让成交公示(龙国土示字[2017]4号),2017/7/18,龙岩市国土资源局国有土地使用权招拍挂出让成交公示(龙国土示字[2017]4号),,,出让结果,2017拍-9,东肖南路与兴业路交叉口东南角，龙岩高速出口南侧,中低价位、中小套型普通商品住房用地,1.746,70年,14500,厦门市碧桂园房地产开发有限公司,净地,现状,,2017年7月7日至2017年7月12日,,新罗区西安南路莲花小区国土资源局大楼,364000,2212028,陈先生、林先生,龙岩市国土资源局用地科,lytdlyk@163.com,2020/5/21,https://www.lyggzy.com.cn/lyztb/InfoDetail/?InfoID=36d07a25-54b6-4f5b-945c-7fd33636a4b0&CategoryNum=084001,8267ebe39f135393ffdcbe91c4fe271e
龙岩市国土资源局国有土地使用权招拍挂出让成交公示(龙国土示字[2017]5号),2017/7/18,龙岩市国土资源局国有土地使用权招拍挂出让成交公示(龙国土示字[2017]5号),,,出让结果,2017拍-11,金鸡路南侧、曹溪中路西面、广电大厦东面,中低价位、中小套型普通商品住房用地,1.8512,70年,50300,龙岩市土地发展经营有限公司,净地,现状,,2017年7月18日至2017年7月23日,,新罗区西安南路莲花小区国土资源局大楼,364000,2212028,陈先生、林先生,龙岩市国土资源局用地科,lytdlyk@163.com,2020/5/21,https://www.lyggzy.com.cn/lyztb/InfoDetail/?InfoID=ff7d72ee-ea36-43e9-bccb-c134e3be53bf&CategoryNum=084001,d4a4960e1b48f3c46674842bd793e036
龙岩市国土资源局国有土地使用权招拍挂出让成交公示(龙国土示字[2017]8号),2017/10/26,龙岩市国土资源局国有土地使用权招拍挂出让成交公示(龙国土示字[2017]8号),,,出让结果,2017拍-12,乘风路与莲庄南路交叉口东北侧,住宅用地-城镇住宅用地（普通住宅）、商服用地-批发零售用地（商店，不含商业办公）；出让年限：商服40年，住宅70年,3.8197,商服40年，住宅70年,25600,龙岩龙华置业有限公司,净地,现状,土地用途：住宅用地-城镇住宅用地（普通住宅）、商服用地-批发零售用地（商店，不含商业办公）；出让年限：商服40年，住宅70年,2017年10月24日至2017年10月29日,,龙岩市新罗区莲新南路2号,364000,2212028,陈先生、林先生 联系电话：2212028,龙岩市国土资源局用地科,lytdlyk@163.com,2020/5/21,https://www.lyggzy.com.cn/lyztb/InfoDetail/?InfoID=dcae2ad8-e420-443a-85cf-1e5c14ff660b&CategoryNum=084001,dd34cb4246835d68563f8b74aae8e0b7
龙岩市国土资源局国有土地使用权招拍挂出让成交公示(龙国土示字[2017]8号),2017/10/26,龙岩市国土资源局国有土地使用权招拍挂出让成交公示(龙国土示字[2017]8号),,,出让结果,2017拍-13,浮东路与莲庄南路交叉口东南侧,中低价位、中小套型普通商品住房用地,2.0354,70年,13200,龙岩龙华置业有限公司,净地,现状,,2017年10月24日至2017年10月29日,,龙岩市新罗区莲新南路2号,364000,2212028,陈先生、林先生 联系电话：2212028,龙岩市国土资源局用地科,lytdlyk@163.com,2020/5/21,https://www.lyggzy.com.cn/lyztb/InfoDetail/?InfoID=dcae2ad8-e420-443a-85cf-1e5c14ff660b&CategoryNum=084001,dd34cb4246835d68563f8b74aae8e0b7
龙岩市国土资源局国有土地使用权招拍挂出让成交公示(龙国土示字[2017]8号),2017/10/26,龙岩市国土资源局国有土地使用权招拍挂出让成交公示(龙国土示字[2017]8号),,,出让结果,2017拍-14,志高动漫城南侧，龙腾南路西侧,中低价位、中小套型普通商品住房用地,8.4194,住宅70年、公共管理与公共服务50年,69200,莆田瑞腾置业有限公司,净地,现状,,2017年10月24日至2017年10月29日,,龙岩市新罗区莲新南路2号,364000,2212028,陈先生、林先生 联系电话：2212028,龙岩市国土资源局用地科,lytdlyk@163.com,2020/5/21,https://www.lyggzy.com.cn/lyztb/InfoDetail/?InfoID=dcae2ad8-e420-443a-85cf-1e5c14ff660b&CategoryNum=084001,dd34cb4246835d68563f8b74aae8e0b7
龙岩市国土资源局国有土地使用权招拍挂出让成交公示(龙国土示字[2017]8号),2017/10/26,龙岩市国土资源局国有土地使用权招拍挂出让成交公示(龙国土示字[2017]8号),,,出让结果,2017拍-15,志高动漫城南侧,中低价位、中小套型普通商品住房用地,4.1533,70年,35200,福建德兴集团房地产开发有限公司,净地,现状,,2017年10月24日至2017年10月29日,,龙岩市新罗区莲新南路2号,364000,2212028,陈先生、林先生 联系电话：2212028,龙岩市国土资源局用地科,lytdlyk@163.com,2020/5/21,https://www.lyggzy.com.cn/lyztb/InfoDetail/?InfoID=dcae2ad8-e420-443a-85cf-1e5c14ff660b&CategoryNum=084001,dd34cb4246835d68563f8b74aae8e0b7
龙岩市国土资源局国有土地使用权招拍挂出让成交公示(龙国土示字[2017]10号),2018/1/15,龙岩市国土资源局国有土地使用权招拍挂出让成交公示(龙国土示字[2017]10号),龙国土示字[2017]10号,,出让结果,2017拍-16,天星路与东外环路交叉口西南侧,住宅用地-城镇住宅用地（普通住宅）；出让年限：住宅70年,5.0469,住宅70年,24050,龙岩市土地发展经营有限公司,净地,现状,土地用途：住宅用地-城镇住宅用地（普通住宅）；出让年限：住宅70年,2017年12月29日至2018年1月5日,,龙岩市新罗区莲新南路2号,364000,2212028,陈先生、林先生,龙岩市国土资源局用地科,lytdlyk@163.com,2020/5/21,https://www.lyggzy.com.cn/lyztb/InfoDetail/?InfoID=cc0b3a43-71ac-49c4-95dd-087313b73964&CategoryNum=084001,1f996653fe6e4902e9580cee56156fa1
龙岩市国土资源局国有土地使用权招拍挂出让成交公示龙国土示字[2018]1号,2018/3/30,龙岩市国土资源局国有土地使用权招拍挂出让成交公示龙国土示字[2018]1号,龙国土示字[2018]1号,,出让结果,2018拍-1,东外环路与浮东路交叉口西北角,住宅用地-城镇住宅用地（普通住宅）、公共管理与公共服务用地-科教用地（幼儿园）；出让年限：住宅70年，公共管理与公共服务50年,2.8675,住宅70年，公共管理与公共服务50年,13600,厦门傲颜企业管理有限公司,净地,现状,土地用途：住宅用地-城镇住宅用地（普通住宅）、公共管理与公共服务用地-科教用地（幼儿园）；出让年限：住宅70年，公共管理与公共服务50年,2018年3月29日至2018年4月5日,,龙岩市新罗区莲新南路2号,364000,2212028,陈先生、林先生,龙岩市国土资源局用地科,lytdlyk@163.com,2020/5/21,https://www.lyggzy.com.cn/lyztb/InfoDetail/?InfoID=7222b082-d6a2-46ba-882c-b04f429229be&CategoryNum=084001,4cf6da29cab33981fa7817749541d09c
龙岩市国土资源局国有土地使用权招拍挂出让成交公示龙国土示字[2018]1号,2018/3/30,龙岩市国土资源局国有土地使用权招拍挂出让成交公示龙国土示字[2018]1号,龙国土示字[2018]1号,,出让结果,2018拍-2,浮东路北侧，董邦小区西侧,住宅用地-城镇住宅用地（普通住宅）、商服用地-批发零售用地（商场、商店，不含商业办公）；出让年限：商服40年，住宅70年,3.1742,商服40年，住宅70年,24600,广州润浩实业有限公司,净地,现状,土地用途：住宅用地-城镇住宅用地（普通住宅）、商服用地-批发零售用地（商场、商店，不含商业办公）；出让年限：商服40年，住宅70年,2018年3月29日至2018年4月5日,,龙岩市新罗区莲新南路2号,364000,2212028,陈先生、林先生,龙岩市国土资源局用地科,lytdlyk@163.com,2020/5/21,https://www.lyggzy.com.cn/lyztb/InfoDetail/?InfoID=7222b082-d6a2-46ba-882c-b04f429229be&CategoryNum=084001,4cf6da29cab33981fa7817749541d09c
龙岩市国土资源局国有土地使用权招拍挂出让成交公示龙国土示字[2018]1号,2018/3/30,龙岩市国土资源局国有土地使用权招拍挂出让成交公示龙国土示字[2018]1号,龙国土示字[2018]1号,,出让结果,2018拍-3,龙岩大道东侧，华侨职业中专学校北侧，特殊教育学校南侧,中低价位、中小套型普通商品住房用地,2.6943,70年,50600,福建德兴集团房地产开发有限公司,净地,现状,,2018年3月29日至2018年4月5日,,龙岩市新罗区莲新南路2号,364000,2212028,陈先生、林先生,龙岩市国土资源局用地科,lytdlyk@163.com,2020/5/21,https://www.lyggzy.com.cn/lyztb/InfoDetail/?InfoID=7222b082-d6a2-46ba-882c-b04f429229be&CategoryNum=084001,4cf6da29cab33981fa7817749541d09c
龙岩市国土资源局国有土地使用权招拍挂出让成交公示龙国土示字[2018]1号,2018/3/30,龙岩市国土资源局国有土地使用权招拍挂出让成交公示龙国土示字[2018]1号,龙国土示字[2018]1号,,出让结果,2018拍-4,龙岩大道与金鸡路交叉口东南角,住宅用地-城镇住宅用地（普通住宅）、公共管理与公共服务用地-科教用地（幼儿园）；出让年限：住宅70年，公共管理与公共服务50年,3.0806,住宅70年，公共管理与公共服务50年,42900,阳光城集团龙岩投资开发有限公司,净地,现状,土地用途住宅用地-城镇住宅用地（普通住宅）、公共管理与公共服务用地-科教用地（幼儿园）；出让年限：住宅70年，公共管理与公共服务50年,2018年3月29日至2018年4月5日,,龙岩市新罗区莲新南路2号,364000,2212028,陈先生、林先生,龙岩市国土资源局用地科,lytdlyk@163.com,2020/5/21,https://www.lyggzy.com.cn/lyztb/InfoDetail/?InfoID=7222b082-d6a2-46ba-882c-b04f429229be&CategoryNum=084001,4cf6da29cab33981fa7817749541d09c
龙岩市国土资源局国有土地使用权招拍挂出让成交公示龙国土示字[2018]1号,2018/3/30,龙岩市国土资源局国有土地使用权招拍挂出让成交公示龙国土示字[2018]1号,龙国土示字[2018]1号,,出让结果,2018拍-5,犀牛路东侧，青松路北侧,住宅用地-城镇住宅用地（普通住宅）、商服用地-批发零售用地（商店、商场，不含商业办公）、公共管理与公共服务用地-科教用地（幼儿园）；出让年限：商服40年，住宅70年，公共管理与公共服务50年,4.8406,商服40年，住宅70年，公共管理与公共服务50年,25050,龙岩市福碧房地产开发有限公司,净地,现状,土地用途：住宅用地-城镇住宅用地（普通住宅）、商服用地-批发零售用地（商店、商场，不含商业办公）、公共管理与公共服务用地-科教用地（幼儿园）；出让年限：商服40年，住宅70年，公共管理与公共服务50年,2018年3月29日至2018年4月5日,,龙岩市新罗区莲新南路2号,364000,2212028,陈先生、林先生,龙岩市国土资源局用地科,lytdlyk@163.com,2020/5/21,https://www.lyggzy.com.cn/lyztb/InfoDetail/?InfoID=7222b082-d6a2-46ba-882c-b04f429229be&CategoryNum=084001,4cf6da29cab33981fa7817749541d09c
龙岩市国土资源局国有土地使用权招拍挂出让成交公示龙国土示字[2018]1号,2018/3/30,龙岩市国土资源局国有土地使用权招拍挂出让成交公示龙国土示字[2018]1号,龙国土示字[2018]1号,,出让结果,2018拍-6,龙门镇朝前村，龙门溪南侧、留坑溪西侧,商服用地-其他商服用地（商业仓储）；出让年限：商服40年,2.435,商服40年,3150,龙岩国誉饮食服务有限公司,净地,现状,土地用途：商服用地-其他商服用地（商业仓储）；出让年限：商服40年,2018年3月29日至2018年4月5日,,龙岩市新罗区莲新南路2号,364000,2212028,陈先生、林先生,龙岩市国土资源局用地科,lytdlyk@163.com,2020/5/21,https://www.lyggzy.com.cn/lyztb/InfoDetail/?InfoID=7222b082-d6a2-46ba-882c-b04f429229be&CategoryNum=084001,4cf6da29cab33981fa7817749541d09c
龙岩市国土资源局国有土地使用权招拍挂出让成交公示龙国土示字[2018]2号,2018/7/6,龙岩市国土资源局国有土地使用权招拍挂出让成交公示龙国土示字[2018]2号,龙国土示字[2018]2号,,出让结果,2018拍-7,南环东路东侧，龙岩洞公园南侧，东岳花园北侧,其他商服用地,3.6285,商服40年,6860,龙岩文化旅游发展集团有限公司,净地,现状,,2018年7月2日至2018年7月9日,,龙岩市新罗区莲新南路2号,364000,2212028,陈先生、林先生,龙岩市国土资源局用地科,lytdlyk@163.com,2020/5/21,https://www.lyggzy.com.cn/lyztb/InfoDetail/?InfoID=5b7bbded-961b-4473-a6cf-06d08564dabf&CategoryNum=084001,953fe8c3c06c12fbf563341bd6f9f4c7
龙岩市国土资源局国有土地使用权招拍挂出让成交公示龙国土示字[2018]2号,2018/7/6,龙岩市国土资源局国有土地使用权招拍挂出让成交公示龙国土示字[2018]2号,龙国土示字[2018]2号,,出让结果,2018拍-8,龙岩大道西侧，双龙路南侧,住宅用地-城镇住宅用地（普通住宅）；出让年限：住宅70年,7.1067,住宅70年,80000,龙岩市土地发展经营有限公司,净地,现状,土地用途：住宅用地-城镇住宅用地（普通住宅）；出让年限：住宅70年,2018年7月2日至2018年7月9日,,龙岩市新罗区莲新南路2号,364000,2212028,陈先生、林先生,龙岩市国土资源局用地科,lytdlyk@163.com,2020/5/21,https://www.lyggzy.com.cn/lyztb/InfoDetail/?InfoID=5b7bbded-961b-4473-a6cf-06d08564dabf&CategoryNum=084001,953fe8c3c06c12fbf563341bd6f9f4c7
龙岩市国土资源局国有土地使用权招拍挂出让成交公示龙国土示字[2018]2号,2018/7/6,龙岩市国土资源局国有土地使用权招拍挂出让成交公示龙国土示字[2018]2号,龙国土示字[2018]2号,,出让结果,2018拍-9,莲庄路南路与天马东路交叉口西北侧,中低价位、中小套型普通商品住房用地,7.0124,住宅70年、公共管理与公共服务用地50年,流拍,流拍,净地,现状,,2018年7月2日至2018年7月9日,,龙岩市新罗区莲新南路2号,364000,2212028,陈先生、林先生,龙岩市国土资源局用地科,lytdlyk@163.com,2020/5/21,https://www.lyggzy.com.cn/lyztb/InfoDetail/?InfoID=5b7bbded-961b-4473-a6cf-06d08564dabf&CategoryNum=084001,953fe8c3c06c12fbf563341bd6f9f4c7
龙岩市国土资源局国有土地使用权招拍挂出让成交公示龙国土示字[2018]2号,2018/7/6,龙岩市国土资源局国有土地使用权招拍挂出让成交公示龙国土示字[2018]2号,龙国土示字[2018]2号,,出让结果,2018拍-10,龙腾南路与东发路交叉口东南角,住宅用地-城镇住宅用地（普通住宅）；出让年限：住宅70年,1.7648,住宅70年,19100,福建德兴集团房地产开发有限公司,净地,现状,土地用途：住宅用地-城镇住宅用地（普通住宅）；出让年限：住宅70年,2018年7月2日至2018年7月9日,,龙岩市新罗区莲新南路2号,364000,2212028,陈先生、林先生,龙岩市国土资源局用地科,lytdlyk@163.com,2020/5/21,https://www.lyggzy.com.cn/lyztb/InfoDetail/?InfoID=5b7bbded-961b-4473-a6cf-06d08564dabf&CategoryNum=084001,953fe8c3c06c12fbf563341bd6f9f4c7
龙岩市国土资源局国有土地使用权招拍挂出让成交公示龙国土示字[2018]2号,2018/7/6,龙岩市国土资源局国有土地使用权招拍挂出让成交公示龙国土示字[2018]2号,龙国土示字[2018]2号,,出让结果,2018拍-11,龙工路与东发路交叉口北侧,住宅用地-城镇住宅用地（普通住宅）、商服用地-批发零售用地（商店，不含商业办公）；出让年限：商服40年，住宅70年,3.0965,商服40年，住宅70年,25500,厦门翎乾企业管理有限公司,净地,现状,土地用途：住宅用地-城镇住宅用地（普通住宅）、商服用地-批发零售用地（商店，不含商业办公）；出让年限：商服40年，住宅70年,2018年7月2日至2018年7月9日,,龙岩市新罗区莲新南路2号,364000,2212028,陈先生、林先生,龙岩市国土资源局用地科,lytdlyk@163.com,2020/5/21,https://www.lyggzy.com.cn/lyztb/InfoDetail/?InfoID=5b7bbded-961b-4473-a6cf-06d08564dabf&CategoryNum=084001,953fe8c3c06c12fbf563341bd6f9f4c7
龙岩市国土资源局国有土地使用权招拍挂出让成交公示龙国土示字[2018]3号,2018/7/18,龙岩市国土资源局国有土地使用权招拍挂出让成交公示龙国土示字[2018]3号,龙国土示字[2018]3号,,出让结果,2018拍-13,紫金山体育公园,住宅用地-城镇住宅用地（普通住宅）、商服用地-批发零售用地（商店、生鲜超市，不含商业办公）；出让年限：住宅70年,4.8034,70年、40年,44600,福建省科鑫房地产开发有限公司,净地,现状,土地用途：住宅用地-城镇住宅用地（普通住宅）、商服用地-批发零售用地（商店、生鲜超市，不含商业办公）；出让年限：住宅70年,2018年7月17日至2018年7月24日,,龙岩市新罗区莲新南路2号,364000,2212028,陈先生、林先生,龙岩市国土资源局用地科,lytdlyk@163.com,2020/5/21,https://www.lyggzy.com.cn/lyztb/InfoDetail/?InfoID=8403367c-d408-4be7-9164-e02542f0dbb8&CategoryNum=084001,efd661fb889259910a6d0b03fdc727a6
龙岩市国土资源局国有土地使用权招拍挂出让成交公示龙国土示字[2018]4号,2018/8/16,龙岩市国土资源局国有土地使用权招拍挂出让成交公示龙国土示字[2018]4号,龙国土示字[2018]4号,,出让结果,2018拍-9,莲庄路南路与天马东路交叉口西北侧,中低价位、中小套型普通商品住房用地,7.0117,住宅70年、商服40年、公共管理与公共服务用地50年,68500,龙岩市土地发展经营有限公司,净地,现状,,2018年8月2日至2018年8月9日,,龙岩市新罗区莲新南路2号,364000,2212028,陈先生、林先生,龙岩市国土资源局用地科,lytdlyk@163.com,2020/5/21,https://www.lyggzy.com.cn/lyztb/InfoDetail/?InfoID=22c5ce3a-879c-40aa-869d-4b43e55a4904&CategoryNum=084001,10bae2c58c97b11c25c52b9059ca89e3
上杭县国土资源局国有土地使用权招拍挂出让成交公示2018拍01,2018/8/23,上杭县国土资源局国有土地使用权招拍挂出让成交公示2018拍01,,,出让结果,2018拍01,上杭城区金山路与二环路交叉口西南侧地段,其他普通商品住房用地,5.7251,70年,33780,温州宏齐置业有限公司,,,,2018年08月19日至 2018年08月23日,,上杭县北环中路171号,364200,0597-3132818,王先生、邓女士,上杭县国土资源局,上杭县国土资源局,2020/5/21,https://www.lyggzy.com.cn/lyztb/InfoDetail/?InfoID=195910ba-85cc-4367-8ead-ce06b995e9ff&CategoryNum=084001,f9fca695645527bdfbcae415f66ff700
武平县国土资源局国有土地使用权招拍挂出让成交公示,2018/8/30,武平县国土资源局国有土地使用权招拍挂出让成交公示,,,出让结果,P2018-6,中赤乡中赤村杉树角,商务金融用地,0.1097,40年,63,国网福建武平县供电有限公司,,,,2018年08月30日 至 2018年09月05日 ,,平川镇西环路21-4号,364300,0597-4828082,钟先生,武平县国土资源局,,2020/5/21,https://www.lyggzy.com.cn/lyztb/InfoDetail/?InfoID=482ba120-bc6f-476f-89c6-82d859ea4626&CategoryNum=084001,08a44ce3be06927b45acfe39819755a9
龙岩市国土资源局国有土地使用权招拍挂出让成交公示,2018/9/12,龙岩市国土资源局国有土地使用权招拍挂出让成交公示,,,出让结果,2018挂-G04,西陂街道口、紫阳村腾外路北侧、北外环北侧,工业用地,5.0919,50年,1523,福建省格兰尼生物工程股份有限公司,净地,,,2018年9月11日至 2018年9月18日,,福建省龙岩市莲新南路2号,364000,0597-2291438,黄先生，陈小姐,龙岩市国土资源局,,2020/5/21,https://www.lyggzy.com.cn/lyztb/InfoDetail/?InfoID=b21553b3-7822-427f-8524-52e0e76cea49&CategoryNum=084001,391131728c69bcc8668b006c95057885
龙岩市国土资源局国有土地使用权招拍挂出让成交公示-龙国土示字[2018]5号,2018/9/30,龙岩市国土资源局国有土地使用权招拍挂出让成交公示-龙国土示字[2018]5号,龙国土示字[2018]5号,,出让结果,2018拍-15,漳龙高速东侧，金鸡路南侧，龙腾路西侧,中低价位、中小套型普通商品住房用地,6.0394,70年,83300,龙岩城发地产有限公司、龙岩汇金置业有限公司,净地,现状,,2018年9月30日至2018年10月12日,,龙岩市新罗区莲新南路2号,364000,2212028,廖先生、林先生,龙岩市国土资源局用地科,lytdlyk@163.com,2020/5/21,https://www.lyggzy.com.cn/lyztb/InfoDetail/?InfoID=1fddaf57-2753-4eeb-a7bd-f1fbc34d9a87&CategoryNum=084001,6648d0962785fed25ee71c0b975e6076
龙岩市国土资源局国有土地使用权招拍挂出让成交公示-龙国土示字[2018]5号,2018/9/30,龙岩市国土资源局国有土地使用权招拍挂出让成交公示-龙国土示字[2018]5号,龙国土示字[2018]5号,,出让结果,2018拍-16,兴业路南侧、龙腾南路东侧,中低价位、中小套型普通商品住房用地,5.6845,商服40年、住宅70年、公共管理与公共服务用地50年,45000,龙岩厦鑫房地产开发有限公司,净地,现状,,2018年9月30日至2018年10月12日,,龙岩市新罗区莲新南路2号,364000,2212028,廖先生、林先生,龙岩市国土资源局用地科,lytdlyk@163.com,2020/5/21,https://www.lyggzy.com.cn/lyztb/InfoDetail/?InfoID=1fddaf57-2753-4eeb-a7bd-f1fbc34d9a87&CategoryNum=084001,6648d0962785fed25ee71c0b975e6076
龙岩市国土资源局国有土地使用权招拍挂出让成交公示-龙国土示字[2018]5号,2018/9/30,龙岩市国土资源局国有土地使用权招拍挂出让成交公示-龙国土示字[2018]5号,龙国土示字[2018]5号,,出让结果,2018拍-17,西站北路东侧，青松路南侧,住宅用地-城镇住宅用地（普通住宅）、商服用地-批发零售用地（商场、商店，不含商业办公）；出让年限：商服40年、住宅70年,4.0267,商服40年、住宅70年,21600,蔡云玉,净地,现状,土地用途：住宅用地-城镇住宅用地（普通住宅）、商服用地-批发零售用地（商场、商店，不含商业办公）；出让年限：商服40年、住宅70年,2018年9月30日至2018年10月12日,,龙岩市新罗区莲新南路2号,364000,2212028,廖先生、林先生,龙岩市国土资源局用地科,lytdlyk@163.com,2020/5/21,https://www.lyggzy.com.cn/lyztb/InfoDetail/?InfoID=1fddaf57-2753-4eeb-a7bd-f1fbc34d9a87&CategoryNum=084001,6648d0962785fed25ee71c0b975e6076
龙岩市国土资源局国有土地使用权招拍挂出让成交公示-龙国土示字[2018]5号,2018/9/30,龙岩市国土资源局国有土地使用权招拍挂出让成交公示-龙国土示字[2018]5号,龙国土示字[2018]5号,,出让结果,2018拍-18,西站北路东侧，青竹路北侧,中低价位、中小套型普通商品住房用地,4.1605,住宅70年、公共管理与公共服务用地50年,22300,龙岩厦鑫房地产开发有限公司,净地,现状,,2018年9月30日至2018年10月12日,,龙岩市新罗区莲新南路2号,364000,2212028,廖先生、林先生,龙岩市国土资源局用地科,lytdlyk@163.com,2020/5/21,https://www.lyggzy.com.cn/lyztb/InfoDetail/?InfoID=1fddaf57-2753-4eeb-a7bd-f1fbc34d9a87&CategoryNum=084001,6648d0962785fed25ee71c0b975e6076
龙岩市国土资源局国有土地使用权招拍挂出让成交公示-龙国土示字[2018]5号,2018/9/30,龙岩市国土资源局国有土地使用权招拍挂出让成交公示-龙国土示字[2018]5号,龙国土示字[2018]5号,,出让结果,2018拍-15,漳龙高速东侧，金鸡路南侧，龙腾路西侧,中低价位、中小套型普通商品住房用地,6.0394,70年,83300,龙岩城发地产有限公司、龙岩汇金置业有限公司,净地,现状,,2018年9月30日至2018年10月12日,,龙岩市新罗区莲新南路2号,364000,2212028,廖先生、林先生,龙岩市国土资源局用地科,lytdlyk@163.com,2020/5/21,https://www.lyggzy.com.cn/lyztb/InfoDetail/?InfoID=d7880d96-2cbf-42df-81c8-8cd7c83f8b4c&CategoryNum=084001,84b33f7f44d77286838285b76b116703
龙岩市国土资源局国有土地使用权招拍挂出让成交公示-龙国土示字[2018]5号,2018/9/30,龙岩市国土资源局国有土地使用权招拍挂出让成交公示-龙国土示字[2018]5号,龙国土示字[2018]5号,,出让结果,2018拍-16,兴业路南侧、龙腾南路东侧,中低价位、中小套型普通商品住房用地,5.6845,商服40年、住宅70年、公共管理与公共服务用地50年,45000,龙岩厦鑫房地产开发有限公司,净地,现状,,2018年9月30日至2018年10月12日,,龙岩市新罗区莲新南路2号,364000,2212028,廖先生、林先生,龙岩市国土资源局用地科,lytdlyk@163.com,2020/5/21,https://www.lyggzy.com.cn/lyztb/InfoDetail/?InfoID=d7880d96-2cbf-42df-81c8-8cd7c83f8b4c&CategoryNum=084001,84b33f7f44d77286838285b76b116703
龙岩市国土资源局国有土地使用权招拍挂出让成交公示-龙国土示字[2018]5号,2018/9/30,龙岩市国土资源局国有土地使用权招拍挂出让成交公示-龙国土示字[2018]5号,龙国土示字[2018]5号,,出让结果,2018拍-17,西站北路东侧，青松路南侧,住宅用地-城镇住宅用地（普通住宅）、商服用地-批发零售用地（商场、商店，不含商业办公）；出让年限：商服40年、住宅70年,4.0267,商服40年、住宅70年,21600,蔡云玉,净地,现状,土地用途：住宅用地-城镇住宅用地（普通住宅）、商服用地-批发零售用地（商场、商店，不含商业办公）；出让年限：商服40年、住宅70年,2018年9月30日至2018年10月12日,,龙岩市新罗区莲新南路2号,364000,2212028,廖先生、林先生,龙岩市国土资源局用地科,lytdlyk@163.com,2020/5/21,https://www.lyggzy.com.cn/lyztb/InfoDetail/?InfoID=d7880d96-2cbf-42df-81c8-8cd7c83f8b4c&CategoryNum=084001,84b33f7f44d77286838285b76b116703
龙岩市国土资源局国有土地使用权招拍挂出让成交公示-龙国土示字[2018]5号,2018/9/30,龙岩市国土资源局国有土地使用权招拍挂出让成交公示-龙国土示字[2018]5号,龙国土示字[2018]5号,,出让结果,2018拍-18,西站北路东侧，青竹路北侧,中低价位、中小套型普通商品住房用地,4.1605,住宅70年、公共管理与公共服务用地50年,22300,龙岩厦鑫房地产开发有限公司,净地,现状,,2018年9月30日至2018年10月12日,,龙岩市新罗区莲新南路2号,364000,2212028,廖先生、林先生,龙岩市国土资源局用地科,lytdlyk@163.com,2020/5/21,https://www.lyggzy.com.cn/lyztb/InfoDetail/?InfoID=d7880d96-2cbf-42df-81c8-8cd7c83f8b4c&CategoryNum=084001,84b33f7f44d77286838285b76b116703
武平县国土资源局国有土地使用权招拍挂出让成交公示,2018/10/15,武平县国土资源局国有土地使用权招拍挂出让成交公示,,,出让结果,P2018-7,原东门农贸市场,其他普通商品住房用地,0.231,70年,2000,林桂德,,,,2018年10月11日 至 2018年10月16日 ,,平川镇西环路21-4号,364300,0597-4828082,钟先生，童先生,武平县国土资源局,,2020/5/21,https://www.lyggzy.com.cn/lyztb/InfoDetail/?InfoID=02f68bb0-8b28-4c5b-8ee4-e0ed34a2ab5f&CategoryNum=084001,4e381233e884a3db46127a0bb07567b2
武平县国土资源局国有土地使用权招拍挂出让成交公示,2018/10/15,武平县国土资源局国有土地使用权招拍挂出让成交公示,,,出让结果,P2018-8,平川镇七坊村,其他普通商品住房用地,6.8375,70年,20000,上杭宏庄投资有限公司,,,,2018年10月11日 至 2018年10月16日 ,,平川镇西环路21-4号,364300,0597-4828082,钟先生，童先生,武平县国土资源局,,2020/5/21,https://www.lyggzy.com.cn/lyztb/InfoDetail/?InfoID=02f68bb0-8b28-4c5b-8ee4-e0ed34a2ab5f&CategoryNum=084001,4e381233e884a3db46127a0bb07567b2
武平县国土资源局国有土地使用权招拍挂出让成交公示,2018/10/15,武平县国土资源局国有土地使用权招拍挂出让成交公示,,,出让结果,P2018-7,原东门农贸市场,其他普通商品住房用地,0.231,70年,2000,林桂德,,,,2018年10月11日 至 2018年10月16日 ,,平川镇西环路21-4号,364300,0597-4828082,钟先生，童先生,武平县国土资源局,,2020/5/21,https://www.lyggzy.com.cn/lyztb/InfoDetail/?InfoID=343a9e6c-2bf2-440e-b0a1-f038504560ab&CategoryNum=084001,2e32cb0edc353f3babcf4a1440ccc72c
武平县国土资源局国有土地使用权招拍挂出让成交公示,2018/10/15,武平县国土资源局国有土地使用权招拍挂出让成交公示,,,出让结果,P2018-8,平川镇七坊村,其他普通商品住房用地,6.8375,70年,20000,上杭宏庄投资有限公司,,,,2018年10月11日 至 2018年10月16日 ,,平川镇西环路21-4号,364300,0597-4828082,钟先生，童先生,武平县国土资源局,,2020/5/21,https://www.lyggzy.com.cn/lyztb/InfoDetail/?InfoID=343a9e6c-2bf2-440e-b0a1-f038504560ab&CategoryNum=084001,2e32cb0edc353f3babcf4a1440ccc72c
武平县国土资源局国有土地使用权招拍挂出让成交公示,2018/10/16,武平县国土资源局国有土地使用权招拍挂出让成交公示,,,出让结果,G2018-10,武平县工业园区F06-2地块,工业用地,2,50年,206,武平拓岩密封件有限公司,,,,2018年10月11日 至 2018年10月16日 ,,平川镇西环路21-4号,364300,0597-4828082,钟先生，童先生,武平县国土资源局,,2020/5/21,https://www.lyggzy.com.cn/lyztb/InfoDetail/?InfoID=3c0be54e-1544-4cae-ace8-2939a7f16cd8&CategoryNum=084001,295d69b6f3bbf6b4070a2ae7e08e6e8f
龙岩市国土资源局国有土地使用权招拍挂出让成交公示,2018/10/17,龙岩市国土资源局国有土地使用权招拍挂出让成交公示,,,出让结果,2018挂-G05,西陂街道赤坑村、兴盛路南侧、龙达路西侧,工业用地,3.5608,50年,983,福建龙州工业园建设发展有限公司,净地,,,2018年10月17日 至 2018年10月22日 ,,福建省龙岩市莲新南路2号,364000,0597-2291438,黄先生，陈小姐,龙岩市国土资源局,,2020/5/21,https://www.lyggzy.com.cn/lyztb/InfoDetail/?InfoID=7f93b126-d50b-41d6-b91a-38d5f0220fe4&CategoryNum=084001,25ba91f05d60b205bca4f8d2389885fb
龙岩市国土资源局国有土地使用权招拍挂出让成交公示,2018/10/29,龙岩市国土资源局国有土地使用权招拍挂出让成交公示,龙国土示字[2018]6号,,出让结果,2018拍-12,罗龙西路西侧，赤水溪东侧,中低价位、中小套型普通商品住房用地,1.8674,70年,9240,龙岩市新罗区土地发展有限公司,净地,现状,住宅用地-城镇住宅用地（普通住宅）、商服用地-批发零售用地（商场、商店、农贸市场，不含商业办公）；商服40年、住宅70年,2018年10月26日至2018年11月2日,,龙岩市新罗区莲新南路2号,364000,2212028,廖先生、林先生,龙岩市国土资源局用地科,lytdlyk@163.com,2020/5/21,https://www.lyggzy.com.cn/lyztb/InfoDetail/?InfoID=16944aa9-a805-4812-ab2b-aaac9432b4db&CategoryNum=084001,c452b2719843314f25563a1281a7c3b7
龙岩市国土资源局国有土地使用权招拍挂出让成交公示,2018/10/29,龙岩市国土资源局国有土地使用权招拍挂出让成交公示,龙国土示字[2018]6号,,出让结果,2018拍-19,莲庄南路与浮东路交叉口东北角,住宅用地-城镇住宅用地（普通住宅）；出让年限：住宅70年,2.3825,住宅70年,16500,龙岩市土地发展经营有限公司,净地,现状,土地用途：住宅用地-城镇住宅用地（普通住宅）；出让年限：住宅70年,2018年10月26日至2018年11月2日,,龙岩市新罗区莲新南路2号,364000,2212028,廖先生、林先生,龙岩市国土资源局用地科,lytdlyk@163.com,2020/5/21,https://www.lyggzy.com.cn/lyztb/InfoDetail/?InfoID=16944aa9-a805-4812-ab2b-aaac9432b4db&CategoryNum=084001,c452b2719843314f25563a1281a7c3b7
武平县国土资源局国有土地使用权招拍挂出让成交公示,2018/11/1,武平县国土资源局国有土地使用权招拍挂出让成交公示,,,出让结果,G2018-11,武平县工业园区H05-2-1地块,工业用地,2.4716,50年,250,福建凝聚力科技有限公司,,,,2018年10月22日 至 2018年10月29日 ,,平川镇西环路21-4号,364300,0597-4828082,钟先生，童先生,武平县国土资源局,,2020/5/21,https://www.lyggzy.com.cn/lyztb/InfoDetail/?InfoID=4b0b09f5-a2e0-44e4-93af-41f1ad631fdf&CategoryNum=084001,a0f87f2fd1137fa67e8d798c63935623
连城县国土资源局国有土地使用权招拍挂出让成交公示,2018/11/9,连城县国土资源局国有土地使用权招拍挂出让成交公示,,,出让结果,P2018-10,连城县西城文教片区,住宅用地―城镇住宅用地（普通住宅）；商服用地―批发零售用地（商店，且不含商业办公用地，商业建筑面积不超过计容面积的20%）；土地使用年限：商服用地40年，住宅用地70年.,0.07708,70年,245,福建万福恒泰房地产开发有限公司,净地,具备基本动工条件,土地用途：住宅用地―城镇住宅用地（普通住宅）；商服用地―批发零售用地（商店，且不含商业办公用地，商业建筑面积不超过计容面积的20%）；土地使用年限：商服用地40年，住宅用地70年.,2018年11月07日 至 2018年11月13日 ,,连城县东环北路28号,366200,0597-3320230、0597-3320231,江先生,建设用地管理股,lcgtly@163.com,2020/5/21,https://www.lyggzy.com.cn/lyztb/InfoDetail/?InfoID=6c62f111-aa50-4e1c-b913-b1327b528742&CategoryNum=084001,aaec046d48f2cdd646f1f9daba7aa726
连城县国土资源局国有土地使用权招拍挂出让成交公示,2018/11/9,连城县国土资源局国有土地使用权招拍挂出让成交公示,,,出让结果,P2018-9,连城县西城文教片区,住宅用地―城镇住宅用地（普通住宅）；商服用地―批发零售用地（商店，且不含商业办公用地，商业建筑面积不超过计容面积的20%）；土地使用年限：商服用地40年，住宅用地70年.,0.164032,70年,715,福建万福恒泰房地产开发有限公司,净地,具备基本动工条件,土地用途：住宅用地―城镇住宅用地（普通住宅）；商服用地―批发零售用地（商店，且不含商业办公用地，商业建筑面积不超过计容面积的20%）；土地使用年限：商服用地40年，住宅用地70年.,2018年11月07日 至 2018年11月13日 ,,连城县东环北路28号,366200,0597-3320230、0597-3320231,江先生,建设用地管理股,lcgtly@163.com,2020/5/21,https://www.lyggzy.com.cn/lyztb/InfoDetail/?InfoID=6c62f111-aa50-4e1c-b913-b1327b528742&CategoryNum=084001,aaec046d48f2cdd646f1f9daba7aa726
上杭县国土资源局国有土地使用权招拍挂出让成交公示-2018拍02,2018/11/16,上杭县国土资源局国有土地使用权招拍挂出让成交公示-2018拍02,,,出让结果,2018拍02,上杭城南片区原装饰板厂,其他普通商品住房用地,5.4878,70年,20020,福建金利房地产开发有限公司,,,,2018年11月14日 至 2018年11月18日 ,,上杭县北环中路171号,364200,0597-3132818,邓女士,上杭县国土资源局,                        上杭县国土资源局,2020/5/21,https://www.lyggzy.com.cn/lyztb/InfoDetail/?InfoID=7e46c85e-9fbe-4dd0-97f8-422092142a71&CategoryNum=084001,9ff3884eaa339c63e642d4e7068419ae
连城县国土资源局国有土地使用权招拍挂出让成交公示,2018/11/30,连城县国土资源局国有土地使用权招拍挂出让成交公示,,,出让结果,G2018-13,连城县朋口工业集中区沈坑片区,化学原料及化学制品制造业,1.811812,50年,214,福建振新化学有限公司,净地,三通一平,,2018年11月30日,,连城县东环北路28号,366200,0597-3320230、0597-3320231,江先生,建设用地管理股,,2020/5/21,https://www.lyggzy.com.cn/lyztb/InfoDetail/?InfoID=ec05590c-8e12-4c33-89d4-5f3186f92e06&CategoryNum=084001,2c1e36dc7ac1fac1cf566db20a3d303f
连城县国土资源局国有土地使用权招拍挂出让成交公示,2018/11/30,连城县国土资源局国有土地使用权招拍挂出让成交公示,,,出让结果,G2018-14,连城县庙前镇庙前工业集中区,医药制造业,0.3039,50年,36,龙岩台迈三略制药有限公司,净地,三通一平,,2018年11月30日,,连城县东环北路28号,366200,0597-3320230、0597-3320231,江先生,建设用地管理股,,2020/5/21,https://www.lyggzy.com.cn/lyztb/InfoDetail/?InfoID=ec05590c-8e12-4c33-89d4-5f3186f92e06&CategoryNum=084001,2c1e36dc7ac1fac1cf566db20a3d303f
连城县国土资源局国有土地使用权招拍挂出让成交公示,2018/11/30,连城县国土资源局国有土地使用权招拍挂出让成交公示,,,出让结果,G2018-15,连城县莒溪镇厦庄村,木材加工及木、竹、藤、棕、草制品业,0.08985,20年,14,吴龙仁,净地,净地,,2018年11月30日,,连城县东环北路28号,366200,0597-3320230、0597-3320231,江先生,建设用地管理股,,2020/5/21,https://www.lyggzy.com.cn/lyztb/InfoDetail/?InfoID=ec05590c-8e12-4c33-89d4-5f3186f92e06&CategoryNum=084001,2c1e36dc7ac1fac1cf566db20a3d303f
武平县国土资源局国有土地使用权招拍挂出让成交公示,2018/12/14,武平县国土资源局国有土地使用权招拍挂出让成交公示,,,出让结果,P2018-9,平川镇政协巷及周边,其他商服用地,1.9435,40年,10600,武平县天然文化旅游投资有限公司,,,,2018年12月13日 至 2018年12月18日 ,,武平县平川镇环城西路21-4,364300,0597-4828082,钟先生,武平县国土资源局,,2020/5/21,https://www.lyggzy.com.cn/lyztb/InfoDetail/?InfoID=b11af666-aca5-497d-a17a-56eb285fc22c&CategoryNum=084001,479be18c4b97816aba557dbf01416e97
龙岩市国土资源局国有土地使用权招拍挂出让成交公示龙国土示字[2018]7号,2018/12/17,龙岩市国土资源局国有土地使用权招拍挂出让成交公示龙国土示字[2018]7号,龙国土示字[2018]7号,,出让结果,2018拍-20,华莲小区北侧，富健新村西侧,公共管理与公共服务用地,0.4107,50年,2460,福建清河斋投资发展有限公司,净地,净地,,2018年12月17日至2018年12月24日,,龙岩市新罗区莲新南路2号,364000,2212028,廖先生、林先生,龙岩市国土资源局用地科,lytdlyk@163.com,2020/5/21,https://www.lyggzy.com.cn/lyztb/InfoDetail/?InfoID=c2bce6c0-848e-4ef2-afde-9a312acc9124&CategoryNum=084001,19fa894a9af3218703a48b443ce07d71
龙岩市国土资源局国有土地使用权招拍挂出让成交公示龙国土示字[2018]7号,2018/12/17,龙岩市国土资源局国有土地使用权招拍挂出让成交公示龙国土示字[2018]7号,龙国土示字[2018]7号,,出让结果,2018拍-21,天马东路与西翠路交叉口西南侧,公共管理与公共服务用地,0.6569,50年,1800,马翔,净地,净地,,2018年12月17日至2018年12月24日,,龙岩市新罗区莲新南路2号,364000,2212028,廖先生、林先生,龙岩市国土资源局用地科,lytdlyk@163.com,2020/5/21,https://www.lyggzy.com.cn/lyztb/InfoDetail/?InfoID=c2bce6c0-848e-4ef2-afde-9a312acc9124&CategoryNum=084001,19fa894a9af3218703a48b443ce07d71
龙岩市永定区国土资源局国有建设用地使用权挂牌出让成交公示,2018/12/28,龙岩市永定区国土资源局国有建设用地使用权挂牌出让成交公示,,,出让结果,2018-挂-20,坎市镇坎市街居委会,其它,2.5042,50年,290,龙岩市越丰高岭矿业有限公司,净地,,,2018年12月28日 至 2019年01月06日 ,,福建省龙岩市永定区凤城街道南通路70号,364100,0597-3011915,土地利用股工作人员,龙岩市永定区国土资源局,,2020/5/21,https://www.lyggzy.com.cn/lyztb/InfoDetail/?InfoID=83de461d-ea49-4962-9d59-408b7f90c428&CategoryNum=084001,0f3f50c7537210a3404f2fb0f3ce8d24
龙岩市永定区国土资源局国有建设用地使用权挂牌出让成交公示,2018/12/28,龙岩市永定区国土资源局国有建设用地使用权挂牌出让成交公示,,,出让结果,2018-挂-21,湖山乡三来村,工艺品及其他制造业,0.212,50年,24,李秋华,净地,,,2018年12月28日 至 2019年01月06日 ,,福建省龙岩市永定区凤城街道南通路70号,364100,0597-3011915,土地利用股工作人员,龙岩市永定区国土资源局,,2020/5/21,https://www.lyggzy.com.cn/lyztb/InfoDetail/?InfoID=83de461d-ea49-4962-9d59-408b7f90c428&CategoryNum=084001,0f3f50c7537210a3404f2fb0f3ce8d24
武平县自然资源局国有土地使用权招拍挂出让成交公示,2019/1/28,武平县自然资源局国有土地使用权招拍挂出让成交公示,,,出让结果,G2018-13,武平县工业园区F05-1地块,工业用地,1.6275,50年,168,武平龙兴科技有限公司,,,,2019年1月25日 至 2019年1月30日 ,,平川镇西环路21-4号,364300,0597-4828082,钟先生，童先生,武平县自然资源局,,2020/5/21,https://www.lyggzy.com.cn/lyztb/InfoDetail/?InfoID=47952285-aed1-4a61-8d3e-fb4b26c5529f&CategoryNum=084001,b1488efefb60b334fd0083bd926073d2
武平县自然资源局国有土地使用权招拍挂出让成交公示,2019/1/28,武平县自然资源局国有土地使用权招拍挂出让成交公示,,,出让结果,G2018-14,武平高新区（十方）A27-2地块,工业用地,1.3645,50年,140,福建省力菲克生物技术有限公司,,,,2019年1月25日 至 2019年1月30日 ,,平川镇西环路21-4号,364300,0597-4828082,钟先生，童先生,武平县自然资源局,,2020/5/21,https://www.lyggzy.com.cn/lyztb/InfoDetail/?InfoID=47952285-aed1-4a61-8d3e-fb4b26c5529f&CategoryNum=084001,b1488efefb60b334fd0083bd926073d2
武平县自然资源局国有土地使用权招拍挂出让成交公示,2019/1/28,武平县自然资源局国有土地使用权招拍挂出让成交公示,,,出让结果,G2018-13,武平县工业园区F05-1地块,工业用地,1.6275,50年,168,武平龙兴科技有限公司,,,,2019年1月25日 至 2019年1月30日 ,,平川镇西环路21-4号,364300,0597-4828082,钟先生，童先生,武平县自然资源局,,2020/5/21,https://www.lyggzy.com.cn/lyztb/InfoDetail/?InfoID=6a793eef-88de-4a1d-b439-7a6c646a179b&CategoryNum=084001,8e87a0397737234f6cdcf6b45cc9b122
武平县自然资源局国有土地使用权招拍挂出让成交公示,2019/1/28,武平县自然资源局国有土地使用权招拍挂出让成交公示,,,出让结果,G2018-14,武平高新区（十方）A27-2地块,工业用地,1.3645,50年,140,福建省力菲克生物技术有限公司,,,,2019年1月25日 至 2019年1月30日 ,,平川镇西环路21-4号,364300,0597-4828082,钟先生，童先生,武平县自然资源局,,2020/5/21,https://www.lyggzy.com.cn/lyztb/InfoDetail/?InfoID=6a793eef-88de-4a1d-b439-7a6c646a179b&CategoryNum=084001,8e87a0397737234f6cdcf6b45cc9b122
长汀县自然资源资源局关于长汀县策武镇硫磺缺建筑用砂岩石料矿采矿权公开拍卖出让公示,2019/1/29,长汀县自然资源资源局关于长汀县策武镇硫磺缺建筑用砂岩石料矿采矿权公开拍卖出让公示,,,出让结果,,长汀县策武镇策田村,,,,陆拾伍万元整（￥:65万元整） ,福建省汀鑫矿业发展有限公司,,,,内对出让矿权有异议的，请以书面材料形式送长汀县自然资源局（以公示期内收到时间为准）,,,,0597-6820828、0597-6816186,,,,2020/5/21,https://www.lyggzy.com.cn/lyztb/InfoDetail/?InfoID=ad155253-c0ea-4587-a801-040a9c5362fa&CategoryNum=084001,15a98819b70cbddce66048016604665d
连城县自然资源局国有土地使用权招拍挂出让成交公示,2019/1/29,连城县自然资源局国有土地使用权招拍挂出让成交公示,,,出让结果,P2018-18,连城县冠豸山旅游经济开发区,普通商品房,2.8054,70年,6450,连城冠豸山文创园企业管理有限公司,净地,具备基本动工条件,,2019年01月29日 至 2019年02月02日 ,,连城县东环北路28号,366200,0597-3320230、0597-3320231,江先生,建设用地管理股,,2020/5/21,https://www.lyggzy.com.cn/lyztb/InfoDetail/?InfoID=0313cc97-2a4d-444a-97e1-8d44c18e4252&CategoryNum=084001,b8e2cfc0275042a659f4484a9a29ac20
武平县自然资源局国有土地使用权招拍挂出让成交公示,2019/2/18,武平县自然资源局国有土地使用权招拍挂出让成交公示,,,出让结果,G2019-1,武平县工业园区F07-3地块,工业用地,1.1935,50年,120,龙岩市星之谷婴童用品有限公司,,,,2019年02月16日 至 2019年02月21日 ,,武平县平川镇西环路21-4,364300,0597-4828082,钟先生、童先生,武平县自然资源局,,2020/5/21,https://www.lyggzy.com.cn/lyztb/InfoDetail/?InfoID=d9c009f1-17bd-4dc9-b9b5-e6675dd9c6e8&CategoryNum=084001,2e065f3a8a52a262bd023a0d23d90bcc
龙岩市永定区国土资源局国有建设用地使用权拍卖出让成交公示,2019/4/11,龙岩市永定区国土资源局国有建设用地使用权拍卖出让成交公示,,,出让结果,2018-拍-26,永定区岐岭乡,住宅用地―城镇住宅用地（普通住宅）,0.032,70年,129.5,,净地,,,2019年4月11日至 2019年4月21日,,福建省龙岩市永定区凤城街道南通路70号,364100,0597-3011915,土地利用股工作人员,龙岩市永定区自然资源局,,2020/5/21,https://www.lyggzy.com.cn/lyztb/InfoDetail/?InfoID=18f17d50-06d0-46c3-a3e5-ee862cff1583&CategoryNum=084001,1296f4c5a3465387ec8ecf07b3608c50
龙岩市永定区国土资源局国有建设用地使用权拍卖出让成交公示,2019/4/11,龙岩市永定区国土资源局国有建设用地使用权拍卖出让成交公示,,,出让结果,2019-拍-03,永定区凤城街道寨下片区,住宅用地―城镇住宅用地（普通住宅）、商服用地―零售商业用地（商店，不含商业办公）,1.0922,住宅70年，商业40年,2050,龙岩市永定区宏辉城市建设发展有限公司,净地,,,2019年4月11日至 2019年4月21日,,福建省龙岩市永定区凤城街道南通路70号,364100,0597-3011915,土地利用股工作人员,龙岩市永定区自然资源局,,2020/5/21,https://www.lyggzy.com.cn/lyztb/InfoDetail/?InfoID=18f17d50-06d0-46c3-a3e5-ee862cff1583&CategoryNum=084001,1296f4c5a3465387ec8ecf07b3608c50
龙岩市自然资源局国有土地使用权招拍挂出让成交公示,2019/4/18,龙岩市自然资源局国有土地使用权招拍挂出让成交公示,按照《土地管理法》、《城市房地产管理法》、《招标拍卖挂牌出让国有土地使用权规定》和《招标拍卖挂牌出让国有土地使用权规范》等有关法律法规，遵循公开、公正、公平的原则。我局于 2019年4月15日上午9时，在龙岩市公共资源交易中心五楼3号交易厅（交易厅3），拍卖出让九幅国有建设用地使用权。现将有关情况公示如下：,,出让结果,2019拍-G02,兴盛路北侧、南三龙铁路南侧,工矿仓储用地-工业用地（通用设备制造）,1.2339,50年,339,福建省龙津液压机械有限公司,净地,,,2019年4月15日至 2019年4月21日,,福建省龙岩市莲新南路2号,364000,0597-2291438,黄先生，陈小姐,龙岩市国土资源局,,2020/5/21,https://www.lyggzy.com.cn/lyztb/InfoDetail/?InfoID=a4296c7c-b006-432e-81e1-4bd8786460bc&CategoryNum=084001,cae94afb475817b6b483876568959a56
龙岩市自然资源局国有土地使用权招拍挂出让成交公示,2019/4/18,龙岩市自然资源局国有土地使用权招拍挂出让成交公示,按照《土地管理法》、《城市房地产管理法》、《招标拍卖挂牌出让国有土地使用权规定》和《招标拍卖挂牌出让国有土地使用权规范》等有关法律法规，遵循公开、公正、公平的原则。我局于 2019年4月15日上午9时，在龙岩市公共资源交易中心五楼3号交易厅（交易厅3），拍卖出让九幅国有建设用地使用权。现将有关情况公示如下：,,出让结果,2019拍-G03,龙州工业园硬质合金园，江山公路西侧,工矿仓储用地-工业用地（专用设备制造业）,2.2058,50年,/,/,净地,,,2019年4月15日至 2019年4月21日,,福建省龙岩市莲新南路2号,364000,0597-2291438,黄先生，陈小姐,龙岩市国土资源局,,2020/5/21,https://www.lyggzy.com.cn/lyztb/InfoDetail/?InfoID=a4296c7c-b006-432e-81e1-4bd8786460bc&CategoryNum=084001,cae94afb475817b6b483876568959a56
龙岩市自然资源局国有土地使用权招拍挂出让成交公示,2019/4/18,龙岩市自然资源局国有土地使用权招拍挂出让成交公示,按照《土地管理法》、《城市房地产管理法》、《招标拍卖挂牌出让国有土地使用权规定》和《招标拍卖挂牌出让国有土地使用权规范》等有关法律法规，遵循公开、公正、公平的原则。我局于 2019年4月15日上午9时，在龙岩市公共资源交易中心五楼3号交易厅（交易厅3），拍卖出让九幅国有建设用地使用权。现将有关情况公示如下：,,出让结果,2019拍-G04,江山公路东侧,工矿仓储用地-工业用地（通用设备制造业）,0.6059,50年,202,龙岩市裕荣设备租赁有限公司,净地,,,2019年4月15日至 2019年4月21日,,福建省龙岩市莲新南路2号,364000,0597-2291438,黄先生，陈小姐,龙岩市国土资源局,,2020/5/21,https://www.lyggzy.com.cn/lyztb/InfoDetail/?InfoID=a4296c7c-b006-432e-81e1-4bd8786460bc&CategoryNum=084001,cae94afb475817b6b483876568959a56
龙岩市自然资源局国有土地使用权招拍挂出让成交公示,2019/4/18,龙岩市自然资源局国有土地使用权招拍挂出让成交公示,按照《土地管理法》、《城市房地产管理法》、《招标拍卖挂牌出让国有土地使用权规定》和《招标拍卖挂牌出让国有土地使用权规范》等有关法律法规，遵循公开、公正、公平的原则。我局于 2019年4月15日上午9时，在龙岩市公共资源交易中心五楼3号交易厅（交易厅3），拍卖出让九幅国有建设用地使用权。现将有关情况公示如下：,,出让结果,2019拍-G05,新罗区小池镇培斜村,工矿仓储用地-工业用地（酒制造业）,3.7897,50年,728,福建德熙酒业有限公司,净地,,,2019年4月15日至 2019年4月21日,,福建省龙岩市莲新南路2号,364000,0597-2291438,黄先生，陈小姐,龙岩市国土资源局,,2020/5/21,https://www.lyggzy.com.cn/lyztb/InfoDetail/?InfoID=a4296c7c-b006-432e-81e1-4bd8786460bc&CategoryNum=084001,cae94afb475817b6b483876568959a56
龙岩市自然资源局国有土地使用权招拍挂出让成交公示,2019/4/18,龙岩市自然资源局国有土地使用权招拍挂出让成交公示,按照《土地管理法》、《城市房地产管理法》、《招标拍卖挂牌出让国有土地使用权规定》和《招标拍卖挂牌出让国有土地使用权规范》等有关法律法规，遵循公开、公正、公平的原则。我局于 2019年4月15日上午9时，在龙岩市公共资源交易中心五楼3号交易厅（交易厅3），拍卖出让九幅国有建设用地使用权。现将有关情况公示如下：,,出让结果,2019拍-G06,新罗区龙台产业园苏坂片区美山张厝,工矿仓储用地-工业用地（废弃资源综合利用业）,9.6423,50年,1746,龙岩卓越新能源股份有限公司,净地,,,2019年4月15日至 2019年4月21日,,福建省龙岩市莲新南路2号,364000,0597-2291438,黄先生，陈小姐,龙岩市国土资源局,,2020/5/21,https://www.lyggzy.com.cn/lyztb/InfoDetail/?InfoID=a4296c7c-b006-432e-81e1-4bd8786460bc&CategoryNum=084001,cae94afb475817b6b483876568959a56
龙岩市自然资源局国有土地使用权招拍挂出让成交公示,2019/4/18,龙岩市自然资源局国有土地使用权招拍挂出让成交公示,按照《土地管理法》、《城市房地产管理法》、《招标拍卖挂牌出让国有土地使用权规定》和《招标拍卖挂牌出让国有土地使用权规范》等有关法律法规，遵循公开、公正、公平的原则。我局于 2019年4月15日上午9时，在龙岩市公共资源交易中心五楼3号交易厅（交易厅3），拍卖出让九幅国有建设用地使用权。现将有关情况公示如下：,,出让结果,2019拍-G07,新罗区大池镇龙池工业区,工矿仓储用地-工业用地（农副食品加工业）,6.897,50年,1341,福建龙岩龙池农产品发展有限公司,净地,,,2019年4月15日至 2019年4月21日,,福建省龙岩市莲新南路2号,364000,0597-2291438,黄先生，陈小姐,龙岩市国土资源局,,2020/5/21,https://www.lyggzy.com.cn/lyztb/InfoDetail/?InfoID=a4296c7c-b006-432e-81e1-4bd8786460bc&CategoryNum=084001,cae94afb475817b6b483876568959a56
龙岩市自然资源局国有土地使用权招拍挂出让成交公示,2019/4/18,龙岩市自然资源局国有土地使用权招拍挂出让成交公示,按照《土地管理法》、《城市房地产管理法》、《招标拍卖挂牌出让国有土地使用权规定》和《招标拍卖挂牌出让国有土地使用权规范》等有关法律法规，遵循公开、公正、公平的原则。我局于 2019年4月15日上午9时，在龙岩市公共资源交易中心五楼3号交易厅（交易厅3），拍卖出让九幅国有建设用地使用权。现将有关情况公示如下：,,出让结果,2019拍-G08,曹溪街道龙麟水泥厂南侧,工矿仓储用地-工业用地（废弃资源综合利用业）,3.8759,50年,772,福建龙麟环境工程有限公司,净地,,,2019年4月15日至 2019年4月21日,,福建省龙岩市莲新南路2号,364000,0597-2291438,黄先生，陈小姐,龙岩市国土资源局,,2020/5/21,https://www.lyggzy.com.cn/lyztb/InfoDetail/?InfoID=a4296c7c-b006-432e-81e1-4bd8786460bc&CategoryNum=084001,cae94afb475817b6b483876568959a56
龙岩市自然资源局国有土地使用权招拍挂出让成交公示,2019/4/18,龙岩市自然资源局国有土地使用权招拍挂出让成交公示,按照《土地管理法》、《城市房地产管理法》、《招标拍卖挂牌出让国有土地使用权规定》和《招标拍卖挂牌出让国有土地使用权规范》等有关法律法规，遵循公开、公正、公平的原则。我局于 2019年4月15日上午9时，在龙岩市公共资源交易中心五楼3号交易厅（交易厅3），拍卖出让九幅国有建设用地使用权。现将有关情况公示如下：,,出让结果,2019拍-G09,兴盛路北侧、龙旺路西侧,工矿仓储用地-工业用地（专用设备制造业）,1.3955,50年,388,龙岩灵升机械有限公司,净地,,,2019年4月15日至 2019年4月21日,,福建省龙岩市莲新南路2号,364000,0597-2291438,黄先生，陈小姐,龙岩市国土资源局,,2020/5/21,https://www.lyggzy.com.cn/lyztb/InfoDetail/?InfoID=a4296c7c-b006-432e-81e1-4bd8786460bc&CategoryNum=084001,cae94afb475817b6b483876568959a56
龙岩市自然资源局国有土地使用权招拍挂出让成交公示,2019/4/18,龙岩市自然资源局国有土地使用权招拍挂出让成交公示,按照《土地管理法》、《城市房地产管理法》、《招标拍卖挂牌出让国有土地使用权规定》和《招标拍卖挂牌出让国有土地使用权规范》等有关法律法规，遵循公开、公正、公平的原则。我局于 2019年4月15日上午9时，在龙岩市公共资源交易中心五楼3号交易厅（交易厅3），拍卖出让九幅国有建设用地使用权。现将有关情况公示如下：,,出让结果,2019拍-G010,兴盛路北侧、龙旺路西侧,工矿仓储用地-工业用地（通用设备制造业）,0.7178,50年,201,福建长齿传动变速机械有限公司,净地,,,2019年4月15日至 2019年4月21日,,福建省龙岩市莲新南路2号,364000,0597-2291438,黄先生，陈小姐,龙岩市国土资源局,,2020/5/21,https://www.lyggzy.com.cn/lyztb/InfoDetail/?InfoID=a4296c7c-b006-432e-81e1-4bd8786460bc&CategoryNum=084001,cae94afb475817b6b483876568959a56
长汀县自然资源局,2019/5/8,长汀县自然资源局,根据长汀县自然资源局国有建设用地使用权拍卖出让公告（汀自然告字[2019]1号 ），下列竞买人报价、竞价符合拍买人要求，报价竞价结果有效，现予公告：,,出让结果,,三洲镇三洲村,商服用地―零售商业用地（加油站）,803,40,75,黄文华,,,,,,,,,,,,2020/5/21,https://www.lyggzy.com.cn/lyztb/InfoDetail/?InfoID=8c56f16b-4bd8-4908-ac51-46c5342b4415&CategoryNum=084001,4b9960daa32909ffece544faa597053d
长汀县自然资源局,2019/5/8,长汀县自然资源局,根据长汀县自然资源局国有建设用地使用权拍卖出让公告（汀自然告字[2019]1号 ），下列竞买人报价、竞价符合拍买人要求，报价竞价结果有效，现予公告：,,出让结果,,古城镇南岩村,商服用地―零售商业用地（加油站）,788,40,70,丁瑞先,,,,,,,,,,,,2020/5/21,https://www.lyggzy.com.cn/lyztb/InfoDetail/?InfoID=8c56f16b-4bd8-4908-ac51-46c5342b4415&CategoryNum=084001,4b9960daa32909ffece544faa597053d
长汀县自然资源局,2019/5/8,长汀县自然资源局,根据长汀县自然资源局国有建设用地使用权拍卖出让公告（汀自然告字[2019]1号 ），下列竞买人报价、竞价符合拍买人要求，报价竞价结果有效，现予公告：,,出让结果,,三洲镇三洲村,商服用地―零售商业用地（加油站）,803,40,75,黄文华,,,,,,,,,,,,2020/5/21,https://www.lyggzy.com.cn/lyztb/InfoDetail/?InfoID=917f2419-7745-4a2d-b4b4-8b5cbd72434e&CategoryNum=084001,a087d812f096fd4a785f1a543506067f
长汀县自然资源局,2019/5/8,长汀县自然资源局,根据长汀县自然资源局国有建设用地使用权拍卖出让公告（汀自然告字[2019]1号 ），下列竞买人报价、竞价符合拍买人要求，报价竞价结果有效，现予公告：,,出让结果,,古城镇南岩村,商服用地―零售商业用地（加油站）,788,40,70,丁瑞先,,,,,,,,,,,,2020/5/21,https://www.lyggzy.com.cn/lyztb/InfoDetail/?InfoID=917f2419-7745-4a2d-b4b4-8b5cbd72434e&CategoryNum=084001,a087d812f096fd4a785f1a543506067f
长汀县自然资源局国有建设用地使用权拍卖出让成交结果公告,2019/5/8,长汀县自然资源局国有建设用地使用权拍卖出让成交结果公告,根据长汀县自然资源局国有建设用地使用权拍卖出让公告（汀自然告字[2019]2号 ），下列竞买人报价、竞价符合拍买人要求，报价竞价结果有效，现予公告：,,出让结果,,汀州镇水东街,商服用地―零售商业用地（加油站）,3753,40,4905,福建省古韵汀州旅游发展有限公司,,,,,,,,,,,,2020/5/21,https://www.lyggzy.com.cn/lyztb/InfoDetail/?InfoID=1c02f4b1-2816-4f67-b7d5-9da33640a907&CategoryNum=084001,ffeaea4d02e7957943ee6fc2611f75d9
长汀县自然资源局国有建设用地使用权拍卖出让成交结果公告,2019/5/17,长汀县自然资源局国有建设用地使用权拍卖出让成交结果公告,根据长汀县自然资源局国有建设用地使用权拍卖出让公告（汀自然告字[2019]4、5号 ），下列竞买人报价、竞价符合拍买人要求，报价竞价结果有效，现予公告：,,出让结果,,大同镇罗坊村,商服用地―旅馆用地,1991.4,40,380,汤军,,,,,,,,,,,,2020/5/21,https://www.lyggzy.com.cn/lyztb/InfoDetail/?InfoID=bfa89e77-d370-4d3b-84c9-f1e17588a60b&CategoryNum=084001,95209b25b196fbe60770f4e4ecd2b247
长汀县自然资源局国有建设用地使用权拍卖出让成交结果公告,2019/5/17,长汀县自然资源局国有建设用地使用权拍卖出让成交结果公告,根据长汀县自然资源局国有建设用地使用权拍卖出让公告（汀自然告字[2019]4、5号 ），下列竞买人报价、竞价符合拍买人要求，报价竞价结果有效，现予公告：,,出让结果,,大同镇罗坊村,商服用地―旅馆用地,1143,40,210,曹五秀,,,,,,,,,,,,2020/5/21,https://www.lyggzy.com.cn/lyztb/InfoDetail/?InfoID=bfa89e77-d370-4d3b-84c9-f1e17588a60b&CategoryNum=084001,95209b25b196fbe60770f4e4ecd2b247
长汀县自然资源局国有建设用地使用权拍卖出让成交结果公告,2019/5/17,长汀县自然资源局国有建设用地使用权拍卖出让成交结果公告,根据长汀县自然资源局国有建设用地使用权拍卖出让公告（汀自然告字[2019]4、5号 ），下列竞买人报价、竞价符合拍买人要求，报价竞价结果有效，现予公告：,,出让结果,,大同镇新庄村,商服用地―娱乐用地,24826,40,1640,汤军、许水水、汤崇凡,,,,,,,,,,,,2020/5/21,https://www.lyggzy.com.cn/lyztb/InfoDetail/?InfoID=bfa89e77-d370-4d3b-84c9-f1e17588a60b&CategoryNum=084001,95209b25b196fbe60770f4e4ecd2b247
长汀县自然资源局国有建设用地使用权拍卖出让成交结果公告,2019/5/17,长汀县自然资源局国有建设用地使用权拍卖出让成交结果公告,根据长汀县自然资源局国有建设用地使用权拍卖出让公告（汀自然告字[2019]4、5号 ），下列竞买人报价、竞价符合拍买人要求，报价竞价结果有效，现予公告：,,出让结果,,大同镇罗坊村,商服用地―旅馆用地,1991.4,40,380,汤军,,,,,,,,,,,,2020/5/21,https://www.lyggzy.com.cn/lyztb/InfoDetail/?InfoID=f59a61cf-7b22-4eb7-a32c-1175538c5ea2&CategoryNum=084001,6c893e46a51948c682ed39908c122746
长汀县自然资源局国有建设用地使用权拍卖出让成交结果公告,2019/5/17,长汀县自然资源局国有建设用地使用权拍卖出让成交结果公告,根据长汀县自然资源局国有建设用地使用权拍卖出让公告（汀自然告字[2019]4、5号 ），下列竞买人报价、竞价符合拍买人要求，报价竞价结果有效，现予公告：,,出让结果,,大同镇罗坊村,商服用地―旅馆用地,1143,40,210,曹五秀,,,,,,,,,,,,2020/5/21,https://www.lyggzy.com.cn/lyztb/InfoDetail/?InfoID=f59a61cf-7b22-4eb7-a32c-1175538c5ea2&CategoryNum=084001,6c893e46a51948c682ed39908c122746
长汀县自然资源局国有建设用地使用权拍卖出让成交结果公告,2019/5/17,长汀县自然资源局国有建设用地使用权拍卖出让成交结果公告,根据长汀县自然资源局国有建设用地使用权拍卖出让公告（汀自然告字[2019]4、5号 ），下列竞买人报价、竞价符合拍买人要求，报价竞价结果有效，现予公告：,,出让结果,,大同镇新庄村,商服用地―娱乐用地,24826,40,1640,汤军、许水水、汤崇凡,,,,,,,,,,,,2020/5/21,https://www.lyggzy.com.cn/lyztb/InfoDetail/?InfoID=f59a61cf-7b22-4eb7-a32c-1175538c5ea2&CategoryNum=084001,6c893e46a51948c682ed39908c122746
武平县自然资源局国有土地使用权招拍挂出让成交公示,2019/5/20,武平县自然资源局国有土地使用权招拍挂出让成交公示,,,出让结果,G2019-3,武平县工业园区F05-3地块,工业用地,0.5986,50年,63,福建省远耕食品发展有限公司,,,,2019年05月17日 至 2019年05月23日,,平川街道西环路21-4,364300,0597-4828082,钟先生、童先生,武平县自然资源局,,2020/5/21,https://www.lyggzy.com.cn/lyztb/InfoDetail/?InfoID=92e46705-aa1f-4d9b-aa29-0599fc34ba55&CategoryNum=084001,b1107c81344c664ea1f29fbd945b16b8
武平县自然资源局国有土地使用权招拍挂出让成交公示,2019/5/20,武平县自然资源局国有土地使用权招拍挂出让成交公示,,,出让结果,G2019-4,武平县工业园区F07-1-1地块,工业用地,1.0853,50年,112,福建伊万通金属制品有限公司,,,,2019年05月17日 至 2019年05月23日,,平川街道西环路21-4,364300,0597-4828082,钟先生、童先生,武平县自然资源局,,2020/5/21,https://www.lyggzy.com.cn/lyztb/InfoDetail/?InfoID=92e46705-aa1f-4d9b-aa29-0599fc34ba55&CategoryNum=084001,b1107c81344c664ea1f29fbd945b16b8
武平县自然资源局国有土地使用权招拍挂出让成交公示,2019/5/20,武平县自然资源局国有土地使用权招拍挂出让成交公示,武平县自然资源局国有土地使用权招拍挂出让成交公示公示2019-6 按照《土地管理法》、《城市房地产管理法》、《招标拍卖挂牌出让国有土地使用权规定》和《招标拍卖挂牌出让国有土地使用权规范》等有关法律法规，遵循公开、公正、公平的原则。我局于 2019年04月11日 至 2019年05月16日 挂牌出让 2 宗国有土地使用权。现将有关情况公示如下：一、地块基本情况 :                  地块编号                  G2019-3                  地块位置                  武平县工业园区F05-3地块                  土地用途                  工业用地                          土地面积(公顷)                  0.5986                  出让年限                  50年                  成交价(万元)                  63                          受让单位                  福建省远耕食品发展有限公司                          土地使用条件：                  通路、通水、通电，场地平整。                          备注：                  出让土地面积5985.5平方米。                              地块编号                  G2019-4                  地块位置                  武平县工业园区F07-1-1地块                  土地用途                  工业用地                          土地面积(公顷)                  1.0853                  出让年限                  50年                  成交价(万元)                  112                          受让单位                  福建伊万通金属制品有限公司                          土地使用条件：                  通路、通水、通电，场地平整。                          备注：                              二、公示期：2019年05月17日 至 2019年05月23日 三、该宗地双方已签订成交确认书，在30日内签订出让合同，相关事宜在合同中约定四、联系方式 联系单位：武平县自然资源局 单位地址：平川街道西环路21-4 邮政编码：364300 联系电话：0597-4828082 联 系 人：钟先生、童先生 电子邮件：武平县自然资源局2019年05月16日 ,,出让结果,G2019-3,武平县工业园区F05-3地块,工业用地,0.5986,50年,63,福建省远耕食品发展有限公司,,,,2019年05月17日 至 2019年05月23日 ,,平川街道西环路21-4,364300,0597-4828082,钟先生、童先生,武平县自然资源局,,2020/5/21,https://www.lyggzy.com.cn/lyztb/InfoDetail/?InfoID=128571fd-28b1-4c8e-b29c-617832175bcb&CategoryNum=084001,aa750f01264332f8feb0f0b4164a7cce
武平县自然资源局国有土地使用权招拍挂出让成交公示,2019/5/20,武平县自然资源局国有土地使用权招拍挂出让成交公示,武平县自然资源局国有土地使用权招拍挂出让成交公示公示2019-6 按照《土地管理法》、《城市房地产管理法》、《招标拍卖挂牌出让国有土地使用权规定》和《招标拍卖挂牌出让国有土地使用权规范》等有关法律法规，遵循公开、公正、公平的原则。我局于 2019年04月11日 至 2019年05月16日 挂牌出让 2 宗国有土地使用权。现将有关情况公示如下：一、地块基本情况 :                  地块编号                  G2019-3                  地块位置                  武平县工业园区F05-3地块                  土地用途                  工业用地                          土地面积(公顷)                  0.5986                  出让年限                  50年                  成交价(万元)                  63                          受让单位                  福建省远耕食品发展有限公司                          土地使用条件：                  通路、通水、通电，场地平整。                          备注：                  出让土地面积5985.5平方米。                              地块编号                  G2019-4                  地块位置                  武平县工业园区F07-1-1地块                  土地用途                  工业用地                          土地面积(公顷)                  1.0853                  出让年限                  50年                  成交价(万元)                  112                          受让单位                  福建伊万通金属制品有限公司                          土地使用条件：                  通路、通水、通电，场地平整。                          备注：                              二、公示期：2019年05月17日 至 2019年05月23日 三、该宗地双方已签订成交确认书，在30日内签订出让合同，相关事宜在合同中约定四、联系方式 联系单位：武平县自然资源局 单位地址：平川街道西环路21-4 邮政编码：364300 联系电话：0597-4828082 联 系 人：钟先生、童先生 电子邮件：武平县自然资源局2019年05月16日 ,,出让结果,G2019-4,武平县工业园区F07-1-1地块,工业用地,1.0853,50年,112,福建伊万通金属制品有限公司,,,,2019年05月17日 至 2019年05月23日 ,,平川街道西环路21-4,364300,0597-4828082,钟先生、童先生,武平县自然资源局,,2020/5/21,https://www.lyggzy.com.cn/lyztb/InfoDetail/?InfoID=128571fd-28b1-4c8e-b29c-617832175bcb&CategoryNum=084001,aa750f01264332f8feb0f0b4164a7cce
龙岩市自然资源局国有土地使用权招拍挂出让成交公示龙自然示字[2019]1号,2019/5/24,龙岩市自然资源局国有土地使用权招拍挂出让成交公示龙自然示字[2019]1号,龙自然示字[2019]1号,,出让结果,2019拍-1,龙岩紫金山体育公园内,公共管理与公共服务用地-教育用地（营利性幼儿园）,0.6408,50年,1442,龙岩紫金山体育场馆建设有限公司,净地,现状,,2019年5月22日 至 2019年5月29日 ,,龙岩市新罗区莲新南路2号,364000,0597-2212028,廖女士、林先生,龙岩市自然资源局,lytdlyk@163.com,2020/5/21,https://www.lyggzy.com.cn/lyztb/InfoDetail/?InfoID=bd8e68cb-4c3b-435b-bdb9-4315be0f9371&CategoryNum=084001,d441c92e95a026df80a0463f5b820d49
龙岩市自然资源局国有土地使用权招拍挂出让成交公示龙自然示字[2019]1号,2019/5/24,龙岩市自然资源局国有土地使用权招拍挂出让成交公示龙自然示字[2019]1号,龙自然示字[2019]1号,,出让结果,2019拍-2,兴业路与龙达路交叉口西北侧,住宅用地-城镇住宅用地,1.9782,70年,63700,福州润磊企业管理有限公司,净地,现状,,2019年5月22日 至 2019年5月29日 ,,龙岩市新罗区莲新南路2号,364000,0597-2212028,廖女士、林先生,龙岩市自然资源局,lytdlyk@163.com,2020/5/21,https://www.lyggzy.com.cn/lyztb/InfoDetail/?InfoID=bd8e68cb-4c3b-435b-bdb9-4315be0f9371&CategoryNum=084001,d441c92e95a026df80a0463f5b820d49
龙岩市自然资源局国有土地使用权招拍挂出让成交公示龙自然示字[2019]1号,2019/5/24,龙岩市自然资源局国有土地使用权招拍挂出让成交公示龙自然示字[2019]1号,龙自然示字[2019]1号,,出让结果,2019拍-3,人民西路北侧、龙岩大道西侧,住宅用地-城镇住宅用地,9.0208,70年,79170,龙岩市土地发展经营有限公司,净地,现状,,2019年5月22日 至 2019年5月29日 ,,龙岩市新罗区莲新南路2号,364000,0597-2212028,廖女士、林先生,龙岩市自然资源局,lytdlyk@163.com,2020/5/21,https://www.lyggzy.com.cn/lyztb/InfoDetail/?InfoID=bd8e68cb-4c3b-435b-bdb9-4315be0f9371&CategoryNum=084001,d441c92e95a026df80a0463f5b820d49
龙岩市自然资源局国有土地使用权招拍挂出让成交公示龙自然示字[2019]1号,2019/5/24,龙岩市自然资源局国有土地使用权招拍挂出让成交公示龙自然示字[2019]1号,龙自然示字[2019]1号,,出让结果,2019拍-4,南三龙铁路南侧，北二环西侧,住宅用地-城镇住宅用地,2.1606,70年,12200,厦门市腾碧房地产开发有限公司,净地,现状,,2019年5月22日 至 2019年5月29日 ,,龙岩市新罗区莲新南路2号,364000,0597-2212028,廖女士、林先生,龙岩市自然资源局,lytdlyk@163.com,2020/5/21,https://www.lyggzy.com.cn/lyztb/InfoDetail/?InfoID=bd8e68cb-4c3b-435b-bdb9-4315be0f9371&CategoryNum=084001,d441c92e95a026df80a0463f5b820d49
