文件标题,信息时间,正文标题,公告序号,宗地编号/编号,地块位置,土地用途/用途,土地面积(平方米)/土地面积(m2)/出让面积(m),容积率,建筑密度(%),绿地率(%),保证金(万元),底价(万元),计容建筑面积(m2),出让方式,出让年限,成交价(万元)/成交价,受让单位,土地使用条件,交易时间,成交人,备注,联系单位,联系地址,联系电话,公示期,爬取时间,爬取地址url,唯一标识
奉节县西部新区FJ-14-128号宗地国有建设用地使用权公开出让招拍挂出让成交公示,2020/4/21,奉节县西部新区FJ-14-128号宗地国有建设用地使用权公开出让招拍挂出让成交公示,,FJ-14-128,西部新区清水社区魏家社区,居住用地（城镇住宅用地）,137759平方米,≤1.8,,,,,,挂牌,,,重庆海成实业（集团）有限公司,,2020/4/21,,,,,,,2020/4/28 14:55,https://www.cqggzy.com/xxhz/014004/014004004/20200423/0969af9c-d251-44d6-815d-2fd253c08261.html,4ee9e93bd04435fb06d0f37b79f8b28c
渝北区古路镇组团A分区A11-4/02、A12-1/02地块（G20010）,2020/3/30,渝北区古路镇组团A分区A11-4/02、A12-1/02地块（G20010）,G20010,,渝北区古路镇组团A分区A11-4/02、A12-1/02地块,一类工业用地,95282,0.7≤容积率≤1.5,,,,,,挂牌,,5336,重庆市渝北区三圣建材有限公司,产业类别为水泥制品制造、砼结构构件制造、非金属废料和碎屑加工处理,2020/3/30,,,,,,,2020/4/28 14:55,https://www.cqggzy.com/xxhz/014004/014004004/20200330/44070d1a-5764-45c3-ac1f-ae09f8f5cdb8.html,feb9bed5f6f0e22c409705cb00a1051c
重庆市武隆区规划和自然资源局国有土地使用权招拍挂出让成交公示 武隆规资公示[2020]3号,2020/4/8,重庆市武隆区规划和自然资源局国有土地使用权招拍挂出让成交公示 武隆规资公示[2020]3号,,WL2019-5-3号,重庆市武隆区火炉镇向前村砖房组,零售商业用地|用途名称,,,,,,,,,40年,226.51,中国石油天然气股份有限公司重庆涪陵销售分公司,,,,二、公示期：2020年04月08日至2020年04月13日,,,85619285,,2020/4/28 14:55,https://www.cqggzy.com/xxhz/014004/014004004/20200413/1900ddb0-6ba6-41d6-b5a9-831bae8b77ed.html,4250612e9684faa225b14fac9c711a72
重庆市武隆区规划和自然资源局国有土地使用权招拍挂出让成交公示武隆规资公示[2020]3号,2020/4/8,重庆市武隆区规划和自然资源局国有土地使用权招拍挂出让成交公示武隆规资公示[2020]3号,,WL2019-5-3号,,,,,,,,,,,40年,,,,,,,,,,,2020/4/28 14:55,https://www.cqggzy.com/xxhz/014004/014004004/20200424/4f56a86e-d436-4959-ab5f-7b4a49a1b51b.html,c81e596020743dfcb6141db02f70cc8e
渝北区古路镇组团A分区A13-1/02地块、A13-2/02地块（G20013）,2020/4/8,渝北区古路镇组团A分区A13-1/02地块、A13-2/02地块（G20013）,G20013,,渝北区古路镇组团A分区A13-1/02地块、A13-2/02地块,二类工业用地,69982,0.7≤容积率≤1.5,,,,,,挂牌,,3919,重庆中投稳盛建材有限公司,产业类别为水泥制品制造、砼结构构件制造、其他水泥类似制品制造,2020/4/7,,,,,,,2020/4/28 14:55,https://www.cqggzy.com/xxhz/014004/014004004/20200408/628d0085-7c9b-48f7-ad8b-9b8d4ffddc3f.html,8bcc54b89377c1f08693aee33dee8cc4
渝北区空港组团U分区U05-1/02地块（G20014）,2020/4/8,渝北区空港组团U分区U05-1/02地块（G20014）,G20014,,渝北区空港组团U分区U05-1/02地块,一类物流仓储用地,82206,≤1.5,,,,,,挂牌,,7152,重庆中空物流有限公司,产业类别无,2020/4/7,,,,,,,2020/4/28 14:55,https://www.cqggzy.com/xxhz/014004/014004004/20200408/b017842d-6cd6-48d8-86ab-646d4dfc0e6b.html,2d857466a87bda453190066d1cc75f6b
渝北区唐家沱组团N分区 N4-8/03地块（G20015）,2020/4/8,渝北区唐家沱组团N分区 N4-8/03地块（G20015）,G20015,,渝北区唐家沱组团N分区 N4-8/03地块,一类工业用地（标准厂房）,69619,≤2.0,,,,,,挂牌,,4971,重庆联东金北实业有限公司,产业类别为通信设备、计算机及其他电子设备制造业,2020/4/7,,,,,,,2020/4/28 14:55,https://www.cqggzy.com/xxhz/014004/014004004/20200408/cded90a2-a450-4663-9f21-8623fc3b00ed.html,1ce7cfee95d9ebff1fbf31d9838cacd6
1950号国有地使用权招拍挂出让成交结果公布,2020/4/9,1950号国有地使用权招拍挂出让成交结果公布,,1950,万古镇万兴社区4组,其他商服用地,18754.11,,,,,,,,40年,2287.8129,重庆大足永晟实业发展有限公司,,,,,,,,,2020/4/28 14:55,https://www.cqggzy.com/xxhz/014004/014004004/20200413/b0e33eb9-92db-4aaa-878b-cbd8c9c51088.html,2e58bf283d7caa1a48f5835fcb30cc35
江津区国有建设用地公开出让挂牌成交公示,2020/4/13,江津区国有建设用地公开出让挂牌成交公示,,,：江津区珞璜工业园,,,,,,,,,,,,,,,,,,,023-47217310,,2020/4/28 14:55,https://www.cqggzy.com/xxhz/014004/014004004/20200413/31b17bab-ce2e-49e4-8907-2282b724d14a.html,671840db0d57a1386d39f2d557b7f1ab
两江新区龙兴组团I分区 I07、I10-1、I11、I13-1、I14-1-3地块（20025）,2020/4/13,两江新区龙兴组团I分区 I07、I10-1、I11、I13-1、I14-1-3地块（20025）,20025,,两江新区龙兴组团I分区 I07、I10-1、I11、I13-1、I14-1-3地块,二类居住用地、商业商务用地|为二类居住用地、商业商务用地,252301.7,,,,,,≤378452.55,拍卖,,167500,重庆两江新区置业发展有限公司,土地用途为二类居住用地、商业商务用地,2020/4/10,,,,,,,2020/4/28 14:55,https://www.cqggzy.com/xxhz/014004/014004004/20200413/c9ae1bde-c26f-448a-accf-f7590fdba350.html,2822daf907e17be5f71d160099fec376
渝北区唐家沱组团N分区N2-1-2/03地块（G20016）,2020/4/13,渝北区唐家沱组团N分区N2-1-2/03地块（G20016）,G20016,,渝北区唐家沱组团N分区N2-1-2/03地块,一类工业用地,56191,1.0≤容积率≤1.5,,,,,,挂牌,,3821,重庆胖子天骄融兴食品有限责任公司,产业类别为食品制造业,2020/4/10,,,,,,,2020/4/28 14:55,https://www.cqggzy.com/xxhz/014004/014004004/20200413/f0bb515c-22da-4524-ae6a-aef1bf0efd11.html,fbd22a0a4ac15e9b3bc82dc60e444055
渝北区唐家沱组团N分区N2-2-4/02（部分）地块（G20017）,2020/4/13,渝北区唐家沱组团N分区N2-2-4/02（部分）地块（G20017）,G20017,,渝北区唐家沱组团N分区N2-2-4/02（部分）地块,一类工业用地,56039,0.7≤容积率≤1.5,,,,,,挂牌,,3811,重庆市宇邦汽车电线有限公司,产业类别为汽车零部件及配件制造 ,2020/4/10,,,,,,,2020/4/28 14:55,https://www.cqggzy.com/xxhz/014004/014004004/20200413/458fe30c-20a1-45bc-a43a-1c20cb9f5897.html,effb458a16847e922f5fe966e9d7d7e7
[2020]TL125233－001号成交公告,2020/4/15,[2020]TL125233－001号成交公告,,,,,,,,,,,,,,,,,,,,,,,,2020/4/28 14:55,https://www.cqggzy.com/xxhz/014004/014004004/20200416/e31c48df-2ed0-490a-8eae-2c3f31797aa2.html,4caa6feb4d7ecf68cebff5995d77eb0c
重庆市潼南区公共资源交易中心国有土地使用权公开公告出让公告中标公示,2020/4/16,重庆市潼南区公共资源交易中心国有土地使用权公开公告出让公告中标公示,,TNC2020-8,,,,,,,,,,,,,,按规划执行,,,,,,,,2020/4/28 14:55,https://www.cqggzy.com/xxhz/014004/014004004/20200417/1b4ad0cd-cb74-4202-9c79-57f338bc7acd.html,13f3220bbfc86199b97cdece9f42ccf0
两江新区两路组团I分区I39-1、I39-2、I39-3地块（20026）,2020/4/20,两江新区两路组团I分区I39-1、I39-2、I39-3地块（20026）,20026,,两江新区两路组团I分区I39-1、I39-2、I39-3地块,二类居住用地|为二类居住用地,99093.1,,,,,,≤138135.3,拍卖,,80500,重庆尖置房地产有限公司,土地用途为二类居住用地,2020/4/17,,,,,,,2020/4/28 14:55,https://www.cqggzy.com/xxhz/014004/014004004/20200420/7bfdd0e9-3a2b-4d75-8c35-b59ccd37e12c.html,90dff327f12573d347eb10bfda410420
两江新区两路组团I分区I47-1、I47-2地块（20027）,2020/4/20,两江新区两路组团I分区I47-1、I47-2地块（20027）,20027,,两江新区两路组团I分区I47-1、I47-2地块,二类居住用地|为二类居住用地,93451.8,,,,,,≤115962.74,拍卖,,65900,重庆尖置房地产有限公司,土地用途为二类居住用地,2020/4/17,,,,,,,2020/4/28 14:55,https://www.cqggzy.com/xxhz/014004/014004004/20200420/9f0553a1-d7f4-4b4f-978e-5d16948ccff7.html,22d1128e8ba39a903f7d1abd62ac33a3
重庆市梁平区国有建设用地使用权 （LP-1-398）土地出让成交公示,2020/3/31,重庆市梁平区国有建设用地使用权 （LP-1-398）土地出让成交公示,,LP-1-398,,商业用地,,,,,,,,,,5170,重庆新梁投资开发（集团）有限公司,,,,,,,023-53230693,,2020/4/28 14:55,https://www.cqggzy.com/xxhz/014004/014004004/20200403/3025a06a-ad92-48da-a5ec-d9bd2894c46e.html,be276455a471513f2a2048ce652a1fc5
重庆市梁平区国有建设用地使用权 （LP-1-399）土地出让成交公示,2020/3/31,重庆市梁平区国有建设用地使用权 （LP-1-399）土地出让成交公示,,LP-1-399,,商住用地,,,,,,,,,,6700,重庆新梁投资开发（集团）有限公司,,,,,,,023-53230693,,2020/4/28 14:55,https://www.cqggzy.com/xxhz/014004/014004004/20200403/2cc4df66-e60f-4486-bfb6-d9877c506718.html,94fc9afcbc83dff162dbbd11a4b5ba09
北碚区蔡家组团H标准分区H25-01/05地块、H26-01/05地块（20022）,2020/4/1,北碚区蔡家组团H标准分区H25-01/05地块、H26-01/05地块（20022）,20022,,北碚区蔡家组团H标准分区H25-01/05地块、H26-01/05地块,二类居住用地|为二类居住用地,75661,,,,,,≤113491.5,拍卖,,79500,成都永进合能房地产有限公司、成都永行力企业咨询服务有限公司,土地用途为二类居住用地,2020/3/31,,,,,,,2020/4/28 14:55,https://www.cqggzy.com/xxhz/014004/014004004/20200401/8dc806ec-7114-4cb2-8d9a-5b44551c82e1.html,9e1247ffa1be54d13059b5098b9ac1ef
九龙坡区中梁山组团L分区L16-01/04地块（20023）,2020/4/1,九龙坡区中梁山组团L分区L16-01/04地块（20023）,20023,,九龙坡区中梁山组团L分区L16-01/04地块,二类居住用地|为二类居住用地,19501,,,,,,≤29251,拍卖,,17900,中交地产股份有限公司、重庆和美建设项目管理合伙企业（有限合伙）,土地用途为二类居住用地,2020/3/31,,,,,,,2020/4/28 14:55,https://www.cqggzy.com/xxhz/014004/014004004/20200401/e4f5487c-5980-413b-83e9-05f55bd27292.html,99b8d3f6b68a0927e3795cce74a8c193
九龙坡区西彭组团L分区L26-01-1/04地块 、L26-02-1/04地块（20024）,2020/4/1,九龙坡区西彭组团L分区L26-01-1/04地块 、L26-02-1/04地块（20024）,20024,,九龙坡区西彭组团L分区L26-01-1/04地块 、L26-02-1/04地块,二类居住用地|为二类居住用地,88828,,,,,,≤133242,挂牌,,18761,重庆恒雅旅游开发有限公司,土地用途为二类居住用地,2020/3/31,,,,,,,2020/4/28 14:55,https://www.cqggzy.com/xxhz/014004/014004004/20200401/cce101bf-bd94-478f-aa1c-62f21606a0d9.html,b0c0bfaad5028c6ebf6b7c3f5837b88c
两江新区水土组团A分区A14-2地块（G20011）,2020/4/1,两江新区水土组团A分区A14-2地块（G20011）,G20011,,两江新区水土组团A分区A14-2地块,一类工业用地,13093.1,1.0≤容积率≤1.5,,,,,,挂牌,,330,重庆云计算投资运营有限公司,产业类别为通信设备、计算机及其他电子设备制造业,2020/3/31,,,,,,,2020/4/28 14:55,https://www.cqggzy.com/xxhz/014004/014004004/20200401/048b26fa-2fef-4396-8f7a-bd763e9b045f.html,d7b5132e13498356c0ba015d6d82aa85
两江新区水土组团A分区A46-3地块（G20012）,2020/4/1,两江新区水土组团A分区A46-3地块（G20012）,G20012,,两江新区水土组团A分区A46-3地块,一类工业用地,26647.3,1.0≤容积率≤1.5,,,,,,挂牌,,800,重庆远恒迅通数据科技有限公司,产业类别为通信设备、计算机及其他电子设备制造业,2020/3/31,,,,,,,2020/4/28 14:55,https://www.cqggzy.com/xxhz/014004/014004004/20200401/6925344e-0900-4c0b-bebe-e050908d0d1b.html,f9c3907b2f1910ea29242148e37afe8d
沙坪坝区西永组团Ah标准分区 Ah12-01/04、Ah17-01/04、Ah18-02/04、Ah19-01/04地块（20028）,2020/4/21,沙坪坝区西永组团Ah标准分区 Ah12-01/04、Ah17-01/04、Ah18-02/04、Ah19-01/04地块（20028）,20028,,沙坪坝区西永组团Ah标准分区 Ah12-01/04、Ah17-01/04、Ah18-02/04、Ah19-01/04地块,二类居住用地、商业商务用地|为二类居住用地、商业商务用地,164738,,,,,,≤278806,挂牌,,122890,重庆首创新石置业有限公司、北京首创高科技发展有限公司,土地用途为二类居住用地、商业商务用地,2020/4/20,,,,,,,2020/4/28 14:55,https://www.cqggzy.com/xxhz/014004/014004004/20200421/61c3c173-8ecb-4372-b6cd-4ff55b1ef584.html,f9c8215d0f23a95abf7be6d9bee98740
潼南工业园区南区C20-02/02号地块成交公示,2020/4/21,潼南工业园区南区C20-02/02号地块成交公示,,TNC2020-9,,工业用地,,,,,,,,,,,,按规划要求执行,,,,,,,,2020/4/28 14:55,https://www.cqggzy.com/xxhz/014004/014004004/20200423/fa4fe950-4e7e-41f1-8227-569386b23a65.html,4f735a2976d8db5a6eb45cb3a0702c55
潼南工业园区南区C-3-04/02号地块成交公示,2020/4/21,潼南工业园区南区C-3-04/02号地块成交公示,,TNC2020-11,,工业用地,,,,,,,,,,,,按规划要求执行,,,,,,,,2020/4/28 14:55,https://www.cqggzy.com/xxhz/014004/014004004/20200423/9106062a-1187-4036-bf47-47753c6c12c8.html,de148b650960801ea0197a073212a443
双江五福寺地块二期（S-2）地块成交公示,2020/4/21,双江五福寺地块二期（S-2）地块成交公示,,TNC2020-12,,其他商服用地,,,,,,,,,,,,按规划要求执行,,,,,,,,2020/4/28 14:55,https://www.cqggzy.com/xxhz/014004/014004004/20200423/353d6527-1a64-43fd-bec4-1ea0282fa736.html,ef9eb36fec9b977e3f0e93b7fca1a09a
农业园区NT2-02/01地块成交公示,2020/4/21,农业园区NT2-02/01地块成交公示,,TNC2020-16,,其他商服用地,,,,,,,,,,,,按规划要求执行,,,,,,,,2020/4/28 14:55,https://www.cqggzy.com/xxhz/014004/014004004/20200423/567d104a-9b6b-4055-82e4-6f20ff83afa1.html,217f7c367913954a9478d7e71c740c16
双江五福寺地块四期（S-5）地块成交公示,2020/4/21,双江五福寺地块四期（S-5）地块成交公示,,TNC2020-14,,城镇住宅用地,,,,,,,,,,,,按规划要求执行,,,,,,,,2020/4/28 14:55,https://www.cqggzy.com/xxhz/014004/014004004/20200423/36b6f3ad-ad7b-4e75-a04d-c54557740d10.html,5f3f06824626a583cfa7f40fbbb56032
双江五福寺地块三期（S-3）地块成交公示,2020/4/21,双江五福寺地块三期（S-3）地块成交公示,,TNC2020-13,,其他商服用地,,,,,,,,,,,,按规划要求执行,,,,,,,,2020/4/28 14:55,https://www.cqggzy.com/xxhz/014004/014004004/20200423/1cc83ba1-8312-4f28-b446-18b73e78de70.html,779ef19d0ae4fd4b6277cfc620b18258
农业园区NT3-02/01地块成交公示,2020/4/21,农业园区NT3-02/01地块成交公示,,TNC2020-18,,其他商服用地,,,,,,,,,,,,按规划要求执行,,,,,,,,2020/4/28 14:55,https://www.cqggzy.com/xxhz/014004/014004004/20200423/e3aa9cf6-8538-417f-b345-a1b173eb7c29.html,8c2e7824031d877d0bc0e75fa8464a1e
太安镇WJC-01地块成交公示,2020/4/21,太安镇WJC-01地块成交公示,,TNC2020-19,,交通服务站场用地,,,,,,,,,,,,按规划要求执行,,,,,,,,2020/4/28 14:55,https://www.cqggzy.com/xxhz/014004/014004004/20200423/4c7164b6-462e-4847-bd80-df04f2db8cbd.html,0f398a486e592eadf4354f110fba7784
农业园区NT2-01/01地块成交公示,2020/4/21,农业园区NT2-01/01地块成交公示,,TNC2020-15,,其他商服用地,,,,,,,,,,,,按规划要求执行,,,,,,,,2020/4/28 14:55,https://www.cqggzy.com/xxhz/014004/014004004/20200423/36055843-47f6-4c8b-b46f-290ae3598f77.html,9f3acea82536146ab691ecf665a10e53
农业园区NT3-01/01地块成交公示,2020/4/21,农业园区NT3-01/01地块成交公示,,TNC2020-17,,其他商服用地,,,,,,,,,,,,按规划要求执行,,,,,,,,2020/4/28 14:55,https://www.cqggzy.com/xxhz/014004/014004004/20200423/16ba3b2d-c996-4529-a8f8-952481cac3f5.html,ce690babeaad690473a7e0c185dee5f5
成交公告,2020/4/23,成交公告,,,,,,,,,,,,,,,,,,,,,,,,2020/4/28 14:55,https://www.cqggzy.com/xxhz/014004/014004004/20200424/2b03ecaf-3116-474b-bb00-4afcf0c8cb4f.html,d2c2d876fd795652b0d10602d9f45c3f
合规资告字[2020]8号成交公示,2020/4/23,合规资告字[2020]8号成交公示,,|HC18-115-9,|合川区土场镇,,|66108,,,,,,,,,|26112.66,,,,,,,,,,2020/4/28 14:55,https://www.cqggzy.com/xxhz/014004/014004004/20200427/a7f2dc25-d036-489d-8186-702d0b558f9e.html,15d82bd2415158aba9c36824216daffa
南岸区南坪组团K分区K1-9-1/07地块（20029）,2020/4/24,南岸区南坪组团K分区K1-9-1/07地块（20029）,20029,,南岸区南坪组团K分区K1-9-1/07地块,二类居住用地|为二类居住用地,103501,,,,,,≤207002,挂牌,,133102,重庆中梁泽坤恒置业有限公司、重庆海成实业（集团）有限公司,土地用途为二类居住用地,2020/4/24,,,,,,,2020/4/28 14:55,https://www.cqggzy.com/xxhz/014004/014004004/20200424/97c18b31-d846-4a6b-aafb-348302ccf5ea.html,334ef896de500b28ca254d3166842564
合规资告字[2020]2号成交公示,2020/3/25,合规资告字[2020]2号成交公示,,|HC20-003-1,|合川工业园区核心区,,|86685,,,,,,,,,|1560.33,,,,,,,,,,2020/4/28 14:55,https://www.cqggzy.com/xxhz/014004/014004004/20200326/f5ba8af7-e604-407d-8c60-2700cb91c161.html,37540750f94cf2c59e57018b5ae3ffa2
巴南区界石组团D分区D22-1/01（部分1）地块（G20008）,2020/3/16,巴南区界石组团D分区D22-1/01（部分1）地块（G20008）,G20008,,巴南区界石组团D分区D22-1/01（部分1）地块,二类工业用地,68100,0.7≤容积率≤1.5,,,,,,挂牌,,2384,重庆国际生物城开发投资有限公司,产业类别为医药制造业,2020/3/13,,,,,,,2020/4/28 14:55,https://www.cqggzy.com/xxhz/014004/014004004/20200316/0c8534ea-fdce-433f-9b35-486ac82bf457.html,3137a4c7b716f3397f505139247a3149
1956号国有地使用权招拍挂出让成交结果公布,2020/3/4,1956号国有地使用权招拍挂出让成交结果公布,,1956,万古镇大雄社区2组,工业用地,13386,,,,,,,,50年,160.64,重庆万博电梯部件有限公司,,,,其他需要说明的宗地情况：1、以上宗地土地用途为二类工业用地（M2）；2、出让年限为工业50年；3、其他指标详见《建设用地规划条件》（足规高字〔2019〕013号）；4、该宗土地出让总价款为160.64万元；5、出让价款中不含土地交易契税。6、出让公告同时在中国土地市场网、重庆市大足区公共资源综合交易网（网址：http://ggzyjy.dazu.gov.cn）发布。,,,,,2020/4/28 14:55,https://www.cqggzy.com/xxhz/014004/014004004/20200326/2f077df2-bc6b-468e-8564-1c3b2f366f03.html,b28875a2a979b20b10a5ae276c325d65
1915号国有地使用权招拍挂出让成交结果公布,2020/3/10,1915号国有地使用权招拍挂出让成交结果公布,,1915,万古镇曹家村,零售商业用地,5408,,,,,,,,40年,692.0263,中国石油天然气股份有限公司重庆永川销售分公司大足经营部,,,,,,,,,2020/4/28 14:55,https://www.cqggzy.com/xxhz/014004/014004004/20200303/a5120eea-1a27-45d8-bb3c-27fa7a842e44.html,669d0afbbacef19c22df54df8c870c48
渝北区唐家沱组团N分区N1-7-1/02（部分）地块（20013）,2020/3/11,渝北区唐家沱组团N分区N1-7-1/02（部分）地块（20013）,20013,,渝北区唐家沱组团N分区N1-7-1/02（部分）地块,二类居住用地|为二类居住用地,62425,,,,,,≤124850,挂牌,,41950,重庆创新经济走廊开发建设有限公司,土地用途为二类居住用地,2020/3/5,,,,,,,2020/4/28 14:55,https://www.cqggzy.com/xxhz/014004/014004004/20200311/0daca35e-6298-444a-9e3b-237c1a001dc7.html,4f83dbe864188ad5deea71c52ec55303
渝北区空港组团U分区U04-1/01地块（G20007）,2020/3/11,渝北区空港组团U分区U04-1/01地块（G20007）,G20007,,渝北区空港组团U分区U04-1/01地块,一类工业用地,15555,1.0≤容积率≤1.5,,,,,,挂牌,,1057,重庆金业兴酒业集团有限公司,产业类别为白酒制造业,2020/3/5,,,,,,,2020/4/28 14:55,https://www.cqggzy.com/xxhz/014004/014004004/20200311/50642be1-b9f8-41c4-8bb1-5e8a67d7e94d.html,ec119e37bfd6f14974384bc119b556ca
两江新区鱼嘴组团M分区M11-2地块、M13地块（20014）,2020/3/11,两江新区鱼嘴组团M分区M11-2地块、M13地块（20014）,20014,,两江新区鱼嘴组团M分区M11-2地块、M13地块,二类居住用地|为二类居住用地,48595.3,,,,,,≤72893,拍卖,,31900,重庆同原房地产开发有限公司、重庆东澄毅励企业管理咨询有限公司、深圳市盛满企业管理有限公司,土地用途为二类居住用地,2020/3/10,,,,,,,2020/4/28 14:55,https://www.cqggzy.com/xxhz/014004/014004004/20200311/aa199195-fb47-4ab1-835f-4d59d1b4b62b.html,ff4601330d328f29d1228b7d118e1be6
两江新区水土组团C分区C39-1地块（20015）,2020/3/11,两江新区水土组团C分区C39-1地块（20015）,20015,,两江新区水土组团C分区C39-1地块,二类居住用地|为二类居住用地,57761,,,,,,≤80865.4,拍卖,,40700,中交地产股份有限公司、重庆市金科宸居置业有限公司、重庆和美建设项目管理合伙企业（有限合伙）,土地用途为二类居住用地,2020/3/10,,,,,,,2020/4/28 14:55,https://www.cqggzy.com/xxhz/014004/014004004/20200311/770fc3b1-bf2b-470a-a981-19713858bd3a.html,7c98b67bcb31980e9dcc4ab43a9b5744
巴南区云篆山地区组团B分区B2-1/02、B2-2/02、B4/01地块（20016）,2020/3/16,巴南区云篆山地区组团B分区B2-1/02、B2-2/02、B4/01地块（20016）,20016,,巴南区云篆山地区组团B分区B2-1/02、B2-2/02、B4/01地块,二类居住、商业用地|为二类居住、商业用地,79238.6,,,,,,≤118857.9,拍卖,,53600,郑州浩创房地产开发有限公司、重庆创民商贸有限公司,土地用途为二类居住、商业用地,2020/3/13,,,,,,,2020/4/28 14:56,https://www.cqggzy.com/xxhz/014004/014004004/20200316/6e1b1be3-623c-4141-a379-e8d07576b436.html,860b231534e6a93c8c964e4c658bf0aa
忠县乌杨街道青岭村部分地块成交结果公示,2020/3/17,忠县乌杨街道青岭村部分地块成交结果公示,,|土地面积(平方米)|地块名称|受让单位|成交时间,|出让年限,|成交价(万元),,,,,,,,,,,,,,,,,,,,2020/4/28 14:56,https://www.cqggzy.com/xxhz/014004/014004004/20200317/3ebe027a-f858-4e18-be00-6719c93aa020.html,77dd32e46ed5669844b57fc64d65121a
海螺二期石灰石矿山破碎站及附属设施地块成交结果公示,2020/3/17,海螺二期石灰石矿山破碎站及附属设施地块成交结果公示,,|土地面积(平方米)|地块名称|受让单位|成交时间,|出让年限,|成交价(万元),,,,,,,,,,,,,,,,,,,,2020/4/28 14:56,https://www.cqggzy.com/xxhz/014004/014004004/20200317/377cf83b-a3ad-4f6e-8720-8d13185b8491.html,a84948535e2c27dd5ce7a95b62242cfd
垫江县桂阳街道朝阳路东侧1号地块使用权挂牌出让中标公示,2020/3/19,垫江县桂阳街道朝阳路东侧1号地块使用权挂牌出让中标公示,,,,,,,,,,,,,,,,,,,,,,74684675、74684676,,2020/4/28 14:56,https://www.cqggzy.com/xxhz/014004/014004004/20200320/493a57fa-3c53-416c-b413-6452e95ab59f.html,8c78d8c21272a3755f6fe520569ca121
垫江县桂阳街道长安大道南侧东方大道汽车产业园东侧地块使用权挂牌出让中标公示,2020/3/20,垫江县桂阳街道长安大道南侧东方大道汽车产业园东侧地块使用权挂牌出让中标公示,,,,,,,,,,,,,,,,,,,,,,74684675、74684676,,2020/4/28 14:56,https://www.cqggzy.com/xxhz/014004/014004004/20200323/a78cb1a3-c30b-4ff9-a33a-a5cfaec45887.html,f6de9760be30a513ccc66f955f389096
1955号国有地使用权招拍挂出让成交结果公布,2020/3/23,1955号国有地使用权招拍挂出让成交结果公布,,1955,大足工业园区（龙水镇西一社区5组）,工业用地,6331,,,,,,,,50年,111.15,重庆肖氏厨具制造有限公司,,,,其他需要说明的宗地情况：1、以上宗地土地用途为二类工业用地（M2）；2、出让年限为工业50年；3、其他指标详见《建设用地规划条件》（足规园字〔2019〕015号）；4、该宗土地出让总价款为111.15万元；5、出让价款中不含土地交易契税。6、出让公告同时在中国土地市场网、重庆市大足区公共资源综合交易网（网址：http://ggzyjy.dazu.gov.cn）发布。,,,,,2020/4/28 14:56,https://www.cqggzy.com/xxhz/014004/014004004/20200326/e3047db2-9d11-4f57-8cd8-88458d1364bf.html,78b127092967bf14db782a42532256ab
1953号国有地使用权招拍挂出让成交结果公布,2020/3/23,1953号国有地使用权招拍挂出让成交结果公布,,1953,,工业用地,6770,,,,,,,,50年,152.25,重庆市大足区盛航塑胶有限公司,,,,其他需要说明的宗地情况：1、以上宗地土地用途为二类工业用地（M2）；2、出让年限为工业50年；3、其他指标详见《建设用地规划条件》（足规园字〔2019〕017号）；4、该宗土地出让总价款为152.25万元；5、出让价款中不含土地交易契税。6、出让公告同时在中国土地市场网、重庆市大足区公共资源综合交易网（网址：http://ggzyjy.dazu.gov.cn）发布。,,,,,2020/4/28 14:56,https://www.cqggzy.com/xxhz/014004/014004004/20200326/a2e48896-9f6f-43da-b6ea-507fea68fd40.html,08fb0be248019c5bc329043e5e568619
巫山县WS2020-8号宗地国有土地使用权挂牌出让结果公示,2020/3/23,巫山县WS2020-8号宗地国有土地使用权挂牌出让结果公示,,WS2020-8号,,其他商服用地,,小于或等于0.8,,,,,,,,,,,,,,,,,,2020/4/28 14:56,https://www.cqggzy.com/xxhz/014004/014004004/20200330/6ec52096-0536-4a3a-87b5-d33e94e9d69f.html,0b00fb3516ac623a5f7217342cb661dc
1957号国有地使用权招拍挂出让成交结果公布,2020/3/23,1957号国有地使用权招拍挂出让成交结果公布,,1957,万古镇大雄社区2组,工业用地,13458,,,,,,,,50年,161.52,重庆畅路永通管业有限公司,,,,其他需要说明的宗地情况：1、以上宗地土地用途为二类工业用地（M2）；2、出让年限为工业50年；3、其他指标详见《建设用地规划条件》（足规高字〔2019〕012号）；4、该宗土地出让总价款为161.52万元；5、出让价款中不含土地交易契税。6、出让公告同时在中国土地市场网、重庆市大足区公共资源综合交易网（网址：http://ggzyjy.dazu.gov.cn）发布。,,,,,2020/4/28 14:56,https://www.cqggzy.com/xxhz/014004/014004004/20200326/5e1d46f7-b1a5-437a-a3f4-77ffe8490ab8.html,90b79af145f1774aac7320a2aae7131e
1958号国有地使用权招拍挂出让成交结果公布,2020/3/23,1958号国有地使用权招拍挂出让成交结果公布,,1958,万古镇大雄社区2、3组,工业用地,19003,,,,,,,,50年,196.65,重庆熊氏运升汽车零部件有限公司,,,,其他需要说明的宗地情况：1、以上宗地土地用途为二类工业用地（M2）；2、出让年限为工业50年；3、其他指标详见《建设用地规划条件》（足规高字〔2019〕011号）；4、该宗土地出让总价款为196.65万元；5、出让价款中不含土地交易契税。6、出让公告同时在中国土地市场网、重庆市大足区公共资源综合交易网（网址：http://ggzyjy.dazu.gov.cn）发布。,,,,,2020/4/28 14:56,https://www.cqggzy.com/xxhz/014004/014004004/20200326/02a9a76b-0815-40a4-9cf1-ea90c7a88ba1.html,195aaae24ff2291a9812e26ccba40c0d
1954号国有地使用权招拍挂出让成交结果公布,2020/3/23,1954号国有地使用权招拍挂出让成交结果公布,,1954,大足工业园区（龙水镇江明村5组）,工业用地,5040,,,,,,,,50年,89.208,重庆市大足区海博机械有限公司,,,,其他需要说明的宗地情况：1、以上宗地土地用途为二类工业用地（M2）；2、出让年限为工业50年；3、其他指标详见《建设用地规划条件》（足规园字〔2019〕016号）；4、该宗土地出让总价款为89.208万元；5、出让价款中不含土地交易契税。6、出让公告同时在中国土地市场网、重庆市大足区公共资源综合交易网（网址：http://ggzyjy.dazu.gov.cn）发布。,,,,,2020/4/28 14:56,https://www.cqggzy.com/xxhz/014004/014004004/20200326/a6323c60-f1c1-4aa0-ac74-e5c40f4f3a43.html,522f7640833c416d947634e96c3f4625
1952号国有地使用权招拍挂出让成交结果公布,2020/3/23,1952号国有地使用权招拍挂出让成交结果公布,,1952,大足工业园区（龙水镇十里社区1组）,工业用地,11084,,,,,,,,50年,199.56,重庆足龙科技有限公司,,,,其他需要说明的宗地情况：1、以上宗地土地用途为二类工业用地（M2）；2、出让年限为工业50年；3、其他指标详见《建设用地规划条件》（足规园字〔2019〕014号）；4、该宗土地出让总价款为199.56万元；5、出让价款中不含土地交易契税。6、出让公告同时在中国土地市场网、重庆市大足区公共资源综合交易网（网址：http://ggzyjy.dazu.gov.cn）发布。,,,,,2020/4/28 14:56,https://www.cqggzy.com/xxhz/014004/014004004/20200326/18c9813c-9170-4077-b13d-72f78180d108.html,2e9c311953797cf6ca3604c7fec93f12
两江新区龙兴组团J分区 J44-8地块、 J45-1地块（20017）,2020/3/23,两江新区龙兴组团J分区 J44-8地块、 J45-1地块（20017）,20017,,两江新区龙兴组团J分区 J44-8地块、 J45-1地块,二类居住用地|为二类居住用地,104284.4,,,,,,≤13292257,拍卖,,60500,重庆两江新区新太置业发展有限公司,土地用途为二类居住用地,2020/3/20,,,,,,,2020/4/28 14:56,https://www.cqggzy.com/xxhz/014004/014004004/20200323/79b66682-3f00-4dd3-b53e-91985bcce62c.html,5179c1d4d78eb768b9cc2cd268d1a469
巴南区界石组团D分区D22-1/01（部分3）地块（G20009）,2020/3/23,巴南区界石组团D分区D22-1/01（部分3）地块（G20009）,G20009,,巴南区界石组团D分区D22-1/01（部分3）地块,二类工业用地,66879,0.7≤容积率≤1.5,,,,,,挂牌,,2368,珂蓝（重庆）生物医药科技有限责任公司,产业类别为医药制造业,2020/3/20,,,,,,,2020/4/28 14:56,https://www.cqggzy.com/xxhz/014004/014004004/20200323/96b7faa6-d02f-494b-a2a4-da7a3b526704.html,62191d2724d6fb834080cc0aa751e703
合规资告字[2020]5号成交公示,2020/3/25,合规资告字[2020]5号成交公示,,|HC19-120-5|HC19-120-8,|合川钱塘镇产业园区|合川钱塘镇产业园区,,|6763|13723,,,,,,,,,|91.3005|247.014,,,,,,,,,,2020/4/28 14:56,https://www.cqggzy.com/xxhz/014004/014004004/20200326/e6a61c26-1517-4678-b3cf-23f091cf4e07.html,38a936bea7eaf28366231463536269bf
重庆市梁平区国有建设用地使用权 （LP-1-319）土地出让成交公示,2020/3/25,重庆市梁平区国有建设用地使用权 （LP-1-319）土地出让成交公示,,LP-1-319,,工业用地,,,,,,,,,,105,重庆市冠美廷陶瓷有限公司,,,,,,,023-53230693,,2020/4/28 14:56,https://www.cqggzy.com/xxhz/014004/014004004/20200403/d86d1d0a-e870-48a2-823f-bc9271fec671.html,1748ba769d8c10c356c0344a3b4c9b70
合规资告字[2020]4号成交公示,2020/3/25,合规资告字[2020]4号成交公示,,|HC20-003-4,|合川区工业园区核心区,,|9887,,,,,,,,,|322.3162,,,,,,,,,,2020/4/28 14:56,https://www.cqggzy.com/xxhz/014004/014004004/20200326/032b9fcc-a94d-4c97-a007-b2df7f3d2d99.html,0bb09de582dea743d6d6a9f69f9971a4
垫江工业园区县城组团内dj2019-1-035号地块使用权挂牌出让中标公示,2020/3/26,垫江工业园区县城组团内dj2019-1-035号地块使用权挂牌出让中标公示,,,,,,,,,,,,,,,,,,,,,,74684675、74684676,,2020/4/28 14:56,https://www.cqggzy.com/xxhz/014004/014004004/20200327/d4b27f96-fd29-444c-ac3b-b483a8df1a7d.html,a202b79229bc30ec172135380e132aa0
江津区白沙工业园二期组团G3-01/02号-01国有建设用地公开出让挂牌成交公示,2020/3/26,江津区白沙工业园二期组团G3-01/02号-01国有建设用地公开出让挂牌成交公示,,,：江津区白沙工业园,,,,,,,,,,,,,,,,,,,023-47217310,,2020/4/28 14:56,https://www.cqggzy.com/xxhz/014004/014004004/20200327/4acd44a1-1214-4553-a151-fd61f29cbb1c.html,eedf9d36990a93368dbfa250d7bfd438
垫江工业园区澄溪组团内dj2019-11-036号地块挂牌出让中标公示,2020/3/26,垫江工业园区澄溪组团内dj2019-11-036号地块挂牌出让中标公示,,,,,,,,,,,,,,,,,,,,,,74684675、74684676,,2020/4/28 14:56,https://www.cqggzy.com/xxhz/014004/014004004/20200327/dd9a5d3d-17fa-446a-9516-429a269b63b8.html,e6a438f9939325c216e527e4c5162711
江津区白沙工业园二期组团G3-01/02号-01国有建设用地公开出让挂牌成交公示,2020/3/26,江津区白沙工业园二期组团G3-01/02号-01国有建设用地公开出让挂牌成交公示,,,：江津区白沙工业园,,,,,,,,,,,,,,,,,,,023-47217310,,2020/4/28 14:56,https://www.cqggzy.com/xxhz/014004/014004004/20200402/d9b8c6b1-7f42-46c1-a9ac-667ef1526761.html,031e79d70cd7d4a4c8032bccca083ef8
工业园区人和组团R-A15-01/02号地块国有建设用地,2020/3/27,工业园区人和组团R-A15-01/02号地块国有建设用地,,YUNYANG-3-出让-35号）使用权。现将有关事项确认如下,,,,,,,,,,,,,,,,,,,,,,2020/4/28 14:56,https://www.cqggzy.com/xxhz/014004/014004004/20200407/420436c2-4603-4b48-afb7-624b1ea0db03.html,43c8c297940434584ab01ed69ec56549
渝北区两路组团F分区F35-1/03、F35-2-1/04、F35-2-2/04地块（20018）,2020/3/27,渝北区两路组团F分区F35-1/03、F35-2-1/04、F35-2-2/04地块（20018）,20018,,渝北区两路组团F分区F35-1/03、F35-2-1/04、F35-2-2/04地块,二类居住用地|为二类居住用地,81114,,,,,,≤162228,拍卖,,150000,重庆荣盛坤创房地产开发有限公司,土地用途为二类居住用地,2020/3/25,,,,,,,2020/4/28 14:56,https://www.cqggzy.com/xxhz/014004/014004004/20200327/3125938a-b043-4024-8ed7-b0cb8c9d0560.html,cd3c953c3186c44de989174fbd2df16e
渝北区两路组团F分区F37-3/04地块（20019）,2020/3/27,渝北区两路组团F分区F37-3/04地块（20019）,20019,,渝北区两路组团F分区F37-3/04地块,二类居住用地|为二类居住用地,39636,,,,,,≤59454,拍卖,,59200,重庆柏景铭厦置业有限公司,土地用途为二类居住用地,2020/3/25,,,,,,,2020/4/28 14:56,https://www.cqggzy.com/xxhz/014004/014004004/20200327/0c507782-f9f5-40d4-aa1c-ca070e16ded1.html,0f34b3a3f5d55242535d7cf734313996
潼南工业园区南区C8-10/01号地块,2020/3/30,潼南工业园区南区C8-10/01号地块,,(宗地编号TN2020-5) ,,工业用地,,,,,,,,,,,,按规划要求执行,,,,,,,,2020/4/28 14:56,https://www.cqggzy.com/xxhz/014004/014004004/20200409/8f1d23a8-6249-47ac-bc36-5eb3a61e9974.html,1629e0706c2ee6eda2e07c93f8fbd314
江津区国有建设用地公开出让挂牌成交公示,2020/3/30,江津区国有建设用地公开出让挂牌成交公示,,,：江津区珞璜工业园,,,,,,,,,,,,,,,,,,,023-47217310,,2020/4/28 14:56,https://www.cqggzy.com/xxhz/014004/014004004/20200402/966ca2a9-f630-4a3a-a4d5-055b7463f0eb.html,dbae447a30b3b1a5e04a7aa92b7537ac
江津区国有建设用地公开出让挂牌成交公示,2020/3/30,江津区国有建设用地公开出让挂牌成交公示,,,：江津区柏林镇东胜村,,,,,,,,,,,,,,,,,,,023-47217310,,2020/4/28 14:56,https://www.cqggzy.com/xxhz/014004/014004004/20200402/25b39723-17ac-4f72-8b52-0a9349d39295.html,091972f550b57c6a38391009ff102edb
北碚区蔡家组团L标准分区L33-6-2/07、L33-7/05、L47-1/06、L48-2-1/07地块（20020）,2020/3/30,北碚区蔡家组团L标准分区L33-6-2/07、L33-7/05、L47-1/06、L48-2-1/07地块（20020）,20020,,北碚区蔡家组团L标准分区L33-6-2/07、L33-7/05、L47-1/06、L48-2-1/07地块,二类居住用地|为二类居住用地,136191.7,,,,,,≤204287.5,拍卖,,137500,重庆金科中俊房地产开发有限公司,土地用途为二类居住用地,2020/3/30,,,,,,,2020/4/28 14:56,https://www.cqggzy.com/xxhz/014004/014004004/20200330/ef257012-e88a-4843-9e87-a5ce4253cdc4.html,84212e2c25a58996e8237d9fea9a7a82
巴南区李家沱组团B分区B-3-2/04地块（20021）,2020/3/30,巴南区李家沱组团B分区B-3-2/04地块（20021）,20021,,巴南区李家沱组团B分区B-3-2/04地块,二类居住用地|为二类居住用地,66926,,,,,,≤133852,拍卖,,84500,重庆柏景铭厦置业有限公司、重庆东仕鑫房地产开发有限公司,土地用途为二类居住用地,2020/3/30,,,,,,,2020/4/28 14:56,https://www.cqggzy.com/xxhz/014004/014004004/20200330/646ea09b-f9d3-488a-bbc7-bae598c18c0c.html,0a0e30b75d72d26f1785d5d9752369e5
梁平区国有建设用地使用权出让（LP-1-402）,2020/2/17,梁平区国有建设用地使用权出让（LP-1-402）,,LP-1-402,,工业用地,,,,,,,,,,9293,重庆梁平工业园区建设开发有限责任公司,,,,,,,023-53230693,,2020/4/28 14:56,https://www.cqggzy.com/xxhz/014004/014004004/20200303/b2dc4aef-93d1-4baf-a416-0e0c2599cad3.html,d93d03da5bc857096bb27e9257dfef3b
北碚区北碚组团B分区B13-3-1/03号宗地（20004）,2020/2/19,北碚区北碚组团B分区B13-3-1/03号宗地（20004）,20004,,北碚区北碚组团B分区B13-3-1/03号宗地,二类居住用地|为二类居住用地,44014,,,,,,≤66021,拍卖,,38800,安徽恒泰房地产开发有限责任公司、重庆宏御天辰房地产开发有限公司,土地用途为二类居住用地,2020/2/17,,,,,,,2020/4/28 14:56,https://www.cqggzy.com/xxhz/014004/014004004/20200219/eca86dcb-b291-40c5-8217-9d569b6d9fa4.html,61f4f61e20e0c97ebd9fc65651582201
ZJ01-1914号国有地使用权招拍挂出让成交结果公布,2020/1/22,ZJ01-1914号国有地使用权招拍挂出让成交结果公布,,ZJ01-1914,大足区龙岗街道明星社区3组,商服用地,,,,,,,,,40年,35.435,唐苹文,,,,,,,,,2020/4/28 14:56,https://www.cqggzy.com/xxhz/014004/014004004/20200203/ac88d791-80b6-45b8-a3bf-f7d0c2b0f151.html,4dafb0d51328dcd538f6308d61a49b39
ZJ04-1944号国有地使用权招拍挂出让成交结果公布,2020/1/22,ZJ04-1944号国有地使用权招拍挂出让成交结果公布,,ZJ04-1944,大足区中敖镇观寺村2组,商服用地,,,,,,,,,40年,238.1286,重庆市蚕业科学技术研究院,,,,,,,,,2020/4/28 14:56,https://www.cqggzy.com/xxhz/014004/014004004/20200203/dc715f6d-5283-415e-8675-0c81960890d6.html,6985ba8422973fae138b92219eecaedc
北碚区蔡家组团R标准分区R26-3/04、R27-2-1/04、R27-2-4/04号宗地（20001）,2020/1/22,北碚区蔡家组团R标准分区R26-3/04、R27-2-1/04、R27-2-4/04号宗地（20001）,20001,,北碚区蔡家组团R标准分区R26-3/04、R27-2-1/04、R27-2-4/04号宗地,二类居住用地|为二类居住用地,97476,,,,,,≤125520,挂牌,,80060,重庆渝开发股份有限公司,土地用途为二类居住用地,2020/1/21,,,,,,,2020/4/28 14:56,https://www.cqggzy.com/xxhz/014004/014004004/20200122/5df5c534-de7e-4fe8-8e58-3630c7e1b431.html,35327c26bd463b3b046256950bb171eb
两江新区悦来组团D分区D39-1、D40-1、D40-2、D37-3、D36-2、D43-3号宗地（20002）,2020/1/22,两江新区悦来组团D分区D39-1、D40-1、D40-2、D37-3、D36-2、D43-3号宗地（20002）,20002,,两江新区悦来组团D分区D39-1、D40-1、D40-2、D37-3、D36-2、D43-3号宗地,二类居住用地、商业用地、商务用地、其他商务用地|为二类居住用地、商业用地、商务用地、其他商务用地,131121.9,,,,,,≤205567.49,拍卖,,145000,重庆万悦置业有限公司,土地用途为二类居住用地、商业用地、商务用地、其他商务用地,2020/1/21,,,,,,,2020/4/28 14:56,https://www.cqggzy.com/xxhz/014004/014004004/20200122/7dcd19d5-8a8a-48bd-ad8b-27c695335c75.html,9fc950d180b53f18e1fb5d7e062369c6
两江新区悦来组团D分区D35-3、D36-5、D39-4、D34-2、D35-4号宗地（20003）,2020/1/22,两江新区悦来组团D分区D35-3、D36-5、D39-4、D34-2、D35-4号宗地（20003）,20003,,两江新区悦来组团D分区D35-3、D36-5、D39-4、D34-2、D35-4号宗地,二类居住用地、商业用地、商务用地、其他商务用地|为二类居住用地、商业用地、商务用地、其他商务用地,109097.3,,,,,,≤248967.79,拍卖,,155000,重庆万悦置业有限公司,土地用途为二类居住用地、商业用地、商务用地、其他商务用地,2020/1/21,,,,,,,2020/4/28 14:56,https://www.cqggzy.com/xxhz/014004/014004004/20200122/e6055c9c-ea3f-4133-a13e-2d9e59828d93.html,fc21ef6689a8ac5e17042ade80c83117
两江新区水土组团A分区A20/02号宗地（G20001）,2020/1/22,两江新区水土组团A分区A20/02号宗地（G20001）,G20001,,两江新区水土组团A分区A20/02号宗地 ,一类工业用地,49166.9,1.0≤容积率≤1.5,,,,,,挂牌,,2803,重庆万国宏通数据科技有限公司,产业类别为新一代信息技术产业,2020/1/21,,,,,,,2020/4/28 14:56,https://www.cqggzy.com/xxhz/014004/014004004/20200122/56fdadec-9d0b-4832-b52a-27666d40c7b1.html,8d8570c729ae853139f295013a4ff3b1
